ply
format ascii 1.0
element vertex 4485
property float x
property float y
property float z
property uchar red
property uchar green
property uchar blue
end_header
0.10273519158363342 -0.24321962893009186 0.5184465050697327 128 128 128
-0.08879763633012772 -0.22121873497962952 0.48604437708854675 128 128 128
0.11627575755119324 -0.21900899708271027 0.5245628356933594 128 128 128
0.056172169744968414 -0.20260652899742126 0.5037848353385925 128 128 128
0.12835253775119781 -0.20836573839187622 0.5204230546951294 128 128 128
0.08772359043359756 -0.1942073255777359 0.5175989270210266 128 128 128
0.09939511120319366 -0.19129367172718048 0.509570300579071 128 128 128
0.18031297624111176 -0.2039044201374054 0.5456067323684692 128 128 128
-0.12673035264015198 -0.17292296886444092 0.47052711248397827 128 128 128
0.31922629475593567 -0.21984374523162842 0.6119292378425598 128 128 128
0.35554924607276917 -0.22296546399593353 0.6228042840957642 128 128 128
0.10029087960720062 -0.18053855001926422 0.5166311860084534 128 128 128
0.08610069006681442 -0.15745313465595245 0.5145190358161926 128 128 128
0.1357051581144333 -0.15439949929714203 0.50492924451828 128 128 128
0.003457391634583473 -0.1442074179649353 0.4984968900680542 128 128 128
0.12586024403572083 -0.14508672058582306 0.5191325545310974 128 128 128
0.16019240021705627 -0.1484227031469345 0.5310766696929932 128 128 128
0.17416991293430328 -0.1488133668899536 0.5325726866722107 128 128 128
-0.009488899260759354 -0.13214151561260223 0.5028274059295654 128 128 128
0.09184817224740982 -0.1318114697933197 0.5013870000839233 128 128 128
0.15078648924827576 -0.13516497611999512 0.515060305595398 128 128 128
0.20196735858917236 -0.1355321705341339 0.5361651182174683 128 128 128
0.2319459170103073 -0.13714206218719482 0.5422619581222534 128 128 128
0.13716724514961243 -0.12150277942419052 0.5143135786056519 128 128 128
0.1482831984758377 -0.12004964053630829 0.5077217817306519 128 128 128
0.07862589508295059 -0.10952477157115936 0.5011416673660278 128 128 128
0.18173331022262573 -0.1040346696972847 0.49482807517051697 128 128 128
0.2222825586795807 -0.10935060679912567 0.5215651392936707 128 128 128
-0.051712095737457275 -0.09945697337388992 0.4978739619255066 128 128 128
0.09212202578783035 -0.09730774909257889 0.507046639919281 128 128 128
0.23829294741153717 -0.09709672629833221 0.5285949110984802 128 128 128
-0.001601939438842237 -0.08630111813545227 0.49581289291381836 128 128 128
0.048181261867284775 -0.08610819280147552 0.49398794770240784 128 128 128
0.17281848192214966 -0.08409533649682999 0.5067424774169922 128 128 128
-0.061176981776952744 -0.07869882881641388 0.5061632394790649 128 128 128
0.3108277916908264 -0.09134471416473389 0.5817450881004333 128 128 128
-0.014043665491044521 -0.07231269776821136 0.49209851026535034 128 128 128
-0.00167627923656255 -0.07296882569789886 0.49756091833114624 128 128 128
0.10361843556165695 -0.07383496314287186 0.5018280744552612 128 128 128
-0.05512083321809769 -0.06355497986078262 0.4901101589202881 128 128 128
-0.03938394412398338 -0.06450778990983963 0.4991849362850189 128 128 128
-0.0266021266579628 -0.06375843286514282 0.49518975615501404 128 128 128
0.04771677777171135 -0.06336045265197754 0.4900848865509033 128 128 128
0.08565650880336761 -0.060144249349832535 0.49533942341804504 128 128 128
0.14127998054027557 -0.060486774891614914 0.5009092092514038 128 128 128
0.15240347385406494 -0.059948958456516266 0.49605992436408997 128 128 128
-0.12974339723587036 -0.05483129620552063 0.4923580288887024 128 128 128
-0.11598950624465942 -0.053863525390625 0.4866841733455658 128 128 128
-0.06452886760234833 -0.0556819848716259 0.4993932545185089 128 128 128
-0.014334372244775295 -0.05186046287417412 0.5037868022918701 128 128 128
0.023544354364275932 -0.05122719705104828 0.4997592866420746 128 128 128
0.060585152357816696 -0.05092911422252655 0.4939820170402527 128 128 128
-0.12955594062805176 -0.045644987374544144 0.4918246865272522 128 128 128
0.010992796160280704 -0.042491666972637177 0.4988200068473816 128 128 128
0.31422194838523865 -0.046201881021261215 0.5225034356117249 128 128 128
0.03625957667827606 -0.038452088832855225 0.5003711581230164 128 128 128
0.07311248034238815 -0.037859708070755005 0.49378225207328796 128 128 128
0.09500086307525635 -0.0399281345307827 0.5228569507598877 128 128 128
0.17388232052326202 -0.033211953938007355 0.48535698652267456 128 128 128
0.18715833127498627 -0.03369634971022606 0.488179475069046 128 128 128
0.2114650309085846 -0.0347779281437397 0.5069077610969543 128 128 128
0.2294311821460724 -0.03585897013545036 0.5187061429023743 128 128 128
-0.0014771155547350645 -0.029856476932764053 0.5062822103500366 128 128 128
0.011273734271526337 -0.029752328991889954 0.5056774616241455 128 128 128
0.16143278777599335 -0.02657173201441765 0.5238516330718994 128 128 128
0.1693248599767685 -0.02562091499567032 0.5077338218688965 128 128 128
-0.05246913433074951 -0.020660867914557457 0.5071904063224792 128 128 128
0.2136680781841278 -0.021060336381196976 0.49152669310569763 128 128 128
0.2193886786699295 -0.02054077945649624 0.47690320014953613 128 128 128
0.08730752021074295 -0.016188539564609528 0.5016276240348816 128 128 128
-0.1030770018696785 -0.011630176566541195 0.5052044987678528 128 128 128
0.17329208552837372 -0.012595534324645996 0.5185166597366333 128 128 128
0.20668759942054749 -0.01265058945864439 0.5040506720542908 128 128 128
0.011650322005152702 -0.007297861389815807 0.5061691403388977 128 128 128
0.03734336793422699 -0.0074083744548261166 0.5083467364311218 128 128 128
-0.14092761278152466 -0.0023202761076390743 0.5045347809791565 128 128 128
0.1510932892560959 -0.0037397239357233047 0.5320202112197876 128 128 128
0.21606126427650452 0.00016434866120107472 0.5260264277458191 128 128 128
0.032857608050107956 0.005649853032082319 0.5016399621963501 128 128 128
0.0508660227060318 0.0057544526644051075 0.5128905177116394 128 128 128
0.07091362774372101 0.0056111677549779415 0.5018960237503052 128 128 128
0.09621143341064453 0.005720736458897591 0.501231849193573 128 128 128
-0.05575847253203392 0.014968404546380043 0.5037176012992859 128 128 128
-0.042880021035671234 0.015154043212532997 0.5023269653320312 128 128 128
-0.030529191717505455 0.014787235297262669 0.5062699317932129 128 128 128
0.007724106311798096 0.014535045251250267 0.500745952129364 128 128 128
0.23522666096687317 0.01232994720339775 0.5095923542976379 128 128 128
-0.14143052697181702 0.01999150589108467 0.5076282620429993 128 128 128
-0.12895141541957855 0.019738471135497093 0.5087347030639648 128 128 128
0.1311824470758438 0.01898176595568657 0.5215994715690613 128 128 128
-0.08034906536340714 0.023452330380678177 0.49941593408584595 128 128 128
-0.0678296610713005 0.02355683222413063 0.5001720786094666 128 128 128
-0.04334928095340729 0.02413172461092472 0.5096825361251831 128 128 128
-0.16359920799732208 0.030072547495365143 0.5245837569236755 128 128 128
0.04729868471622467 0.028132840991020203 0.5154208540916443 128 128 128
0.14266780018806458 0.03176286444067955 0.5140266418457031 128 128 128
0.05476362630724907 0.04035715386271477 0.5006664395332336 128 128 128
0.022028902545571327 0.051152125000953674 0.5158500671386719 128 128 128
0.035573698580265045 0.05172932147979736 0.523620069026947 128 128 128
0.15129885077476501 0.056668661534786224 0.5424818396568298 128 128 128
-0.017060253769159317 0.06029989570379257 0.5184760093688965 128 128 128
0.2059461921453476 0.059908609837293625 0.5420369505882263 128 128 128
0.18427979946136475 -0.43497195839881897 0.8080425262451172 128 128 128
0.09450880438089371 -0.36651334166526794 0.7963377833366394 128 128 128
0.11462341994047165 -0.3744798004627228 0.811596155166626 128 128 128
-0.06376119703054428 -0.3131636679172516 0.7233139276504517 128 128 128
0.14027239382266998 -0.33041226863861084 0.7677544951438904 128 128 128
0.15493179857730865 -0.3255127966403961 0.7559850811958313 128 128 128
-0.15958884358406067 -0.21643799543380737 0.6425358653068542 128 128 128
0.20506039261817932 -0.23617233335971832 0.6565181016921997 128 128 128
0.2805618941783905 -0.19786658883094788 0.5715422630310059 128 128 128
0.1964234709739685 -0.2345748394727707 0.6812586188316345 128 128 128
0.05110929533839226 -0.2306736409664154 0.7205297350883484 128 128 128
0.09946142137050629 -0.23294474184513092 0.7227765321731567 128 128 128
0.21115431189537048 -0.19552084803581238 0.6357442736625671 128 128 128
0.2865254878997803 -0.16415926814079285 0.5586596131324768 128 128 128
0.033767785876989365 -0.21050593256950378 0.7150910496711731 128 128 128
0.0651836171746254 -0.21262675523757935 0.7167764902114868 128 128 128
0.11110291630029678 -0.20991194248199463 0.7050691246986389 128 128 128
0.322992205619812 -0.13576467335224152 0.5322838425636292 128 128 128
0.17511248588562012 -0.1712246984243393 0.6560508608818054 128 128 128
0.10362978279590607 -0.16248171031475067 0.6782445907592773 128 128 128
0.15987375378608704 -0.15602977573871613 0.6586350202560425 128 128 128
0.14262156188488007 -0.14936710894107819 0.6507774591445923 128 128 128
0.19103023409843445 -0.13811874389648438 0.6158129572868347 128 128 128
0.04243874549865723 -0.14459140598773956 0.6767680048942566 128 128 128
0.026530807837843895 -0.13685637712478638 0.6682158708572388 128 128 128
0.26247501373291016 -0.10395614802837372 0.557567298412323 128 128 128
0.059943728148937225 -0.120921291410923 0.6674835085868835 128 128 128
0.0743129774928093 -0.12077358365058899 0.6658117771148682 128 128 128
0.1759251356124878 -0.10855335742235184 0.6192971467971802 128 128 128
0.19140107929706573 -0.09478244930505753 0.5798611640930176 128 128 128
0.2529557943344116 -0.08244708925485611 0.5401854515075684 128 128 128
-0.12730923295021057 -0.08740200847387314 0.6267614960670471 128 128 128
-0.06392911821603775 -0.0972723439335823 0.6546558737754822 128 128 128
0.05815710872411728 -0.10419992357492447 0.6659033298492432 128 128 128
0.20548759400844574 -0.07958332449197769 0.5837512016296387 128 128 128
0.21604566276073456 -0.07718725502490997 0.5740379691123962 128 128 128
-0.14115668833255768 -0.07045920193195343 0.620309591293335 128 128 128
-0.07941828668117523 -0.08010395616292953 0.6532853245735168 128 128 128
-0.06505031138658524 -0.08154691010713577 0.656473696231842 128 128 128
-0.05034738406538963 -0.08254346251487732 0.6568704843521118 128 128 128
-0.016592208296060562 -0.08504785597324371 0.6606778502464294 128 128 128
0.041978638619184494 -0.08719905465841293 0.6635005474090576 128 128 128
-0.09598387777805328 -0.07080795615911484 0.6313022375106812 128 128 128
0.054122164845466614 -0.07851409912109375 0.6372171640396118 128 128 128
0.13517071306705475 -0.07412055879831314 0.6182301044464111 128 128 128
0.14652042090892792 -0.07187511026859283 0.6059512495994568 128 128 128
0.32453855872154236 -0.04758323356509209 0.5159197449684143 128 128 128
-0.13896681368350983 -0.05684090033173561 0.6271113157272339 128 128 128
-0.0034924433566629887 -0.06278003007173538 0.6484724283218384 128 128 128
0.0248961690813303 -0.06323202699422836 0.6451416611671448 128 128 128
0.0908823013305664 -0.05429881811141968 0.6104031801223755 128 128 128
0.20383970439434052 -0.04384035989642143 0.5719786882400513 128 128 128
-0.06550333648920059 -0.03751993179321289 0.6280927658081055 128 128 128
-0.0050209201872348785 -0.040056463330984116 0.6262665390968323 128 128 128
0.16073712706565857 -0.02736683376133442 0.5682923197746277 128 128 128
-0.052396923303604126 -0.02281581610441208 0.6273300647735596 128 128 128
0.03570105507969856 -0.0252622552216053 0.6307561993598938 128 128 128
0.2279793620109558 0.0028333254158496857 0.5383981466293335 128 128 128
0.26884689927101135 0.006296319887042046 0.5212602615356445 128 128 128
-0.007964723743498325 -0.0039655729196965694 0.6190046668052673 128 128 128
0.045735716819763184 -0.004096977412700653 0.6051522493362427 128 128 128
0.1843029260635376 0.017671404406428337 0.5538176894187927 128 128 128
-0.04004247114062309 0.016747742891311646 0.5988361239433289 128 128 128
0.03357919678092003 0.03062559850513935 0.5950321555137634 128 128 128
-0.02347523160278797 0.035651203244924545 0.5918323397636414 128 128 128
0.10729657858610153 0.036377523094415665 0.5633172988891602 128 128 128
-0.02437136508524418 0.04988105222582817 0.586585283279419 128 128 128
0.08136487007141113 0.0817408338189125 0.5570318698883057 128 128 128
0.2018408626317978 -0.6069892048835754 1.2124114036560059 128 128 128
-0.20790953934192657 -0.530241072177887 1.0867323875427246 128 128 128
0.20023389160633087 -0.5847361087799072 1.2086409330368042 128 128 128
0.7592442035675049 -0.5465501546859741 1.1224007606506348 128 128 128
0.33520156145095825 -0.5767146348953247 1.2266281843185425 128 128 128
-0.07689906656742096 -0.49123966693878174 1.0455639362335205 128 128 128
-0.34469524025917053 -0.5101739764213562 1.1086326837539673 128 128 128
-0.27502280473709106 -0.5034617781639099 1.0926616191864014 128 128 128
-0.2596030831336975 -0.5086395144462585 1.1049277782440186 128 128 128
0.23323625326156616 -0.5159448981285095 1.1293762922286987 128 128 128
0.2553922235965729 -0.5211388468742371 1.141935110092163 128 128 128
0.3112902343273163 -0.5513535737991333 1.213253378868103 128 128 128
-0.31796950101852417 -0.49182596802711487 1.1113276481628418 128 128 128
-0.29839155077934265 -0.4902558922767639 1.1080611944198608 128 128 128
-0.28075647354125977 -0.49192407727241516 1.1120833158493042 128 128 128
-0.2267032116651535 -0.4779970645904541 1.0790125131607056 128 128 128
-0.14116647839546204 -0.4674711227416992 1.0540724992752075 128 128 128
-0.34307727217674255 -0.4770711064338684 1.1006804704666138 128 128 128
-0.32807454466819763 -0.4809859097003937 1.11187744140625 128 128 128
-0.12584726512432098 -0.45378780364990234 1.0674641132354736 128 128 128
-0.06125574931502342 -0.44505736231803894 1.045853614807129 128 128 128
0.2894427478313446 -0.5114152431488037 1.2122023105621338 128 128 128
0.3435252904891968 -0.5303507447242737 1.2617017030715942 128 128 128
-0.36289525032043457 -0.4693663716316223 1.131469964981079 128 128 128
-0.34661865234375 -0.46092671155929565 1.110122561454773 128 128 128
-0.32747018337249756 -0.4595814347267151 1.1081446409225464 128 128 128
-0.2591663599014282 -0.4550841152667999 1.095960259437561 128 128 128
0.1231803372502327 -0.4627448320388794 1.111672282218933 128 128 128
-0.32767707109451294 -0.4400016963481903 1.1076457500457764 128 128 128
-0.24324843287467957 -0.4233519434928894 1.0647422075271606 128 128 128
-0.1431730091571808 -0.4189809560775757 1.0538380146026611 128 128 128
0.2079295963048935 -0.4652591645717621 1.1699106693267822 128 128 128
0.2792040705680847 -0.4661512076854706 1.1751859188079834 128 128 128
0.6604803204536438 -0.48182398080825806 1.2109909057617188 128 128 128
0.044120870530605316 -0.41602540016174316 1.068302869796753 128 128 128
0.1214401051402092 -0.40179839730262756 1.031011939048767 128 128 128
0.42903706431388855 -0.5437418818473816 1.4123517274856567 128 128 128
0.5647237300872803 -0.39720383286476135 1.0189971923828125 128 128 128
-0.16217093169689178 -0.4017905294895172 1.0585846900939941 128 128 128
-0.1455449014902115 -0.4047779142856598 1.0669703483581543 128 128 128
-0.07993420213460922 -0.3937186002731323 1.0350539684295654 128 128 128
0.24613797664642334 -0.42589643597602844 1.1199373006820679 128 128 128
0.34733930230140686 -0.4566265642642975 1.2087132930755615 128 128 128
-0.32919979095458984 -0.4106394946575165 1.1104918718338013 128 128 128
-0.2956222891807556 -0.4033597409725189 1.0900691747665405 128 128 128
-0.27725157141685486 -0.4029831886291504 1.0897077322006226 128 128 128
-0.2612820267677307 -0.3933912217617035 1.062382698059082 128 128 128
-0.24537234008312225 -0.3959892690181732 1.0705528259277344 128 128 128
0.08091931790113449 -0.4036082327365875 1.0844178199768066 128 128 128
0.09768488258123398 -0.39683637022972107 1.0649678707122803 128 128 128
0.10396545380353928 -0.3867225646972656 1.0382981300354004 128 128 128
0.121254101395607 -0.38559553027153015 1.0347903966903687 128 128 128
0.1396787464618683 -0.3879571557044983 1.0417166948318481 128 128 128
0.1591338962316513 -0.3921995460987091 1.0533934831619263 128 128 128
0.1780323088169098 -0.39426520466804504 1.059356451034546 128 128 128
0.5976889729499817 -0.46093758940696716 1.2463693618774414 128 128 128
0.5863699913024902 -0.3822553753852844 1.025091528892517 128 128 128
-0.0630267858505249 -0.37510159611701965 1.034988284111023 128 128 128
0.3335637152194977 -0.4472790062427521 1.2369983196258545 128 128 128
0.41805487871170044 -0.4701729416847229 1.3095903396606445 128 128 128
-0.29650136828422546 -0.38454189896583557 1.0921831130981445 128 128 128
-0.24285456538200378 -0.3730807304382324 1.058552861213684 128 128 128
-0.21053722500801086 -0.37874627113342285 1.0750629901885986 128 128 128
-0.1439450979232788 -0.3704107999801636 1.0508280992507935 128 128 128
0.09888844192028046 -0.3861386477947235 1.0920740365982056 128 128 128
0.10468952357769012 -0.3737635910511017 1.0549033880233765 128 128 128
0.16003598272800446 -0.37792184948921204 1.066645622253418 128 128 128
0.19815628230571747 -0.38150620460510254 1.075708270072937 128 128 128
0.6087828278541565 -0.35764357447624207 1.0037025213241577 128 128 128
-0.3801233172416687 -0.3839738070964813 1.1217402219772339 128 128 128
-0.36455702781677246 -0.377850204706192 1.1032146215438843 128 128 128
-0.3678194284439087 -0.37001416087150574 1.1124663352966309 128 128 128
-0.08149353414773941 -0.347202330827713 1.0382275581359863 128 128 128
-0.06427034735679626 -0.34892240166664124 1.0425747632980347 128 128 128
0.25890234112739563 -0.3720206022262573 1.105913758277893 128 128 128
-0.22978730499744415 -0.3502154052257538 1.0784977674484253 128 128 128
-0.21269331872463226 -0.3521360754966736 1.0837889909744263 128 128 128
0.060255616903305054 -0.3509988486766815 1.0723389387130737 128 128 128
0.07776643335819244 -0.348592072725296 1.065933108329773 128 128 128
0.09675086289644241 -0.3523842394351959 1.077483892440796 128 128 128
0.11879472434520721 -0.3377365469932556 1.031992793083191 128 128 128
0.13763120770454407 -0.3411550521850586 1.0440579652786255 128 128 128
0.5123034715652466 -0.30367594957351685 0.9200605154037476 128 128 128
-0.3495670258998871 -0.3497357964515686 1.1132694482803345 128 128 128
-0.029449041932821274 -0.32945945858955383 1.0401721000671387 128 128 128
0.2929428219795227 -0.3492076098918915 1.0972601175308228 128 128 128
-0.19611147046089172 -0.3348328769207001 1.0917762517929077 128 128 128
0.1519857794046402 -0.3171977698802948 1.0243961811065674 128 128 128
0.17288115620613098 -0.32366663217544556 1.0474669933319092 128 128 128
0.1892896443605423 -0.32159921526908875 1.0406943559646606 128 128 128
0.20537365972995758 -0.3195575475692749 1.032842755317688 128 128 128
0.6239891052246094 -0.4732988774776459 1.5356731414794922 128 128 128
-0.3327493965625763 -0.32329100370407104 1.0888158082962036 128 128 128
-0.3149086534976959 -0.3233848512172699 1.0902482271194458 128 128 128
-0.29508814215660095 -0.32208698987960815 1.0847344398498535 128 128 128
-0.26247623562812805 -0.3159131705760956 1.0633070468902588 128 128 128
-0.01238557230681181 -0.31777113676071167 1.0621001720428467 128 128 128
0.005405059549957514 -0.3168588876724243 1.059982419013977 128 128 128
0.02335016056895256 -0.31860220432281494 1.0643056631088257 128 128 128
0.5715789794921875 -0.4659518599510193 1.5610204935073853 128 128 128
0.4383244514465332 -0.330017626285553 1.1011757850646973 128 128 128
0.15397827327251434 -0.3035016655921936 1.040561318397522 128 128 128
0.1724744290113449 -0.3051685690879822 1.046838402748108 128 128 128
0.19266541302204132 -0.3090530335903168 1.0615229606628418 128 128 128
0.23277027904987335 -0.28268104791641235 0.9673817753791809 128 128 128
0.5263965725898743 -0.26996853947639465 0.9153946042060852 128 128 128
-0.23264870047569275 -0.3045494556427002 1.0907800197601318 128 128 128
-0.21406559646129608 -0.3034970462322235 1.0892406702041626 128 128 128
-0.36891359090805054 -0.3004174530506134 1.1152786016464233 128 128 128
-0.3513283431529999 -0.3007493019104004 1.118844747543335 128 128 128
-0.33424094319343567 -0.293745756149292 1.0936367511749268 128 128 128
-0.31712180376052856 -0.2955041527748108 1.0979703664779663 128 128 128
-0.2993910610675812 -0.2960391044616699 1.1005226373672485 128 128 128
-0.28513965010643005 -0.2911054491996765 1.0815144777297974 128 128 128
0.2082015722990036 -0.28712198138237 1.0510550737380981 128 128 128
0.20213192701339722 -0.2675798833370209 0.9788485765457153 128 128 128
0.21004503965377808 -0.25760313868522644 0.9404314756393433 128 128 128
0.38995230197906494 -0.29789066314697266 1.0887848138809204 128 128 128
0.15300671756267548 -0.2737213373184204 1.0358097553253174 128 128 128
0.17698322236537933 -0.284549355506897 1.0758137702941895 128 128 128
0.19389107823371887 -0.2819702625274658 1.0696780681610107 128 128 128
0.20288978517055511 -0.2594224214553833 0.9827553629875183 128 128 128
0.5236400961875916 -0.34170812368392944 1.2843194007873535 128 128 128
0.49289315938949585 -0.30869027972221375 1.1608654260635376 128 128 128
-0.3184852600097656 -0.2766672372817993 1.1031033992767334 128 128 128
0.04145443066954613 -0.27290940284729004 1.0731068849563599 128 128 128
0.060293979942798615 -0.27611780166625977 1.087943434715271 128 128 128
0.06619275361299515 -0.263165146112442 1.0372923612594604 128 128 128
0.31858986616134644 -0.2654759883880615 1.0369958877563477 128 128 128
0.22775612771511078 -0.1708393096923828 0.6682752966880798 128 128 128
0.5224512815475464 -0.23097141087055206 0.8942897915840149 128 128 128
-0.3557465970516205 -0.27418357133865356 1.1336010694503784 128 128 128
0.1945926398038864 -0.2315426468849182 0.9417719841003418 128 128 128
0.5046809315681458 -0.2552812397480011 1.0259305238723755 128 128 128
0.4752670228481293 -0.2215125411748886 0.8902130126953125 128 128 128
0.10036656260490417 -0.24230308830738068 1.027901291847229 128 128 128
0.15820497274398804 -0.2527267336845398 1.0688880681991577 128 128 128
0.4618198573589325 -0.3088255226612091 1.2896064519882202 128 128 128
0.4992158114910126 -0.3053975999355316 1.2780581712722778 128 128 128
-0.030079716816544533 -0.24113494157791138 1.0686079263687134 128 128 128
0.2909805476665497 -0.24225471913814545 1.0602267980575562 128 128 128
0.31622907519340515 -0.24880889058113098 1.0859498977661133 128 128 128
-0.09582732617855072 -0.23907534778118134 1.1041260957717896 128 128 128
-0.07776443660259247 -0.24023285508155823 1.1117584705352783 128 128 128
0.06674930453300476 -0.22620317339897156 1.0371832847595215 128 128 128
0.103544220328331 -0.2304113656282425 1.0565327405929565 128 128 128
0.1572982370853424 -0.2191653698682785 1.0028376579284668 128 128 128
0.1740216314792633 -0.21908146142959595 1.0019469261169434 128 128 128
0.41097402572631836 -0.22370792925357819 1.0106695890426636 128 128 128
0.4206540286540985 -0.219240203499794 0.993529200553894 128 128 128
0.05098607391119003 -0.22255904972553253 1.0665000677108765 128 128 128
0.06831774115562439 -0.2197343111038208 1.0556821823120117 128 128 128
0.287282258272171 -0.22115372121334076 1.0447596311569214 128 128 128
0.3206051290035248 -0.2322409600019455 1.0975373983383179 128 128 128
0.35221484303474426 -0.24155882000923157 1.1394764184951782 128 128 128
0.6010171175003052 -0.34535062313079834 1.6117477416992188 128 128 128
-0.3549962639808655 -0.22233229875564575 1.1336115598678589 128 128 128
-0.3229938745498657 -0.22065439820289612 1.1215314865112305 128 128 128
0.18329451978206635 -0.21136030554771423 1.0516268014907837 128 128 128
0.2060874104499817 -0.21674266457557678 1.0779062509536743 128 128 128
0.2292088270187378 -0.22232283651828766 1.102290153503418 128 128 128
0.4046601951122284 -0.2038939893245697 0.9965492486953735 128 128 128
0.424058198928833 -0.20441606640815735 1.0034401416778564 128 128 128
0.4668518006801605 -0.1999884992837906 0.9858832359313965 128 128 128
-0.25446081161499023 -0.2095266580581665 1.1108938455581665 128 128 128
-0.1677752286195755 -0.20592160522937775 1.0941604375839233 128 128 128
-0.1499885469675064 -0.20781466364860535 1.0976507663726807 128 128 128
-0.13232509791851044 -0.20871320366859436 1.1048208475112915 128 128 128
-0.11513066291809082 -0.21136067807674408 1.1182763576507568 128 128 128
0.1085386723279953 -0.20989975333213806 1.097996473312378 128 128 128
0.521131157875061 -0.17903225123882294 0.9199305176734924 128 128 128
0.5474713444709778 -0.17766450345516205 0.9120871424674988 128 128 128
0.5758000612258911 -0.1813305765390396 0.9332897067070007 128 128 128
-0.2683331370353699 -0.20201967656612396 1.1314928531646729 128 128 128
0.052313923835754395 -0.19524499773979187 1.0749155282974243 128 128 128
0.4380547106266022 -0.19410468637943268 1.0381343364715576 128 128 128
0.4601392447948456 -0.18069104850292206 0.9732657074928284 128 128 128
0.5369001030921936 -0.18386977910995483 0.9931547045707703 128 128 128
-0.13292911648750305 -0.19102928042411804 1.1135246753692627 128 128 128
-0.11469817906618118 -0.19130615890026093 1.1199465990066528 128 128 128
0.17378267645835876 -0.190337136387825 1.0947656631469727 128 128 128
0.1925148218870163 -0.1914301961660385 1.0969809293746948 128 128 128
0.5210301876068115 -0.23072342574596405 1.28829026222229 128 128 128
-0.010655762627720833 -0.1809152215719223 1.1091264486312866 128 128 128
0.02760406956076622 -0.18702253699302673 1.1445857286453247 128 128 128
0.03565496206283569 -0.17841759324073792 1.0933735370635986 128 128 128
0.09614706039428711 -0.18941450119018555 1.155640959739685 128 128 128
0.4205856919288635 -0.23214848339557648 1.35831618309021 128 128 128
0.5453196167945862 -0.16403581202030182 0.9794115424156189 128 128 128
-0.06687711179256439 -0.17189300060272217 1.1177350282669067 128 128 128
-0.04777970165014267 -0.171004980802536 1.1143535375595093 128 128 128
-0.029570050537586212 -0.17418016493320465 1.1274646520614624 128 128 128
-0.01047474890947342 -0.17488695681095123 1.1351513862609863 128 128 128
0.16896361112594604 -0.1669347584247589 1.0613430738449097 128 128 128
0.4608215093612671 -0.20293429493904114 1.2375637292861938 128 128 128
0.46741801500320435 -0.19676382839679718 1.2047829627990723 128 128 128
0.4784497916698456 -0.1923602670431137 1.1840447187423706 128 128 128
0.4619174599647522 -0.1775243878364563 1.0976169109344482 128 128 128
-0.3601602613925934 -0.16474027931690216 1.1545052528381348 128 128 128
-0.33896955847740173 -0.16399168968200684 1.1485109329223633 128 128 128
-0.13503031432628632 -0.16434475779533386 1.1402943134307861 128 128 128
0.11501216888427734 -0.16867150366306305 1.1438243389129639 128 128 128
0.47874677181243896 -0.14780767261981964 0.9817313551902771 128 128 128
0.4874842166900635 -0.1454174816608429 0.9653018116950989 128 128 128
-0.22391241788864136 -0.1556933969259262 1.1545051336288452 128 128 128
-0.16708126664161682 -0.1569209098815918 1.1662050485610962 128 128 128
-0.14943590760231018 -0.16015687584877014 1.1799447536468506 128 128 128
0.01865377649664879 -0.15244396030902863 1.114029884338379 128 128 128
0.05760655179619789 -0.15674832463264465 1.1409391164779663 128 128 128
0.4658982455730438 -0.1536669135093689 1.0672894716262817 128 128 128
0.4967297911643982 -0.15065526962280273 1.0562942028045654 128 128 128
0.5124141573905945 -0.14377079904079437 1.0166151523590088 128 128 128
0.6494191884994507 -0.13414530456066132 0.9512118697166443 128 128 128
-0.3267281949520111 -0.14732909202575684 1.1760201454162598 128 128 128
-0.1028672382235527 -0.14130449295043945 1.109864592552185 128 128 128
0.10114987194538116 -0.14038756489753723 1.0859336853027344 128 128 128
0.16138862073421478 -0.14636442065238953 1.1220110654830933 128 128 128
-0.39757201075553894 -0.13623416423797607 1.1820528507232666 128 128 128
-0.18633493781089783 -0.1369694322347641 1.1672147512435913 128 128 128
-0.16879358887672424 -0.13826707005500793 1.1836180686950684 128 128 128
-0.15315338969230652 -0.1335393637418747 1.1409938335418701 128 128 128
-0.11662287265062332 -0.1368400901556015 1.1580768823623657 128 128 128
-0.09816663712263107 -0.13828647136688232 1.1725516319274902 128 128 128
0.4959152042865753 -0.12788327038288116 1.0188255310058594 128 128 128
-0.29100775718688965 -0.1234184205532074 1.1556578874588013 128 128 128
-0.00897189974784851 -0.1305648237466812 1.1789151430130005 128 128 128
0.2989264726638794 -0.15366573631763458 1.3107374906539917 128 128 128
-0.34670692682266235 -0.11483915895223618 1.1811141967773438 128 128 128
-0.3266426920890808 -0.11531568318605423 1.1802139282226562 128 128 128
-0.10306515544652939 -0.112601637840271 1.1288107633590698 128 128 128
-0.08462759107351303 -0.11415199190378189 1.1335945129394531 128 128 128
-0.06645097583532333 -0.11603257060050964 1.1512609720230103 128 128 128
-0.008389861322939396 -0.12162550538778305 1.1988487243652344 128 128 128
0.0814012661576271 -0.12216664105653763 1.1825330257415771 128 128 128
0.3722290098667145 -0.14570391178131104 1.303656816482544 128 128 128
0.44717174768447876 -0.15268877148628235 1.3434042930603027 128 128 128
0.495357871055603 -0.1616722047328949 1.4204288721084595 128 128 128
-0.20715555548667908 -0.10715967416763306 1.18012535572052 128 128 128
-0.18762195110321045 -0.1069331094622612 1.183912992477417 128 128 128
-0.17120638489723206 -0.10958778113126755 1.208801031112671 128 128 128
0.002118196804076433 -0.105552539229393 1.137439250946045 128 128 128
0.021063676103949547 -0.1073891744017601 1.1435611248016357 128 128 128
0.0831868052482605 -0.11392735689878464 1.2020306587219238 128 128 128
-0.2953994572162628 -0.09479596465826035 1.177346110343933 128 128 128
-0.2776586711406708 -0.09593315422534943 1.1861344575881958 128 128 128
-0.24015268683433533 -0.09715845435857773 1.1990126371383667 128 128 128
-0.026826879009604454 -0.09724529087543488 1.1616705656051636 128 128 128
0.002537815598770976 -0.09982519596815109 1.1820098161697388 128 128 128
0.022968517616391182 -0.10095713287591934 1.1955394744873047 128 128 128
0.155843585729599 -0.10657516866922379 1.211846947669983 128 128 128
0.17822960019111633 -0.1086028516292572 1.225951910018921 128 128 128
0.2247929871082306 -0.11284241080284119 1.2560796737670898 128 128 128
0.25614774227142334 -0.11874973773956299 1.3097126483917236 128 128 128
0.3995230495929718 -0.12701711058616638 1.3250033855438232 128 128 128
0.5276262760162354 -0.14051444828510284 1.4488575458526611 128 128 128
0.5174682140350342 -0.09023310244083405 0.997308611869812 128 128 128
0.5504140853881836 -0.08900517970323563 0.9959520101547241 128 128 128
0.5792803764343262 -0.09028099477291107 1.0172492265701294 128 128 128
0.08469884842634201 -0.09478498995304108 1.214208960533142 128 128 128
0.3545462489128113 -0.1129993423819542 1.3144996166229248 128 128 128
0.405307799577713 -0.12372100353240967 1.4212721586227417 128 128 128
0.45306411385536194 -0.13193951547145844 1.504662275314331 128 128 128
-0.2239689975976944 -0.07801022380590439 1.226062536239624 128 128 128
-0.016293339431285858 -0.07785794883966446 1.1634258031845093 128 128 128
0.04484514892101288 -0.08309290558099747 1.2211846113204956 128 128 128
0.443768709897995 -0.10698065161705017 1.334606409072876 128 128 128
0.49905601143836975 -0.10995184630155563 1.3711555004119873 128 128 128
0.5438548922538757 -0.07415986061096191 1.0167697668075562 128 128 128
0.5796211957931519 -0.07306589186191559 1.0194765329360962 128 128 128
0.6114079356193542 -0.0721152126789093 1.0144537687301636 128 128 128
-0.22807684540748596 -0.06854347139596939 1.251413345336914 128 128 128
-0.006284698843955994 -0.07224230468273163 1.236687421798706 128 128 128
0.09253749251365662 -0.07149682939052582 1.1708422899246216 128 128 128
0.11405054479837418 -0.07270923256874084 1.1866602897644043 128 128 128
0.13702236115932465 -0.07617386430501938 1.2183294296264648 128 128 128
0.16348148882389069 -0.07877074927091599 1.2599523067474365 128 128 128
0.24259290099143982 -0.08782778680324554 1.3508667945861816 128 128 128
0.41083455085754395 -0.096775583922863 1.3640921115875244 128 128 128
0.5163288712501526 -0.0841645821928978 1.2096681594848633 128 128 128
-0.3857841193675995 -0.05425010994076729 1.2169758081436157 128 128 128
0.024564869701862335 -0.060161542147397995 1.1917093992233276 128 128 128
0.04561280459165573 -0.06137415021657944 1.2110707759857178 128 128 128
0.0679149404168129 -0.0653211772441864 1.256398320198059 128 128 128
0.26007601618766785 -0.0740775614976883 1.2734365463256836 128 128 128
0.43588757514953613 -0.0945458859205246 1.5267456769943237 128 128 128
0.4985438883304596 -0.07905449718236923 1.2632313966751099 128 128 128
0.5567145943641663 -0.07587461918592453 1.2579383850097656 128 128 128
-0.19077758491039276 -0.045782290399074554 1.2224009037017822 128 128 128
-0.03500137850642204 -0.04814106225967407 1.1688542366027832 128 128 128
0.004822513088583946 -0.05107622221112251 1.2210947275161743 128 128 128
0.2140032947063446 -0.06190791353583336 1.3075907230377197 128 128 128
0.2420780211687088 -0.06562788039445877 1.347470760345459 128 128 128
-0.26690158247947693 -0.0350741483271122 1.2416192293167114 128 128 128
-0.125947505235672 -0.036085981875658035 1.1975815296173096 128 128 128
0.07707563787698746 -0.04201379045844078 1.2118430137634277 128 128 128
0.14437000453472137 -0.04703089967370033 1.2702434062957764 128 128 128
0.5443187355995178 -0.05685342103242874 1.2764712572097778 128 128 128
0.540156364440918 -0.05319465324282646 1.222237229347229 128 128 128
0.558160126209259 -0.05205119028687477 1.217612862586975 128 128 128
0.5805404782295227 -0.048237431794404984 1.1825566291809082 128 128 128
-0.3205806016921997 -0.02288869023323059 1.2493470907211304 128 128 128
-0.03529689460992813 -0.02910195104777813 1.2110764980316162 128 128 128
0.048322778195142746 -0.03313867375254631 1.2655043601989746 128 128 128
0.07152515649795532 -0.03395814821124077 1.2922160625457764 128 128 128
0.3365252912044525 -0.049327149987220764 1.4177522659301758 128 128 128
0.47191593050956726 -0.05212768167257309 1.3591217994689941 128 128 128
0.4750228524208069 -0.050024114549160004 1.3091187477111816 128 128 128
0.5498418807983398 -0.049342140555381775 1.3417638540267944 128 128 128
0.566128671169281 -0.047939036041498184 1.3295799493789673 128 128 128
0.6013842225074768 -0.03180985897779465 1.0781108140945435 128 128 128
-0.24929867684841156 -0.014317133463919163 1.2630565166473389 128 128 128
-0.05483615770936012 -0.017415408045053482 1.211180329322815 128 128 128
0.3667513132095337 -0.03862007334828377 1.3648983240127563 128 128 128
0.5025777816772461 -0.0433070994913578 1.4466133117675781 128 128 128
0.5610769987106323 -0.029594210907816887 1.1838884353637695 128 128 128
0.5926070809364319 -0.027580928057432175 1.1676217317581177 128 128 128
-0.33910006284713745 -0.0012794762151315808 1.2426726818084717 128 128 128
-0.3225041925907135 -0.0016186722787097096 1.2599120140075684 128 128 128
-0.30220410227775574 -0.0025340227875858545 1.263122797012329 128 128 128
-0.12635204195976257 -0.005367742385715246 1.2145363092422485 128 128 128
0.04730384796857834 -0.011368419043719769 1.2189812660217285 128 128 128
0.10039306432008743 -0.012733508832752705 1.2358829975128174 128 128 128
0.3049565553665161 -0.024176200851798058 1.3794424533843994 128 128 128
0.35868459939956665 -0.02689099870622158 1.4154943227767944 128 128 128
0.3902701735496521 -0.028808319941163063 1.4510704278945923 128 128 128
0.4276782274246216 -0.030674371868371964 1.501526951789856 128 128 128
0.5052003860473633 -0.028201675042510033 1.3366769552230835 128 128 128
0.5717562437057495 -0.02393086440861225 1.2955799102783203 128 128 128
0.20111265778541565 -0.007136184256523848 1.2871896028518677 128 128 128
0.22992964088916779 -0.008753436617553234 1.332970380783081 128 128 128
0.508952796459198 -0.0182708278298378 1.4028279781341553 128 128 128
0.5269137024879456 -0.01773666962981224 1.3930187225341797 128 128 128
0.5599945783615112 -0.01742861047387123 1.4230451583862305 128 128 128
0.6416282057762146 -0.004090520553290844 1.1187262535095215 128 128 128
0.08163660764694214 0.008358298800885677 1.2622307538986206 128 128 128
0.10221419483423233 0.007412956096231937 1.256277084350586 128 128 128
0.15343070030212402 0.0056850663386285305 1.3395615816116333 128 128 128
0.33101773262023926 -0.0023937232326716185 1.3953189849853516 128 128 128
0.3864438235759735 -0.004742850549519062 1.4387245178222656 128 128 128
0.45337721705436707 -0.0066795689053833485 1.437349557876587 128 128 128
0.5557126402854919 -0.002239957684651017 1.259977102279663 128 128 128
-0.3078653812408447 0.03095524199306965 1.2929346561431885 128 128 128
0.0845043882727623 0.01988813281059265 1.2939270734786987 128 128 128
0.13058295845985413 0.018079586327075958 1.3265787363052368 128 128 128
0.2556535303592682 0.011788900010287762 1.3571712970733643 128 128 128
0.340158075094223 0.009277274832129478 1.4353269338607788 128 128 128
0.3675374388694763 0.00835940521210432 1.4531786441802979 128 128 128
0.5073375701904297 0.005271172150969505 1.4013292789459229 128 128 128
0.5640189051628113 0.019124314188957214 1.2559009790420532 128 128 128
0.576502799987793 0.020081333816051483 1.2401903867721558 128 128 128
-0.10746143013238907 0.04744118079543114 1.2597885131835938 128 128 128
-0.0874878466129303 0.046925172209739685 1.2746118307113647 128 128 128
0.10819647461175919 0.04070510342717171 1.3175432682037354 128 128 128
0.1868019551038742 0.04030189290642738 1.4182254076004028 128 128 128
0.25121989846229553 0.033900339156389236 1.3305023908615112 128 128 128
0.2770465612411499 0.03341766446828842 1.3506704568862915 128 128 128
-0.36351150274276733 0.0663137137889862 1.3024952411651611 128 128 128
-0.3254058361053467 0.06449918448925018 1.2821128368377686 128 128 128
-0.3067149519920349 0.06440017372369766 1.2941993474960327 128 128 128
-0.18106676638126373 0.059966910630464554 1.2569067478179932 128 128 128
-0.16357821226119995 0.060469839721918106 1.2852323055267334 128 128 128
0.21234354376792908 0.04811536893248558 1.35794997215271 128 128 128
0.23253826797008514 0.04668613150715828 1.3456957340240479 128 128 128
0.2646459937095642 0.04742010310292244 1.3996641635894775 128 128 128
0.29433348774909973 0.047129303216934204 1.4376802444458008 128 128 128
-0.3511771857738495 0.08044005930423737 1.3431792259216309 128 128 128
-0.3837047219276428 0.09187568724155426 1.338791847229004 128 128 128
-0.2566726803779602 0.08480849862098694 1.2698214054107666 128 128 128
-0.12989671528339386 0.0812840461730957 1.283226490020752 128 128 128
-0.10842997580766678 0.08130323141813278 1.2882105112075806 128 128 128
0.06530747562646866 0.07563568651676178 1.3162983655929565 128 128 128
0.08813876658678055 0.07542324811220169 1.3307764530181885 128 128 128
0.16362690925598145 0.07657605409622192 1.412993311882019 128 128 128
-0.33019912242889404 0.09934186190366745 1.3067997694015503 128 128 128
-0.31548836827278137 0.10123370587825775 1.3382259607315063 128 128 128
-0.18398089706897736 0.09488924592733383 1.2892531156539917 128 128 128
-0.16410331428050995 0.09462528675794601 1.3016456365585327 128 128 128
0.5892898440361023 0.0749552920460701 1.3146058320999146 128 128 128
-0.3739626705646515 0.11586563289165497 1.3488537073135376 128 128 128
-0.05368232727050781 0.10108392685651779 1.2910255193710327 128 128 128
0.21417336165905 0.10489556938409805 1.3704878091812134 128 128 128
-0.03137039393186569 0.12211011350154877 1.2940813302993774 128 128 128
-0.010006554424762726 0.12266048043966293 1.311657428741455 128 128 128
0.59697026014328 0.10192814469337463 1.2040308713912964 128 128 128
0.5485926866531372 0.11069677770137787 1.2243882417678833 128 128 128
0.023513194173574448 0.14500848948955536 1.332309365272522 128 128 128
0.045620281249284744 0.1451890617609024 1.3486477136611938 128 128 128
0.09266149252653122 0.14706158638000488 1.3880109786987305 128 128 128
0.24994710087776184 0.14578185975551605 1.4499143362045288 128 128 128
0.37862712144851685 0.14141060411930084 1.456115484237671 128 128 128
-0.053440697491168976 0.16001933813095093 1.3321954011917114 128 128 128
-0.03193993866443634 0.16027934849262238 1.346384048461914 128 128 128
-0.010225692763924599 0.1627155840396881 1.379960298538208 128 128 128
0.15205907821655273 0.15800121426582336 1.4052101373672485 128 128 128
0.19916440546512604 0.15686920285224915 1.4194496870040894 128 128 128
0.29358527064323425 0.14801305532455444 1.3797680139541626 128 128 128
0.37576690316200256 0.15252292156219482 1.447823166847229 128 128 128
0.40129807591438293 0.15304312109947205 1.4587305784225464 128 128 128
0.47429001331329346 0.14035122096538544 1.34415864944458 128 128 128
0.49952393770217896 0.14164288341999054 1.353592038154602 128 128 128
0.5342455506324768 0.146941676735878 1.2853831052780151 128 128 128
0.5544947385787964 0.14788565039634705 1.2862417697906494 128 128 128
0.0020598438568413258 0.18238675594329834 1.357234001159668 128 128 128
0.34462469816207886 0.1731802225112915 1.4118856191635132 128 128 128
-0.03173113241791725 0.20027999579906464 1.3892033100128174 128 128 128
0.10410349071025848 0.19062255322933197 1.3706746101379395 128 128 128
0.3518490791320801 0.18910935521125793 1.4459258317947388 128 128 128
0.04850022494792938 0.20751933753490448 1.389721155166626 128 128 128
0.025965945795178413 0.22038275003433228 1.3901991844177246 128 128 128
0.29636552929878235 0.20780199766159058 1.39736807346344 128 128 128
0.32442405819892883 0.21088774502277374 1.423604130744934 128 128 128
0.3690956234931946 0.2097289264202118 1.426283597946167 128 128 128
0.06090009957551956 -0.21850687265396118 0.41756919026374817 128 128 128
0.09279192984104156 -0.21322542428970337 0.4112689197063446 128 128 128
0.08066605776548386 -0.20060975849628448 0.40857985615730286 128 128 128
0.10031452029943466 -0.19721046090126038 0.3998351991176605 128 128 128
0.07783233374357224 -0.17449195683002472 0.3988138735294342 128 128 128
0.04893379658460617 -0.172524094581604 0.41661587357521057 128 128 128
0.0760449692606926 -0.1754993200302124 0.4284878075122833 128 128 128
0.08000726252794266 -0.1724446564912796 0.44994688034057617 128 128 128
0.039739832282066345 -0.15275083482265472 0.42334723472595215 128 128 128
0.05933252349495888 -0.16425152122974396 0.4638379216194153 128 128 128
0.06966546922922134 -0.16166767477989197 0.4549639821052551 128 128 128
0.3590061664581299 -0.21655330061912537 0.5753998160362244 128 128 128
0.13482801616191864 -0.14149415493011475 0.4052742123603821 128 128 128
0.04971901327371597 -0.1472972333431244 0.4749433696269989 128 128 128
0.304360955953598 -0.18149332702159882 0.5450328588485718 128 128 128
0.7834510803222656 -0.6746734380722046 2.1393067836761475 128 128 128
0.5433245301246643 -0.4482775628566742 1.4201596975326538 128 128 128
0.026960331946611404 -0.13709266483783722 0.48524805903434753 128 128 128
0.052209723740816116 -0.13584445416927338 0.4906490445137024 128 128 128
0.0632924735546112 -0.13410896062850952 0.48096609115600586 128 128 128
0.002925519598647952 -0.12924373149871826 0.4900105893611908 128 128 128
0.027652494609355927 -0.12559795379638672 0.48686888813972473 128 128 128
0.18153095245361328 -0.1568949669599533 0.5747722387313843 128 128 128
0.19300933182239532 -0.15563420951366425 0.5679386854171753 128 128 128
0.05264942720532417 -0.12398789077997208 0.4898073077201843 128 128 128
0.15730415284633636 -0.1040017381310463 0.4337543845176697 128 128 128
0.15548677742481232 -0.09562146663665771 0.40074920654296875 128 128 128
0.11757028102874756 -0.12342870235443115 0.5424454808235168 128 128 128
0.13471461832523346 -0.12799552083015442 0.5583068132400513 128 128 128
0.190327450633049 -0.09332328289747238 0.3990251421928406 128 128 128
0.1438794583082199 -0.12057113647460938 0.5417899489402771 128 128 128
0.09292744100093842 -0.10251417011022568 0.5067716836929321 128 128 128
0.009288851171731949 -0.09848615527153015 0.5343452095985413 128 128 128
0.07628479599952698 -0.0991436094045639 0.537718653678894 128 128 128
0.15759097039699554 -0.08970189839601517 0.47065243124961853 128 128 128
0.26557227969169617 -0.08771619200706482 0.4449273645877838 128 128 128
0.0886981189250946 -0.09462447464466095 0.5325886011123657 128 128 128
0.009270277805626392 -0.08547941595315933 0.5294250249862671 128 128 128
0.14068441092967987 -0.0935707539319992 0.5359349250793457 128 128 128
0.1696593165397644 -0.06662695854902267 0.4320172071456909 128 128 128
0.17906689643859863 -0.06560875475406647 0.4278159737586975 128 128 128
0.18791554868221283 -0.06472282856702805 0.4213331639766693 128 128 128
0.03560510277748108 -0.07073152810335159 0.5314282774925232 128 128 128
0.1548629105091095 -0.06533370167016983 0.4661197364330292 128 128 128
0.19215114414691925 -0.055359918624162674 0.4319828450679779 128 128 128
-0.08503222465515137 -0.049306511878967285 0.5152549147605896 128 128 128
0.15372034907341003 -0.056694481521844864 0.4895113706588745 128 128 128
-0.04599245637655258 -0.047001563012599945 0.5107066631317139 128 128 128
0.0870145857334137 -0.056591782718896866 0.5320793986320496 128 128 128
0.0802810788154602 -0.04487040638923645 0.5492504835128784 128 128 128
0.28966641426086426 -0.037064336240291595 0.4248116612434387 128 128 128
-0.0044831023551523685 -0.035513654351234436 0.5357553362846375 128 128 128
0.04029371216893196 -0.03451843932271004 0.5524181127548218 128 128 128
0.1664479523897171 -0.018694890663027763 0.4211980700492859 128 128 128
0.2823770046234131 -0.013886241242289543 0.4153534471988678 128 128 128
0.08744441717863083 -0.013659607619047165 0.5264562964439392 128 128 128
0.18858638405799866 -0.007310410961508751 0.42285972833633423 128 128 128
0.025470735505223274 -0.007677061483263969 0.5515804290771484 128 128 128
0.04997306689620018 -0.004088984802365303 0.5322011709213257 128 128 128
0.011430667713284492 0.006205003242939711 0.5385854244232178 128 128 128
0.03674190491437912 0.009206695482134819 0.5378585457801819 128 128 128
0.04985133558511734 0.008751203306019306 0.5424643158912659 128 128 128
0.1584809273481369 0.013055101968348026 0.43358996510505676 128 128 128
-0.14742819964885712 0.026659630239009857 0.5091540217399597 128 128 128
0.05912372097373009 0.025143541395664215 0.5189462900161743 128 128 128
0.08201073855161667 0.024475282058119774 0.5081190466880798 128 128 128
-0.17241309583187103 0.03999585658311844 0.5080668926239014 128 128 128
-0.007417214568704367 0.03537292778491974 0.5173664093017578 128 128 128
0.008532028645277023 0.04785239323973656 0.5231157541275024 128 128 128
0.021117495372891426 0.04771310091018677 0.5253797769546509 128 128 128
0.09328997135162354 0.04413250461220741 0.4904739558696747 128 128 128
0.07431542873382568 0.051023565232753754 0.5222072005271912 128 128 128
0.047847945243120193 0.06299280375242233 0.5153745412826538 128 128 128
0.09195321053266525 0.06882227957248688 0.4913060963153839 128 128 128
0.07929600030183792 -0.4319345951080322 0.791128396987915 128 128 128
0.1212138682603836 -0.43949782848358154 0.801841139793396 128 128 128
0.18041867017745972 -0.39889776706695557 0.7842252254486084 128 128 128
0.1937723010778427 -0.39958006143569946 0.7845710515975952 128 128 128
0.1556820124387741 -0.38096120953559875 0.7897713780403137 128 128 128
0.18330968916416168 -0.37510693073272705 0.7902458906173706 128 128 128
0.1290261447429657 -0.36544615030288696 0.7870467305183411 128 128 128
0.142300546169281 -0.36577722430229187 0.7866406440734863 128 128 128
0.155780628323555 -0.36646345257759094 0.7871184349060059 128 128 128
0.15837424993515015 -0.3493615984916687 0.7643105983734131 128 128 128
0.1609187126159668 -0.3236822485923767 0.7666352391242981 128 128 128
0.17702849209308624 -0.3302832841873169 0.7809600830078125 128 128 128
0.18875645101070404 -0.3277985155582428 0.7743890881538391 128 128 128
0.09299120306968689 -0.30683955550193787 0.7454256415367126 128 128 128
0.1200675293803215 -0.31185632944107056 0.7557018995285034 128 128 128
0.24542614817619324 -0.32399994134902954 0.7823954224586487 128 128 128
-0.21455499529838562 -0.2928440272808075 0.7588724493980408 128 128 128
0.09583677351474762 -0.3011169731616974 0.7628451585769653 128 128 128
0.12182771414518356 -0.3026057779788971 0.7640414237976074 128 128 128
0.024899547919631004 -0.2897070050239563 0.7574242353439331 128 128 128
0.05118643492460251 -0.29641029238700867 0.7714550495147705 128 128 128
0.06657476723194122 -0.30759134888648987 0.799137532711029 128 128 128
0.1642959862947464 -0.3012106418609619 0.7760668992996216 128 128 128
0.17706631124019623 -0.3003119230270386 0.7734822630882263 128 128 128
0.45621684193611145 -0.33184099197387695 0.8622214198112488 128 128 128
0.09485305845737457 -0.28364935517311096 0.7504664063453674 128 128 128
0.20873701572418213 -0.29017314314842224 0.7652167677879333 128 128 128
0.2532023787498474 -0.3035503923892975 0.8015292286872864 128 128 128
0.26662516593933105 -0.3033233880996704 0.8008072376251221 128 128 128
0.5045812129974365 -0.3299606740474701 0.8815732002258301 128 128 128
0.5225006341934204 -0.3360702693462372 0.899276614189148 128 128 128
0.05184656381607056 -0.2823641300201416 0.7688890695571899 128 128 128
0.5907013416290283 -0.33953097462654114 0.9341468214988708 128 128 128
0.10884348303079605 -0.2722562551498413 0.7533513903617859 128 128 128
0.025977255776524544 -0.2622068524360657 0.7515824437141418 128 128 128
0.152398481965065 -0.2616938054561615 0.7413536906242371 128 128 128
0.16742882132530212 -0.26548323035240173 0.7518161535263062 128 128 128
0.17887282371520996 -0.2727822959423065 0.7729224562644958 128 128 128
0.5730583667755127 -0.3172774910926819 0.917782723903656 128 128 128
0.11196179687976837 -0.26310867071151733 0.7659861445426941 128 128 128
0.22385726869106293 -0.2629889249801636 0.765885055065155 128 128 128
0.47827446460723877 -0.2952989339828491 0.872322142124176 128 128 128
0.18461167812347412 -0.2569170594215393 0.7659570574760437 128 128 128
0.26669827103614807 -0.2588602602481842 0.7751615047454834 128 128 128
0.29983147978782654 -0.270074725151062 0.810662031173706 128 128 128
0.19739866256713867 -0.24772444367408752 0.7612461447715759 128 128 128
-0.01046268455684185 -0.2272462397813797 0.7461910843849182 128 128 128
0.028927091509103775 -0.24239107966423035 0.7899273037910461 128 128 128
0.18458737432956696 -0.22562895715236664 0.7332452535629272 128 128 128
0.19870176911354065 -0.2352587729692459 0.7639286518096924 128 128 128
0.21505515277385712 -0.23861820995807648 0.7756304740905762 128 128 128
0.32217806577682495 -0.24725523591041565 0.8114762902259827 128 128 128
0.4390224516391754 -0.2618004381656647 0.8654007911682129 128 128 128
0.06024859473109245 -0.22459453344345093 0.7505853176116943 128 128 128
0.07345835864543915 -0.22586145997047424 0.7540352940559387 128 128 128
0.2711646556854248 -0.23346704244613647 0.7839982509613037 128 128 128
0.015286874026060104 -0.21505559980869293 0.7432984709739685 128 128 128
0.11439261585474014 -0.21046800911426544 0.7230618596076965 128 128 128
0.23037660121917725 -0.22614401578903198 0.7805987000465393 128 128 128
0.3015662133693695 -0.22726711630821228 0.7920590043067932 128 128 128
0.4260731637477875 -0.2423534393310547 0.8529907464981079 128 128 128
0.5545198917388916 -0.26017284393310547 0.9227812886238098 128 128 128
0.059593722224235535 -0.20701366662979126 0.7336618900299072 128 128 128
0.15918762981891632 -0.21390202641487122 0.7580276727676392 128 128 128
0.2605242431163788 -0.2204618752002716 0.7895456552505493 128 128 128
0.3615152835845947 -0.22708705067634583 0.8208715319633484 128 128 128
0.4743492305278778 -0.23921692371368408 0.8748645782470703 128 128 128
0.0038521531969308853 -0.2031354457139969 0.7488555312156677 128 128 128
0.022509625181555748 -0.2020246833562851 0.7415662407875061 128 128 128
0.20493154227733612 -0.2057334929704666 0.7573007345199585 128 128 128
0.30510812997817993 -0.21533508598804474 0.8002249598503113 128 128 128
0.3969094157218933 -0.2227102667093277 0.836201548576355 128 128 128
0.4135652184486389 -0.22759157419204712 0.8559158444404602 128 128 128
0.06455859541893005 -0.18874239921569824 0.7116577625274658 128 128 128
0.1340535283088684 -0.19017325341701508 0.7213255763053894 128 128 128
0.14843086898326874 -0.19339045882225037 0.7324950098991394 128 128 128
0.2326519936323166 -0.19992107152938843 0.76277095079422 128 128 128
0.2485930323600769 -0.20715199410915375 0.7924363017082214 128 128 128
0.3365669250488281 -0.20916147530078888 0.8095542192459106 128 128 128
0.3680620789527893 -0.21543338894844055 0.8345708250999451 128 128 128
0.5749731659889221 -0.23584623634815216 0.9297277331352234 128 128 128
-0.0020244941115379333 -0.17950300872325897 0.7055482864379883 128 128 128
0.02294132672250271 -0.18648140132427216 0.7302904725074768 128 128 128
0.17672137916088104 -0.18862098455429077 0.7437182068824768 128 128 128
0.38132524490356445 -0.20703811943531036 0.8323611617088318 128 128 128
0.49313652515411377 -0.21687911450862885 0.8813732862472534 128 128 128
0.16449102759361267 -0.18213970959186554 0.7441446185112 128 128 128
0.22149203717708588 -0.18696127831935883 0.7666926383972168 128 128 128
0.435085654258728 -0.20711714029312134 0.8691027760505676 128 128 128
-0.0012618143809959292 -0.16668836772441864 0.7021622657775879 128 128 128
0.010990187525749207 -0.16941554844379425 0.7125687003135681 128 128 128
0.02420942671597004 -0.17587736248970032 0.7393270134925842 128 128 128
0.10966980457305908 -0.16976527869701385 0.7160843014717102 128 128 128
0.27938854694366455 -0.18186883628368378 0.7821391820907593 128 128 128
0.3730628490447998 -0.19439156353473663 0.8444163799285889 128 128 128
0.483195036649704 -0.20255745947360992 0.889792799949646 128 128 128
-0.06235260143876076 -0.16532152891159058 0.7354873418807983 128 128 128
0.05437055602669716 -0.16396400332450867 0.714138388633728 128 128 128
0.06724781543016434 -0.16510511934757233 0.7198977470397949 128 128 128
0.13705773651599884 -0.1659061759710312 0.7298515439033508 128 128 128
0.1512484848499298 -0.1684284806251526 0.7395926713943481 128 128 128
0.3264208137989044 -0.18101638555526733 0.8163452744483948 128 128 128
0.3421895503997803 -0.18266552686691284 0.8216150403022766 128 128 128
0.40691274404525757 -0.18797636032104492 0.8552073240280151 128 128 128
-0.0006198878400027752 -0.14877326786518097 0.674639880657196 128 128 128
0.09476584941148758 -0.15166442096233368 0.6916128396987915 128 128 128
0.19586999714374542 -0.16542281210422516 0.7644548416137695 128 128 128
0.27045848965644836 -0.16997843980789185 0.7934314012527466 128 128 128
0.24072077870368958 -0.16156728565692902 0.7835966348648071 128 128 128
0.2979433536529541 -0.16261260211467743 0.7950406670570374 128 128 128
0.5093739032745361 -0.18134565651416779 0.9092539548873901 128 128 128
0.11254530400037766 -0.14674970507621765 0.7279964685440063 128 128 128
0.18283434212207794 -0.1462675780057907 0.7366136312484741 128 128 128
0.19815783202648163 -0.15290257334709167 0.7718116044998169 128 128 128
0.2562047243118286 -0.15588927268981934 0.7904334664344788 128 128 128
0.3635254502296448 -0.16240721940994263 0.8377962112426758 128 128 128
0.5432004332542419 -0.17529360949993134 0.9275936484336853 128 128 128
-0.11471163481473923 -0.1487421691417694 0.7855839133262634 128 128 128
0.058662254363298416 -0.1305517554283142 0.6746290326118469 128 128 128
0.24441766738891602 -0.14957889914512634 0.7948657870292664 128 128 128
0.48161035776138306 -0.16278111934661865 0.8998891115188599 128 128 128
0.006722722668200731 -0.12188497930765152 0.6568110585212708 128 128 128
0.018590305000543594 -0.12500661611557007 0.6747137904167175 128 128 128
0.1853068321943283 -0.13444890081882477 0.7453818321228027 128 128 128
0.3552076816558838 -0.14899857342243195 0.8510435819625854 128 128 128
0.430351585149765 -0.15164341032505035 0.8729150295257568 128 128 128
0.21877391636371613 -0.13114769756793976 0.7738692760467529 128 128 128
0.30588144063949585 -0.1365339756011963 0.8151273727416992 128 128 128
0.38430678844451904 -0.1410360336303711 0.8521447777748108 128 128 128
0.10180273652076721 -0.11326621472835541 0.6893051862716675 128 128 128
0.17326684296131134 -0.12060285359621048 0.7460891604423523 128 128 128
0.26471397280693054 -0.12707240879535675 0.7946155667304993 128 128 128
0.3247954547405243 -0.13002118468284607 0.8280166983604431 128 128 128
0.3403990864753723 -0.13064713776111603 0.8322400450706482 128 128 128
0.41480782628059387 -0.1326293796300888 0.8558209538459778 128 128 128
0.6961519718170166 -0.15186578035354614 1.0143018960952759 128 128 128
-0.17184171080589294 -0.12616582214832306 0.7866713404655457 128 128 128
0.05075012892484665 -0.11134504526853561 0.7081579566001892 128 128 128
0.06359061598777771 -0.11332359164953232 0.7193775177001953 128 128 128
0.204805389046669 -0.11657021939754486 0.7698238492012024 128 128 128
0.37372350692749023 -0.12441345304250717 0.8444226980209351 128 128 128
-0.18502411246299744 -0.09782005846500397 0.6285315752029419 128 128 128
-0.13594718277454376 -0.11491462588310242 0.7673587799072266 128 128 128
0.020125268027186394 -0.10315139591693878 0.6884282231330872 128 128 128
0.10289917886257172 -0.10158853977918625 0.6951726675033569 128 128 128
0.33064112067222595 -0.11778826266527176 0.8432751893997192 128 128 128
-0.0027013965882360935 -0.08834967762231827 0.6259588003158569 128 128 128
0.14954625070095062 -0.10171446204185486 0.7524710297584534 128 128 128
0.20790401101112366 -0.1039000004529953 0.7813291549682617 128 128 128
0.2825242578983307 -0.10617935657501221 0.8071144223213196 128 128 128
-0.055236171931028366 -0.10120135545730591 0.7614463567733765 128 128 128
0.23907671868801117 -0.09778476506471634 0.797711968421936 128 128 128
0.33198124170303345 -0.10199254006147385 0.8467468619346619 128 128 128
-0.13787901401519775 -0.07991017401218414 0.6272843480110168 128 128 128
-0.06889429688453674 -0.09571903198957443 0.7716407179832458 128 128 128
-0.0022996217012405396 -0.07991316169500351 0.6508633494377136 128 128 128
0.052781615406274796 -0.0779702439904213 0.6512945294380188 128 128 128
0.28950461745262146 -0.09279854595661163 0.8271737098693848 128 128 128
-0.03540859371423721 -0.06491515785455704 0.5676877498626709 128 128 128
-0.02924111858010292 -0.07342620193958282 0.6444140076637268 128 128 128
0.026385825127363205 -0.07588198781013489 0.6775972247123718 128 128 128
0.0944235771894455 -0.07883507758378983 0.718504011631012 128 128 128
0.16665896773338318 -0.07909378409385681 0.7442507743835449 128 128 128
0.2267221212387085 -0.08140560984611511 0.7788403630256653 128 128 128
0.3209196925163269 -0.08605223149061203 0.8370214104652405 128 128 128
0.3850070834159851 -0.08793008327484131 0.8706826567649841 128 128 128
-0.19711552560329437 -0.07225675135850906 0.6464783549308777 128 128 128
-0.1409865915775299 -0.07037118077278137 0.6387319564819336 128 128 128
0.054517701268196106 -0.06819672137498856 0.673012912273407 128 128 128
0.2150200605392456 -0.07539115846157074 0.7843268513679504 128 128 128
0.27557337284088135 -0.07813118398189545 0.8277522921562195 128 128 128
0.3566662073135376 -0.08119511604309082 0.87324458360672 128 128 128
0.482401967048645 -0.08130043745040894 0.9171085953712463 128 128 128
-0.16285505890846252 -0.06303023546934128 0.6187006235122681 128 128 128
0.08438054472208023 -0.06706883013248444 0.7370484471321106 128 128 128
0.2293614000082016 -0.06785015761852264 0.7887595295906067 128 128 128
0.377360075712204 -0.07354705780744553 0.8877740502357483 128 128 128
-0.12106265872716904 -0.05625800043344498 0.6166120171546936 128 128 128
0.5641458630561829 -0.0681854784488678 0.9795570373535156 128 128 128
0.03164859488606453 -0.050493523478507996 0.6750510931015015 128 128 128
0.17241737246513367 -0.05450178310275078 0.7725405097007751 128 128 128
0.22050805389881134 -0.054922450333833694 0.8061202168464661 128 128 128
0.2959741950035095 -0.05478981137275696 0.8279285430908203 128 128 128
0.5138214826583862 -0.05782255157828331 0.9477939605712891 128 128 128
-0.008325763046741486 -0.045751068741083145 0.6791009902954102 128 128 128
0.05932040512561798 -0.048514414578676224 0.7396280169487 128 128 128
0.06836000084877014 -0.04516118764877319 0.705083966255188 128 128 128
0.13158516585826874 -0.04724402353167534 0.7627055644989014 128 128 128
0.2702513039112091 -0.04876725748181343 0.8350057005882263 128 128 128
0.10355150699615479 -0.04083440452814102 0.7467812299728394 128 128 128
0.3674726188182831 -0.040943458676338196 0.8839935064315796 128 128 128
0.5940689444541931 -0.04221903532743454 1.0035628080368042 128 128 128
0.19053509831428528 -0.034222450107336044 0.7968107461929321 128 128 128
0.47264912724494934 -0.03355822712182999 0.946517825126648 128 128 128
0.4859461784362793 -0.03315447270870209 0.9414643049240112 128 128 128
0.22903552651405334 -0.02580072730779648 0.8159831762313843 128 128 128
0.3580881655216217 -0.02645757608115673 0.8989858031272888 128 128 128
0.42505279183387756 -0.025353575125336647 0.9299724698066711 128 128 128
0.12469769269227982 -0.02192627266049385 0.8080679178237915 128 128 128
0.24651490151882172 -0.01995762623846531 0.853580892086029 128 128 128
0.325595498085022 -0.018137624487280846 0.8734219074249268 128 128 128
0.3872493505477905 -0.01653100922703743 0.8974189758300781 128 128 128
0.03513112664222717 -0.01756650023162365 0.7880672216415405 128 128 128
0.21660439670085907 -0.011775960214436054 0.8232166767120361 128 128 128
0.42392146587371826 -0.008456680923700333 0.9120002388954163 128 128 128
0.008243769407272339 -0.011890416964888573 0.7845926284790039 128 128 128
0.06869432330131531 -0.009198565967381 0.7983449101448059 128 128 128
0.1868124157190323 -0.005420879926532507 0.8154158592224121 128 128 128
0.5188563466072083 0.0024314771872013807 0.9761051535606384 128 128 128
0.09833154827356339 -0.001763354055583477 0.8235610723495483 128 128 128
0.1582442820072174 0.0009782150154933333 0.8115748167037964 128 128 128
0.2052767127752304 0.0023096248041838408 0.8362401127815247 128 128 128
-0.06499411165714264 -0.003292718669399619 0.9020706415176392 128 128 128
0.13075405359268188 0.0068285525776445866 0.8124247789382935 128 128 128
0.19244904816150665 0.008659868501126766 0.8427556157112122 128 128 128
0.3696601688861847 0.015134569257497787 0.9132110476493835 128 128 128
0.5678820610046387 0.020910242572426796 0.9769424200057983 128 128 128
0.023766595870256424 0.010010067373514175 0.9138602614402771 128 128 128
0.04137840121984482 0.010597674176096916 0.8142234086990356 128 128 128
0.27315250039100647 0.019497079774737358 0.8756651282310486 128 128 128
0.33806341886520386 0.021812012419104576 0.891514778137207 128 128 128
0.405090868473053 0.023905154317617416 0.9246557950973511 128 128 128
0.05720031261444092 0.01888158544898033 0.8510808348655701 128 128 128
0.12209033221006393 0.020925339311361313 0.8063523173332214 128 128 128
0.29471349716186523 0.028470180928707123 0.897724449634552 128 128 128
0.36893653869628906 0.03075638972222805 0.8945748805999756 128 128 128
0.43602895736694336 0.03296389803290367 0.9250792860984802 128 128 128
-0.048551514744758606 0.022799024358391762 1.0057379007339478 128 128 128
0.20960633456707 0.03142127767205238 0.8312440514564514 128 128 128
0.2973919212818146 0.04477515444159508 0.9084231853485107 128 128 128
0.20538263022899628 0.04831135272979736 0.877095103263855 128 128 128
0.2179502695798874 0.04761505126953125 0.8673695921897888 128 128 128
0.39533352851867676 0.05632967874407768 0.9236894845962524 128 128 128
0.4643283784389496 0.0600353442132473 0.9537588357925415 128 128 128
-0.062281254678964615 0.04553346708416939 0.9826412796974182 128 128 128
0.06375943124294281 0.04795243963599205 0.8598412275314331 128 128 128
0.1278529018163681 0.050481799989938736 0.8530160188674927 128 128 128
0.19110555946826935 0.054959218949079514 0.8804993629455566 128 128 128
0.4183380901813507 0.06647707521915436 0.9415648579597473 128 128 128
0.034647777676582336 0.052697453647851944 0.8518261909484863 128 128 128
0.04789946600794792 0.051927123218774796 0.8314462304115295 128 128 128
0.20659556984901428 0.06342252343893051 0.8850910663604736 128 128 128
0.32297074794769287 0.07058130204677582 0.9198536276817322 128 128 128
0.45339736342430115 0.07601470500230789 0.9493268728256226 128 128 128
0.03594148904085159 0.06969831138849258 0.8914194703102112 128 128 128
0.020747261121869087 0.07423504441976547 0.8706960678100586 128 128 128
0.3560250401496887 0.09450802952051163 0.9084931015968323 128 128 128
-0.014879461377859116 0.08354083448648453 0.9229975938796997 128 128 128
0.10424425452947617 0.0903523787856102 0.9107040762901306 128 128 128
0.20296597480773926 0.09537286311388016 0.9088101387023926 128 128 128
0.021840188652276993 0.09156159311532974 0.9045360088348389 128 128 128
-0.014967432245612144 0.10039886087179184 0.9386849403381348 128 128 128
0.03811189904808998 0.10454215109348297 0.9460875391960144 128 128 128
0.24039213359355927 0.12037333846092224 0.9103406071662903 128 128 128
0.06123224273324013 0.12992583215236664 0.9503487348556519 128 128 128
0.1941247135400772 0.13308508694171906 0.9107762575149536 128 128 128
0.22756226360797882 0.13695184886455536 0.9235533475875854 128 128 128
0.2795364558696747 0.1416555494070053 0.9414997696876526 128 128 128
-0.007097442168742418 0.1318393051624298 0.9394168257713318 128 128 128
0.029692795127630234 0.1385073959827423 0.9181416034698486 128 128 128
0.3899272084236145 -0.8998417854309082 1.8132174015045166 128 128 128
0.3651900887489319 -0.8788259625434875 1.829768180847168 128 128 128
0.4052349328994751 -0.9007710814476013 1.873215913772583 128 128 128
0.2981950640678406 -0.8278959393501282 1.7819384336471558 128 128 128
0.40706199407577515 -0.8719480633735657 1.8710228204727173 128 128 128
0.4525662362575531 -0.9009667634963989 1.9315301179885864 128 128 128
0.29674631357192993 -0.7918179035186768 1.7630926370620728 128 128 128
0.33042824268341064 -0.8023656010627747 1.7859296798706055 128 128 128
0.3725382685661316 -0.8303293585777283 1.8460524082183838 128 128 128
0.45099297165870667 -0.8639257550239563 1.9166795015335083 128 128 128
-0.15588240325450897 -0.5334563851356506 1.2508372068405151 128 128 128
0.2661365568637848 -0.7561114430427551 1.7455551624298096 128 128 128
0.30177563428878784 -0.7736038565635681 1.782681941986084 128 128 128
0.30437302589416504 -0.7494632601737976 1.7886186838150024 128 128 128
0.3424522578716278 -0.7683294415473938 1.8317238092422485 128 128 128
0.38079917430877686 -0.7843608260154724 1.8693771362304688 128 128 128
0.4197046458721161 -0.7997044920921326 1.9035784006118774 128 128 128
-0.3054262697696686 -0.4322890341281891 1.0790047645568848 128 128 128
-0.28483471274375916 -0.4432392716407776 1.1046407222747803 128 128 128
0.30632463097572327 -0.7235005497932434 1.7920331954956055 128 128 128
0.34632420539855957 -0.7458270788192749 1.8446803092956543 128 128 128
0.5857878923416138 -0.8492448329925537 2.2160773277282715 128 128 128
0.6456206440925598 -0.8817811608314514 2.296509265899658 128 128 128
0.34316152334213257 -0.7097727060317993 1.8995896577835083 128 128 128
0.4179985225200653 -0.7318131327629089 1.951144814491272 128 128 128
2.9093515872955322 -2.027224540710449 5.292672634124756 128 128 128
0.14560949802398682 -0.5994768142700195 1.6451795101165771 128 128 128
0.581955075263977 -0.8097151517868042 2.197014093399048 128 128 128
3.2112438678741455 -2.0977060794830322 5.5832600593566895 128 128 128
4.330155849456787 -2.7148499488830566 7.213917255401611 128 128 128
2.275042772293091 -1.639389991760254 4.474293231964111 128 128 128
2.725430488586426 -1.9047433137893677 5.188968181610107 128 128 128
12.41070556640625 -7.0610175132751465 19.069488525390625 128 128 128
0.1770354062318802 -0.586007297039032 1.6741279363632202 128 128 128
6.750869274139404 -4.115457534790039 11.392953872680664 128 128 128
0.3450961709022522 -0.6550615429878235 1.901200771331787 128 128 128
0.7707592248916626 -0.847151517868042 2.440157651901245 128 128 128
0.8367283940315247 -0.8749392628669739 2.5154542922973633 128 128 128
1.0102779865264893 -0.9621431231498718 2.758819818496704 128 128 128
2.0547454357147217 -1.4936654567718506 4.248325347900391 128 128 128
5.565217018127441 -3.1552274227142334 8.886970520019531 128 128 128
-0.11613667011260986 -0.4411730170249939 1.3335115909576416 128 128 128
0.17728233337402344 -0.5591937303543091 1.6707338094711304 128 128 128
0.48343557119369507 -0.7047592997550964 2.0834476947784424 128 128 128
0.5856955647468567 -0.771254301071167 2.27687668800354 128 128 128
1.1738841533660889 -1.0453252792358398 3.063750982284546 128 128 128
0.2670588195323944 -0.5916491746902466 1.8016226291656494 128 128 128
0.765165388584137 -0.8260324001312256 2.486635684967041 128 128 128
0.8367006182670593 -0.858212947845459 2.5786538124084473 128 128 128
0.832108736038208 -0.8315763473510742 2.4996986389160156 128 128 128
0.9580689072608948 -0.9137237071990967 2.7401890754699707 128 128 128
1.0543278455734253 -0.9612793922424316 2.8775744438171387 128 128 128
1.668662428855896 -1.2002246379852295 3.57257342338562 128 128 128
5.519170761108398 -3.15855073928833 9.31103229522705 128 128 128
0.16575543582439423 -0.5407097935676575 1.6916534900665283 128 128 128
0.6387518048286438 -0.7560514807701111 2.3297369480133057 128 128 128
1.2654236555099487 -1.035643219947815 3.1636996269226074 128 128 128
2.908529281616211 -1.8527830839157104 5.621599197387695 128 128 128
2.5552220344543457 -1.604506254196167 4.860530376434326 128 128 128
0.3762434720993042 -0.6230205297470093 1.9768201112747192 128 128 128
0.8598018884658813 -0.8424775004386902 2.6491920948028564 128 128 128
-0.2697744369506836 -0.35046422481536865 1.1765488386154175 128 128 128
0.13772660493850708 -0.515313982963562 1.6926487684249878 128 128 128
0.5129796862602234 -0.6575626134872437 2.1310665607452393 128 128 128
1.0428392887115479 -0.9060615301132202 2.91219425201416 128 128 128
1.0195300579071045 -0.8668280839920044 2.782276153564453 128 128 128
0.3344108760356903 -0.5769867897033691 1.9259138107299805 128 128 128
0.768832802772522 -0.7553997039794922 2.4979019165039062 128 128 128
0.5116002559661865 -0.6244483590126038 2.1257565021514893 128 128 128
0.5577563643455505 -0.637103259563446 2.1665945053100586 128 128 128
5.018087863922119 -2.597121477127075 8.606427192687988 128 128 128
0.061283405870199203 -0.43648815155029297 1.551500916481018 128 128 128
0.33579710125923157 -0.550743043422699 1.9343550205230713 128 128 128
0.6856721043586731 -0.6769018173217773 2.3571600914001465 128 128 128
0.7515904903411865 -0.7035901546478271 2.443665027618408 128 128 128
2.499088764190674 -1.4179387092590332 4.840838432312012 128 128 128
0.16657282412052155 -0.46697139739990234 1.6967041492462158 128 128 128
0.5125521421432495 -0.5945552587509155 2.1312344074249268 128 128 128
0.9086108207702637 -0.7496761679649353 2.665515184402466 128 128 128
0.9943970441818237 -0.7833391427993774 2.7809088230133057 128 128 128
1.1052268743515015 -0.8335780501365662 2.9531960487365723 128 128 128
1.890283226966858 -1.1521035432815552 4.055846691131592 128 128 128
-0.3098554313182831 -0.28756770491600037 1.1096645593643188 128 128 128
0.6847549080848694 -0.6423611640930176 2.3566203117370605 128 128 128
1.3897547721862793 -0.8876460194587708 3.21429181098938 128 128 128
2.2158701419830322 -1.1947052478790283 4.298921585083008 128 128 128
0.13460955023765564 -0.430525004863739 1.6558053493499756 128 128 128
0.16492560505867004 -0.43852660059928894 1.6827093362808228 128 128 128
0.22020474076271057 -0.4677387475967407 1.7889970541000366 128 128 128
0.9924018979072571 -0.7417324781417847 2.7790281772613525 128 128 128
2.9894204139709473 -1.476932168006897 5.45468282699585 128 128 128
1.1526762247085571 -0.7672380208969116 2.953720808029175 128 128 128
-0.040714114904403687 -0.3559621274471283 1.4642562866210938 128 128 128
0.18442486226558685 -0.4281855821609497 1.7384353876113892 128 128 128
0.8689297437667847 -0.6423421502113342 2.556109666824341 128 128 128
0.9484883546829224 -0.6712050437927246 2.66096830368042 128 128 128
1.49149489402771 -0.8453923463821411 3.3300726413726807 128 128 128
2.1775033473968506 -1.0449579954147339 4.103327751159668 128 128 128
0.021908815950155258 -0.37024936079978943 1.5662764310836792 128 128 128
0.07416564971208572 -0.37230008840560913 1.5660815238952637 128 128 128
0.36070388555526733 -0.47905728220939636 1.9913623332977295 128 128 128
0.662945568561554 -0.5715552568435669 2.356522798538208 128 128 128
1.1153851747512817 -0.7018714547157288 2.8640546798706055 128 128 128
-0.34200236201286316 -0.24253125488758087 1.0933501720428467 128 128 128
0.18164736032485962 -0.3973906636238098 1.7175283432006836 128 128 128
0.7810381054878235 -0.5873166918754578 2.485818386077881 128 128 128
0.8440046906471252 -0.6030105352401733 2.550724744796753 128 128 128
-0.2604042589664459 -0.25507038831710815 1.1802476644515991 128 128 128
-0.1184273287653923 -0.2996298670768738 1.3659918308258057 128 128 128
-0.09684280306100845 -0.304448664188385 1.3828015327453613 128 128 128
0.07445313781499863 -0.35176804661750793 1.5808669328689575 128 128 128
1.0334322452545166 -0.650740921497345 2.840172052383423 128 128 128
0.2125304639339447 -0.37853625416755676 1.742836356163025 128 128 128
1.211010456085205 -0.6661691665649414 2.9923095703125 128 128 128
1.704709768295288 -0.7577552795410156 3.3858206272125244 128 128 128
-0.11836247146129608 -0.27807706594467163 1.3615564107894897 128 128 128
0.11987661570310593 -0.34784644842147827 1.6710296869277954 128 128 128
0.30881983041763306 -0.39649537205696106 1.8884319067001343 128 128 128
0.632480800151825 -0.4811938405036926 2.2598299980163574 128 128 128
1.0013282299041748 -0.5910871028900146 2.7591910362243652 128 128 128
1.9845770597457886 -0.7173953056335449 3.3470497131347656 128 128 128
0.7427697777748108 -0.48909682035446167 2.375385046005249 128 128 128
1.1064637899398804 -0.5680022239685059 2.740779399871826 128 128 128
1.828611969947815 -0.603080689907074 2.9582929611206055 128 128 128
1.8380529880523682 -0.5406221747398376 2.707108974456787 128 128 128
0.3031618893146515 -0.36460644006729126 1.863195776939392 128 128 128
1.1623036861419678 -0.5524797439575195 2.7692065238952637 128 128 128
1.2760556936264038 -0.585361123085022 2.926563262939453 128 128 128
0.7106273770332336 -0.4349402189254761 2.2795815467834473 128 128 128
1.4217897653579712 -0.6055644154548645 3.146869421005249 128 128 128
1.7122985124588013 -0.518670380115509 2.7736024856567383 128 128 128
0.5484040379524231 -0.3936234414577484 2.1639184951782227 128 128 128
0.8476965427398682 -0.45294779539108276 2.462913751602173 128 128 128
1.522106409072876 -0.5690613985061646 3.0919158458709717 128 128 128
1.8475368022918701 -0.6027028560638428 3.3097622394561768 128 128 128
0.19277696311473846 -0.29542186856269836 1.7223972082138062 128 128 128
0.6958081722259521 -0.40338507294654846 2.300191640853882 128 128 128
1.3490662574768066 -0.5292037129402161 2.9943926334381104 128 128 128
1.6494756937026978 -0.5694373846054077 3.2453465461730957 128 128 128
1.8089165687561035 -0.5370666980743408 3.1066396236419678 128 128 128
0.8062065243721008 -0.4056028723716736 2.407797336578369 128 128 128
1.1048461198806763 -0.4555385708808899 2.7012996673583984 128 128 128
1.7074724435806274 -0.4566599726676941 2.8105568885803223 128 128 128
-0.13887296617031097 -0.20088377594947815 1.3186830282211304 128 128 128
0.18802551925182343 -0.26452764868736267 1.6912486553192139 128 128 128
0.8756697177886963 -0.40000519156455994 2.494915008544922 128 128 128
0.9349335432052612 -0.4001464247703552 2.489710807800293 128 128 128
1.4991182088851929 -0.4967042803764343 3.1076133251190186 128 128 128
1.4325683116912842 -0.44268539547920227 2.7815780639648438 128 128 128
-0.1914510577917099 -0.176748126745224 1.2305940389633179 128 128 128
0.5152623057365417 -0.31072041392326355 2.049487590789795 128 128 128
0.778291642665863 -0.3556654155254364 2.331198215484619 128 128 128
0.9688843488693237 -0.37756168842315674 2.47476863861084 128 128 128
1.3547656536102295 -0.3822339177131653 2.5503647327423096 128 128 128
-0.25354620814323425 -0.15948940813541412 1.1837921142578125 128 128 128
-0.2953253984451294 -0.14069576561450958 1.116768717765808 128 128 128
-0.1854809671640396 -0.1614667922258377 1.2552393674850464 128 128 128
-0.05629171058535576 -0.18623806536197662 1.4178069829940796 128 128 128
0.06778578460216522 -0.20764438807964325 1.562025547027588 128 128 128
0.09516869485378265 -0.2121032029390335 1.5886590480804443 128 128 128
0.27112987637519836 -0.24125604331493378 1.792434811592102 128 128 128
0.7022225856781006 -0.3039829432964325 2.2206435203552246 128 128 128
-0.22929221391677856 -0.14565129578113556 1.2080413103103638 128 128 128
0.17392779886722565 -0.2171955108642578 1.720607042312622 128 128 128
0.5872822999954224 -0.27616095542907715 2.140219211578369 128 128 128
1.5330002307891846 -0.26508525013923645 2.29150390625 128 128 128
1.111283302307129 -0.3051244616508484 2.5364227294921875 128 128 128
-0.3272785544395447 -0.11313708871603012 1.0956132411956787 128 128 128
-0.21096444129943848 -0.12815313041210175 1.2146694660186768 128 128 128
0.01361302100121975 -0.16472354531288147 1.5065853595733643 128 128 128
0.03875211626291275 -0.16700690984725952 1.519147515296936 128 128 128
0.16800075769424438 -0.18687273561954498 1.6795471906661987 128 128 128
0.7769007682800293 -0.2545682191848755 2.2386670112609863 128 128 128
-0.04723085090517998 -0.1450922042131424 1.4321331977844238 128 128 128
0.8788601160049438 -0.2446601241827011 2.317901372909546 128 128 128
1.053159236907959 -0.2510503828525543 2.411125898361206 128 128 128
1.3590420484542847 -0.24704262614250183 2.4942641258239746 128 128 128
0.012056608684360981 -0.14209246635437012 1.503886342048645 128 128 128
0.3178517520427704 -0.17860345542430878 1.8357185125350952 128 128 128
0.9349372982978821 -0.22862392663955688 2.3649606704711914 128 128 128
1.1227868795394897 -0.23745815455913544 2.4814560413360596 128 128 128
1.4550601243972778 -0.19847755134105682 2.336611270904541 128 128 128
-0.048161525279283524 -0.12249191850423813 1.4254670143127441 128 128 128
0.42181164026260376 -0.17004896700382233 1.8987743854522705 128 128 128
0.5880076885223389 -0.18355806171894073 2.0428380966186523 128 128 128
1.3798363208770752 -0.18657569587230682 2.3518426418304443 128 128 128
-0.10157454013824463 -0.10396402329206467 1.343495488166809 128 128 128
0.3091903626918793 -0.14652885496616364 1.796585202217102 128 128 128
0.6800229549407959 -0.17351415753364563 2.12434458732605 128 128 128
0.8932830691337585 -0.18310606479644775 2.2680583000183105 128 128 128
1.05001962184906 -0.18259020149707794 2.3242175579071045 128 128 128
0.23822011053562164 -0.12591387331485748 1.7179913520812988 128 128 128
0.8855562210083008 -0.15187369287014008 2.1189143657684326 128 128 128
1.3172625303268433 -0.13961537182331085 2.2459938526153564 128 128 128
0.021472681313753128 -0.09642716497182846 1.5031253099441528 128 128 128
1.3502532243728638 -0.12305651605129242 2.301454544067383 128 128 128
1.6613624095916748 -0.11711117625236511 2.4507603645324707 128 128 128
-0.0391041561961174 -0.07921501249074936 1.4243394136428833 128 128 128
-0.01597871631383896 -0.08079425990581512 1.432798147201538 128 128 128
0.5531433820724487 -0.11688298732042313 1.997683048248291 128 128 128
0.6954907774925232 -0.11965332180261612 2.07926607131958 128 128 128
1.1797057390213013 -0.11694815754890442 2.3185980319976807 128 128 128
-0.28211045265197754 -0.04954446479678154 1.1210768222808838 128 128 128
0.019531061872839928 -0.07275022566318512 1.4860328435897827 128 128 128
0.5848696231842041 -0.10089631378650665 1.999086618423462 128 128 128
0.5786299109458923 -0.09612903743982315 1.922790288925171 128 128 128
0.9346246719360352 -0.10235024988651276 2.200814962387085 128 128 128
1.1657791137695312 -0.09175129234790802 2.221411943435669 128 128 128
1.4014017581939697 -0.09077576547861099 2.4281527996063232 128 128 128
-0.040137868374586105 -0.05673113837838173 1.4086374044418335 128 128 128
0.017507940530776978 -0.04909710958600044 1.4606614112854004 128 128 128
0.16256915032863617 -0.054944075644016266 1.586272954940796 128 128 128
0.27464357018470764 -0.0599653460085392 1.716128945350647 128 128 128
0.745052695274353 -0.06628307700157166 2.039442539215088 128 128 128
0.9146436452865601 -0.06804601848125458 2.2050247192382812 128 128 128
-0.13575318455696106 -0.03192705661058426 1.3030482530593872 128 128 128
0.07984345406293869 -0.039437707513570786 1.5143195390701294 128 128 128
0.6542938351631165 -0.05163732171058655 2.0221312046051025 128 128 128
0.9341251254081726 -0.04417615011334419 2.124765157699585 128 128 128
0.028296170756220818 -0.026842040941119194 1.4797089099884033 128 128 128
0.15691141784191132 -0.02948002889752388 1.5502663850784302 128 128 128
0.548605740070343 -0.03320044279098511 1.8892602920532227 128 128 128
0.8543698787689209 -0.03349233791232109 2.1964898109436035 128 128 128
-0.2981179654598236 -0.0070244427770376205 1.1018065214157104 128 128 128
-0.11605747044086456 -0.012157716788351536 1.3083384037017822 128 128 128
-0.08661807328462601 -0.0025524140801280737 1.3424780368804932 128 128 128
0.2874146103858948 -0.005600809585303068 1.6542457342147827 128 128 128
-0.2956293821334839 0.009862632490694523 1.0890874862670898 128 128 128
0.4536718726158142 0.01018779631704092 1.8357157707214355 128 128 128
0.02415880374610424 0.018910229206085205 1.4428132772445679 128 128 128
0.5292650461196899 0.02690121904015541 1.8951244354248047 128 128 128
0.6462817192077637 0.031050054356455803 1.9654195308685303 128 128 128
0.19384822249412537 0.0328509695827961 1.5770047903060913 128 128 128
-0.3281368315219879 0.03475169464945793 1.0721911191940308 128 128 128
0.022206567227840424 0.041235171258449554 1.4265825748443604 128 128 128
0.1359080672264099 0.043451812118291855 1.520982027053833 128 128 128
0.6196731328964233 0.060823310166597366 1.892626404762268 128 128 128
0.29631587862968445 0.061024557799100876 1.6576635837554932 128 128 128
0.5317466259002686 0.07123162597417831 1.8095424175262451 128 128 128
0.654319167137146 0.07814782857894897 1.9058836698532104 128 128 128
-0.07979926466941833 0.06006624549627304 1.3368505239486694 128 128 128
-0.028031378984451294 0.09286830574274063 1.3620902299880981 128 128 128
0.27251970767974854 0.11178367584943771 1.6242291927337646 128 128 128
0.3669332265853882 0.11871185898780823 1.6870307922363281 128 128 128
0.39833274483680725 0.1201372966170311 1.7045023441314697 128 128 128
0.5185768008232117 0.1321205049753189 1.8295341730117798 128 128 128
-0.07209736853837967 0.10154755413532257 1.3337621688842773 128 128 128
-0.05048452317714691 0.10104784369468689 1.3335756063461304 128 128 128
0.02728975936770439 0.10600336641073227 1.4027308225631714 128 128 128
0.11457659304141998 0.11325712502002716 1.483515739440918 128 128 128
0.2595272958278656 0.13283608853816986 1.5588313341140747 128 128 128
0.35485249757766724 0.14219124615192413 1.6425837278366089 128 128 128
0.4618089497089386 0.15333354473114014 1.7382105588912964 128 128 128
0.411548912525177 0.16369791328907013 1.712753176689148 128 128 128
-0.020856965333223343 0.13568975031375885 1.3650861978530884 128 128 128
0.345015287399292 0.17145174741744995 1.6702184677124023 128 128 128
0.3301195800304413 0.1915045827627182 1.609485387802124 128 128 128
2.0743231773376465 -6.4554548263549805 14.036581993103027 128 128 128
1.7555100917816162 -3.2204575538635254 7.035863399505615 128 128 128
1.7036525011062622 -2.9301698207855225 6.39335298538208 128 128 128
2.0804338455200195 -6.3052802085876465 14.093779563903809 128 128 128
1.7466518878936768 -2.9242095947265625 6.562800884246826 128 128 128
1.7466456890106201 -2.6791136264801025 6.179441452026367 128 128 128
0.8426814675331116 3.6374597549438477 -9.270207405090332 128 128 128
1.7980595827102661 -3.04671049118042 7.497145652770996 128 128 128
1.8715239763259888 -3.3068861961364746 8.409785270690918 128 128 128
1.8261704444885254 -3.003767728805542 7.627911567687988 128 128 128
1.801615834236145 -2.7756614685058594 7.032948970794678 128 128 128
1.0627928972244263 1.9448928833007812 -5.277507781982422 128 128 128
1.8691866397857666 -2.9806270599365234 7.821463108062744 128 128 128
1.8314321041107178 -2.7344744205474854 7.160795211791992 128 128 128
2.009869337081909 -3.5979652404785156 9.80603313446045 128 128 128
2.053046226501465 -3.555107593536377 10.03754997253418 128 128 128
1.908131718635559 -2.954299211502075 8.309124946594238 128 128 128
1.558897852897644 -1.0086489915847778 2.72438383102417 128 128 128
3.297419786453247 -10.93346881866455 31.841882705688477 128 128 128
1.9651302099227905 -3.1656956672668457 9.252012252807617 128 128 128
0.8574394583702087 2.787141799926758 -8.657790184020996 128 128 128
1.7967088222503662 -2.0593483448028564 6.071925640106201 128 128 128
1.7921830415725708 -1.9503871202468872 5.7340006828308105 128 128 128
1.5663539171218872 -0.9376777410507202 2.664268970489502 128 128 128
1.5809078216552734 -0.9339448809623718 2.651380777359009 128 128 128
1.0848349332809448 1.6145098209381104 -5.192466735839844 128 128 128
1.9977095127105713 -3.101186513900757 9.423393249511719 128 128 128
1.9520184993743896 -2.8172476291656494 8.53593921661377 128 128 128
1.5973973274230957 -1.0507326126098633 3.0664865970611572 128 128 128
1.5524920225143433 -0.8466805815696716 2.4349138736724854 128 128 128
1.1518821716308594 1.1137548685073853 -3.7114405632019043 128 128 128
0.7499786019325256 3.1530144214630127 -10.150090217590332 128 128 128
1.8687832355499268 -2.318288803100586 7.134779453277588 128 128 128
1.8440358638763428 -2.157390832901001 6.619420528411865 128 128 128
1.5819075107574463 -0.7902275919914246 2.301602840423584 128 128 128
2.114854097366333 -3.4321208000183105 10.863224983215332 128 128 128
1.7195669412612915 -1.5352407693862915 4.752420902252197 128 128 128
1.7529960870742798 -1.5316569805145264 4.735725402832031 128 128 128
1.6352555751800537 -1.1204265356063843 3.4165079593658447 128 128 128
1.578979253768921 -0.8616632223129272 2.580312728881836 128 128 128
0.7323297262191772 2.944336175918579 -9.890229225158691 128 128 128
5.989756107330322 -21.310672760009766 69.96943664550781 128 128 128
4.084564208984375 -12.19888973236084 39.92151641845703 128 128 128
3.447387456893921 -8.867441177368164 28.95193099975586 128 128 128
1.8797974586486816 -2.1189041137695312 6.762457370758057 128 128 128
2.269812822341919 -3.865933656692505 12.789331436157227 128 128 128
2.2523763179779053 -3.5175797939300537 11.601110458374023 128 128 128
2.1899282932281494 -3.158437728881836 10.386768341064453 128 128 128
1.7579255104064941 -1.5792821645736694 5.102294921875 128 128 128
1.6482044458389282 -1.1435295343399048 3.638887882232666 128 128 128
1.597455620765686 -0.8730047941207886 2.725048780441284 128 128 128
3.606337308883667 -8.9138765335083 30.392040252685547 128 128 128
2.767975091934204 -5.679779529571533 19.264955520629883 128 128 128
1.9687120914459229 -2.2605316638946533 7.549212455749512 128 128 128
1.7071894407272339 -1.3218008279800415 4.329960346221924 128 128 128
1.6896899938583374 -1.2591232061386108 4.112136363983154 128 128 128
1.615634799003601 -0.9820027351379395 3.1621992588043213 128 128 128
1.6391574144363403 -0.9819211363792419 3.1569290161132812 128 128 128
1.794925332069397 -1.6645697355270386 5.628889560699463 128 128 128
1.8004913330078125 -1.6298447847366333 5.502807140350342 128 128 128
3.2237181663513184 -7.173523426055908 25.495445251464844 128 128 128
1.7491308450698853 -1.3545125722885132 4.6405348777771 128 128 128
1.7268997430801392 -1.2842689752578735 4.387691974639893 128 128 128
2.2331318855285645 -3.350783586502075 12.08845329284668 128 128 128
2.1431725025177 -2.9615485668182373 10.643394470214844 128 128 128
1.818181037902832 -1.6184043884277344 5.714231014251709 128 128 128
4.1581597328186035 -10.179412841796875 38.05229949951172 128 128 128
1.9848873615264893 -2.1665730476379395 7.904274940490723 128 128 128
1.6136213541030884 -0.8176902532577515 2.8417394161224365 128 128 128
1.6268575191497803 -0.8137784600257874 2.8237078189849854 128 128 128
-1.2429848909378052 9.492059707641602 -36.80519104003906 128 128 128
2.4833478927612305 -3.9139482975006104 14.833203315734863 128 128 128
1.870933175086975 -1.6758846044540405 6.217768669128418 128 128 128
1.7813024520874023 -1.2420119047164917 4.53788948059082 128 128 128
1.7425240278244019 -1.1685839891433716 4.258322238922119 128 128 128
1.6657423973083496 -0.9118016958236694 3.271387815475464 128 128 128
1.6431937217712402 -0.8736975193023682 3.125012159347534 128 128 128
1.668168306350708 -0.8746713995933533 3.123157024383545 128 128 128
4.632901668548584 -10.882950782775879 42.6447868347168 128 128 128
2.2338457107543945 -2.6711554527282715 10.28637409210205 128 128 128
-1.0813078880310059 7.970199108123779 -32.50880432128906 128 128 128
-2.444711208343506 12.064840316772461 -48.99009704589844 128 128 128
2.5822227001190186 -3.891667127609253 15.483917236328125 128 128 128
2.480691909790039 -3.407754421234131 13.52188777923584 128 128 128
1.932503342628479 -1.6544082164764404 6.437617301940918 128 128 128
1.872742772102356 -1.522215485572815 5.909877777099609 128 128 128
1.7619624137878418 -1.1285120248794556 4.313124179840088 128 128 128
1.691219449043274 -0.8841259479522705 3.325927495956421 128 128 128
0.3523992896080017 3.2655699253082275 -13.821739196777344 128 128 128
9.602140426635742 -25.349851608276367 105.0205078125 128 128 128
2.2539596557617188 -2.571829319000244 10.410911560058594 128 128 128
2.159562587738037 -2.294154167175293 9.261371612548828 128 128 128
1.817736029624939 -1.3129264116287231 5.1957011222839355 128 128 128
1.7254910469055176 -1.0034873485565186 3.9085094928741455 128 128 128
-4.727077960968018 19.17697525024414 -81.95817565917969 128 128 128
2.6453680992126465 -3.802128553390503 15.925848960876465 128 128 128
2.010864019393921 -1.7314386367797852 7.109677791595459 128 128 128
1.8047946691513062 -1.1680948734283447 4.714487552642822 128 128 128
1.7693833112716675 -1.100671648979187 4.429264545440674 128 128 128
1.7093373537063599 -0.892598032951355 3.540720224380493 128 128 128
1.7398498058319092 -0.893994152545929 3.542680501937866 128 128 128
2.1469101905822754 -2.245875120162964 9.576515197753906 128 128 128
2.258354663848877 -2.2853519916534424 9.715348243713379 128 128 128
1.9031851291656494 -1.369249939918518 5.724094867706299 128 128 128
1.8750247955322266 -1.2908148765563965 5.371367931365967 128 128 128
1.6525319814682007 -0.6159249544143677 2.42226243019104 128 128 128
0.6493771076202393 2.0561769008636475 -9.53958511352539 128 128 128
-3.436154365539551 13.309854507446289 -60.186607360839844 128 128 128
2.0668013095855713 -1.844943881034851 8.036847114562988 128 128 128
1.7159322500228882 -0.8664968013763428 3.622647762298584 128 128 128
1.6868449449539185 -0.7546477317810059 3.1218488216400146 128 128 128
4.904712677001953 -9.266971588134766 42.612998962402344 128 128 128
2.227342367172241 -2.2139840126037598 9.968950271606445 128 128 128
1.049888253211975 0.9811486005783081 -4.984295845031738 128 128 128
0.7222595810890198 1.8999457359313965 -9.3834810256958 128 128 128
25.31507110595703 -65.15113067626953 310.8514404296875 128 128 128
2.8993332386016846 -3.9412903785705566 18.53124237060547 128 128 128
2.148937225341797 -1.8182048797607422 8.380549430847168 128 128 128
2.0564749240875244 -1.6388168334960938 7.530519485473633 128 128 128
1.7577323913574219 -0.8680351376533508 3.851970911026001 128 128 128
5.425309181213379 -9.694475173950195 47.40340805053711 128 128 128
2.375270366668701 -2.4008495807647705 11.524815559387207 128 128 128
2.30679988861084 -2.1684305667877197 10.358141899108887 128 128 128
1.8185646533966064 -0.9911224842071533 4.573667526245117 128 128 128
1.6710838079452515 -0.5931417346000671 2.614870071411133 128 128 128
-2.1031782627105713 8.664229393005371 -44.34553146362305 128 128 128
3.0578999519348145 -3.9309134483337402 19.639711380004883 128 128 128
1.9026877880096436 -1.1658910512924194 5.613250255584717 128 128 128
1.9589968919754028 -1.174117088317871 5.641014099121094 128 128 128
1.7933868169784546 -0.8806517720222473 4.1649651527404785 128 128 128
1.8101917505264282 -0.8753531575202942 4.124802589416504 128 128 128
1.7311010360717773 -0.6951072812080383 3.212958812713623 128 128 128
1.6834003925323486 -0.6086650490760803 2.7806105613708496 128 128 128
-0.10034199804067612 3.4687952995300293 -18.526674270629883 128 128 128
-19.090896606445312 45.11715316772461 -237.30148315429688 128 128 128
14.840835571289062 -29.223186492919922 152.90560913085938 128 128 128
4.296156406402588 -6.759551525115967 35.194923400878906 128 128 128
2.0283122062683105 -1.3290998935699463 6.644721508026123 128 128 128
1.76276695728302 -0.7738133668899536 3.7362704277038574 128 128 128
1.7166990041732788 -0.6510898470878601 3.092794895172119 128 128 128
-1.8421579599380493 7.209968090057373 -39.452552795410156 128 128 128
3.235372304916382 -3.9028384685516357 20.870655059814453 128 128 128
2.2445414066314697 -1.6863442659378052 8.805505752563477 128 128 128
1.8496146202087402 -0.8859558701515198 4.47666597366333 128 128 128
1.7049293518066406 -0.602566123008728 2.941204786300659 128 128 128
1.7239340543746948 -0.6032511591911316 2.9321823120117188 128 128 128
0.8361114263534546 1.1755644083023071 -6.952457427978516 128 128 128
7.696078777313232 -13.150741577148438 73.55809783935547 128 128 128
1.8679227828979492 -0.9179094433784485 4.816933631896973 128 128 128
1.7812608480453491 -0.7348581552505493 3.781712293624878 128 128 128
1.7402384281158447 -0.6461330056190491 3.2876763343811035 128 128 128
1.7245103120803833 -0.5639317631721497 2.815512180328369 128 128 128
0.6614871025085449 1.542608380317688 -9.373974800109863 128 128 128
-1.5927571058273315 5.880106449127197 -34.63829803466797 128 128 128
2.2355663776397705 -1.6203328371047974 9.094165802001953 128 128 128
1.8967673778533936 -0.8518201112747192 4.599689960479736 128 128 128
9.95263671875 -15.897200584411621 95.82665252685547 128 128 128
2.148935317993164 -1.337722659111023 7.710920333862305 128 128 128
1.837712287902832 -0.7429770231246948 4.12692928314209 128 128 128
1.7707525491714478 -0.6156848073005676 3.350416660308838 128 128 128
-1.4294190406799316 4.963962078094482 -31.62654685974121 128 128 128
1.918466567993164 -0.850302517414093 4.962568759918213 128 128 128
1.9380054473876953 -0.8436904549598694 4.907766342163086 128 128 128
1.7872756719589233 -0.6546548008918762 3.7376081943511963 128 128 128
1.1355527639389038 0.4762023389339447 -3.5308589935302734 128 128 128
0.7388405799865723 1.104594349861145 -7.638322353363037 128 128 128
-21.779190063476562 38.39678192138672 -252.0585479736328 128 128 128
2.807729721069336 -2.261603832244873 14.424304962158203 128 128 128
2.0119693279266357 -0.9338575005531311 5.702267169952393 128 128 128
1.082509160041809 0.5196547508239746 -3.980797290802002 128 128 128
0.9119882583618164 0.7542998194694519 -5.570274829864502 128 128 128
0.4979962408542633 1.4800889492034912 -10.560049057006836 128 128 128
2.513568639755249 -1.6780389547348022 11.047466278076172 128 128 128
1.8127682209014893 -0.5649215579032898 3.437771797180176 128 128 128
1.1314500570297241 0.4411669373512268 -3.6039397716522217 128 128 128
-8.460809707641602 13.827942848205566 -98.94414520263672 128 128 128
2.399519443511963 -1.3511985540390015 9.21330738067627 128 128 128
1.8958081007003784 -0.6939989328384399 4.527899265289307 128 128 128
1.9269548654556274 -0.6945085525512695 4.512916564941406 128 128 128
-1.7309061288833618 4.401837348937988 -33.40804672241211 128 128 128
4.561254978179932 -4.304300785064697 31.8023624420166 128 128 128
1.9938085079193115 -0.7557096481323242 5.1799187660217285 128 128 128
0.0965874120593071 1.7200998067855835 -13.989831924438477 128 128 128
2.468003749847412 -1.2740044593811035 9.50875186920166 128 128 128
2.0609564781188965 -0.8273165822029114 6.011233329772949 128 128 128
1.9439336061477661 -0.6533547639846802 4.6522417068481445 128 128 128
1.8646501302719116 -0.5586866140365601 3.9160802364349365 128 128 128
1.03486967086792 0.4254927337169647 -4.029264450073242 128 128 128
4.94965124130249 -4.266889572143555 34.740726470947266 128 128 128
2.21565842628479 -0.9308648705482483 7.168571949005127 128 128 128
2.0035946369171143 -0.7063142657279968 5.332113265991211 128 128 128
1.8856233358383179 -0.5165513157844543 3.7660257816314697 128 128 128
-0.2975112795829773 1.92376708984375 -17.33539390563965 128 128 128
-19.008596420288086 23.55455780029297 -206.4319610595703 128 128 128
2.195338010787964 -0.8351563811302185 6.747786045074463 128 128 128
2.035548210144043 -0.6442018151283264 5.084551811218262 128 128 128
1.8848063945770264 -0.4741840362548828 3.5887675285339355 128 128 128
1.801336407661438 -0.41444307565689087 3.0874953269958496 128 128 128
9.043883323669434 -7.896703720092773 72.40277862548828 128 128 128
2.0946969985961914 -0.6939579248428345 5.847200393676758 128 128 128
1.9604413509368896 -0.5510312914848328 4.525282382965088 128 128 128
2.576037645339966 -1.114007592201233 10.328025817871094 128 128 128
1.9378432035446167 -0.4990687072277069 4.3114848136901855 128 128 128
-1.715040922164917 2.7878336906433105 -29.909639358520508 128 128 128
6.310652732849121 -4.597788333892822 47.69879913330078 128 128 128
1.9515515565872192 -0.4535530209541321 4.117243766784668 128 128 128
-8.109468460083008 7.931087017059326 -89.9600601196289 128 128 128
2.6625816822052 -1.019223690032959 10.71640682220459 128 128 128
1.8780072927474976 -0.3904397189617157 3.705289363861084 128 128 128
0.7336746454238892 0.48986342549324036 -6.660548686981201 128 128 128
-1.6183291673660278 2.3229081630706787 -28.776039123535156 128 128 128
8.35958194732666 -5.345015525817871 63.70448303222656 128 128 128
1.901712417602539 -0.35611289739608765 3.579028844833374 128 128 128
-0.20957595109939575 1.0807329416275024 -14.906882286071777 128 128 128
-5.045722484588623 4.277797222137451 -56.66287612915039 128 128 128
2.7878212928771973 -0.9203103184700012 11.262312889099121 128 128 128
2.4110543727874756 -0.677839994430542 8.101573944091797 128 128 128
2.151007890701294 -0.5006684064865112 5.772031307220459 128 128 128
0.9664638638496399 0.24745191633701324 -4.407193183898926 128 128 128
2.2429938316345215 -0.5333058834075928 6.7866291999816895 128 128 128
1.924072027206421 -0.3242822587490082 3.8062081336975098 128 128 128
1.8316303491592407 -0.24971841275691986 2.727792739868164 128 128 128
5.284512042999268 -2.124222755432129 32.40960693359375 128 128 128
2.4941704273223877 -0.5956780910491943 8.409039497375488 128 128 128
2.1785647869110107 -0.4413820207118988 5.995415210723877 128 128 128
0.6973364353179932 0.32243940234184265 -6.696393013000488 128 128 128
15.575807571411133 -6.972017765045166 120.62545776367188 128 128 128
3.4782276153564453 -1.0316362380981445 17.02621078491211 128 128 128
-6.029379367828369 3.1676604747772217 -63.34958267211914 128 128 128
1.9065570831298828 -0.24109864234924316 3.603611469268799 128 128 128
1.8531112670898438 -0.19707752764225006 2.765896797180176 128 128 128
91.7071533203125 -33.83343505859375 766.06689453125 128 128 128
39.331298828125 -13.682840347290039 307.19732666015625 128 128 128
2.3647027015686035 -0.38570258021354675 7.3854193687438965 128 128 128
2.3836777210235596 -0.38054707646369934 7.255712032318115 128 128 128
2.0564725399017334 -0.2697427570819855 4.7971343994140625 128 128 128
0.5877403616905212 0.2158692181110382 -7.251649856567383 128 128 128
2.2977821826934814 -0.30694058537483215 6.508228778839111 128 128 128
-0.8229590654373169 0.5332371592521667 -18.966890335083008 128 128 128
3.055680751800537 -0.4425774812698364 12.11380672454834 128 128 128
2.1425909996032715 -0.21554838120937347 5.00986385345459 128 128 128
-3.742750883102417 0.9517762660980225 -40.31272506713867 128 128 128
10.42703914642334 -1.7898792028427124 68.89473724365234 128 128 128
0.9854833483695984 0.010079124011099339 -3.7069320678710938 128 128 128
2.1185388565063477 -0.150549054145813 5.063784122467041 128 128 128
2.1568708419799805 -0.15176191926002502 5.055080413818359 128 128 128
2.0432257652282715 -0.1362084597349167 4.286153316497803 128 128 128
1.039899230003357 -0.019307708367705345 -3.3769984245300293 128 128 128
2.1075680255889893 -0.11428025364875793 4.85006856918335 128 128 128
0.6402648687362671 -0.02257952280342579 -6.334877967834473 128 128 128
-9.523656845092773 0.4098753333091736 -82.06592559814453 128 128 128
3.192201614379883 -0.12830358743667603 13.206974983215332 128 128 128
2.3404788970947266 -0.09483466297388077 6.522384166717529 128 128 128
0.45782074332237244 -0.06684920191764832 -7.624692440032959 128 128 128
-0.07919485867023468 -0.06999249756336212 -11.823219299316406 128 128 128
4.1822686195373535 -0.039766617119312286 20.148351669311523 128 128 128
2.280914068222046 -0.048876963555812836 6.081494331359863 128 128 128
2.190162420272827 -0.014776648953557014 5.4807963371276855 128 128 128
2.9566385746002197 0.0990898460149765 11.153587341308594 128 128 128
2.3161792755126953 0.032478608191013336 6.335086822509766 128 128 128
2.3550007343292236 0.030848177149891853 6.297982215881348 128 128 128
-4.784572601318359 -0.9860665202140808 -45.546226501464844 128 128 128
9.76628589630127 1.101302146911621 56.73615646362305 128 128 128
3.80937123298645 0.2808828055858612 16.498437881469727 128 128 128
3.5693187713623047 0.3363984525203705 14.44689655303955 128 128 128
11.637321472167969 2.3728458881378174 71.61434173583984 128 128 128
2.371095895767212 0.15339644253253937 6.229615211486816 128 128 128
3.78462553024292 0.5651645660400391 15.397504806518555 128 128 128
4.507710933685303 0.8639098405838013 19.745546340942383 128 128 128
0.36660587787628174 -0.45333752036094666 -7.411505699157715 128 128 128
-0.0963185727596283 -0.6197822690010071 -10.581979751586914 128 128 128
-1.2178566455841064 -1.016203761100769 -17.932174682617188 128 128 128
7.622330188751221 2.0278573036193848 39.30156707763672 128 128 128
4.353732109069824 1.1791002750396729 18.54851531982422 128 128 128
0.16279233992099762 -0.424687922000885 0.8266175389289856 128 128 128
0.21622531116008759 -0.4236946105957031 0.8214071989059448 128 128 128
0.14921697974205017 -0.4137178957462311 0.8305298686027527 128 128 128
0.16282311081886292 -0.4136499762535095 0.82962566614151 128 128 128
0.19005393981933594 -0.41477468609809875 0.8292111754417419 128 128 128
0.2030542492866516 -0.41340839862823486 0.8259339332580566 128 128 128
0.13570904731750488 -0.4033580422401428 0.8358141183853149 128 128 128
0.1770886778831482 -0.3938581645488739 0.8385031819343567 128 128 128
0.14997375011444092 -0.3832060992717743 0.8452094197273254 128 128 128
0.16353514790534973 -0.3830384612083435 0.843311071395874 128 128 128
-0.10743386298418045 -0.3482103943824768 0.8750403523445129 128 128 128
0.19840101897716522 -0.34284013509750366 0.8507922887802124 128 128 128
0.22588321566581726 -0.342962384223938 0.8481932282447815 128 128 128
0.21247750520706177 -0.3318583071231842 0.8531330227851868 128 128 128
0.12858115136623383 -0.3258120119571686 0.8619055151939392 128 128 128
0.2801128327846527 -0.3245900571346283 0.8442742824554443 128 128 128
0.4805247485637665 -0.32074350118637085 0.8152039051055908 128 128 128
0.49887505173683167 -0.3204720914363861 0.8120696544647217 128 128 128
0.19119302928447723 -0.3189420700073242 0.8550282716751099 128 128 128
0.19923339784145355 -0.32077252864837646 0.8591512441635132 128 128 128
0.44285425543785095 -0.31584611535072327 0.8212947249412537 128 128 128
0.5184102058410645 -0.31458914279937744 0.8111428022384644 128 128 128
0.5254662036895752 -0.3150428235530853 0.8116269707679749 128 128 128
-0.2776499092578888 -0.31351733207702637 0.903759777545929 128 128 128
-0.037313587963581085 -0.3152269721031189 0.8845647573471069 128 128 128
0.1575697511434555 -0.3161694407463074 0.8673298358917236 128 128 128
0.26756933331489563 -0.3135662078857422 0.8503297567367554 128 128 128
0.28131112456321716 -0.3141007721424103 0.8494820594787598 128 128 128
0.4819967746734619 -0.31015679240226746 0.8185080289840698 128 128 128
0.020983358845114708 -0.3074243366718292 0.8762273788452148 128 128 128
0.03542512655258179 -0.3084504306316376 0.8767316937446594 128 128 128
0.0645536333322525 -0.31025785207748413 0.8782937526702881 128 128 128
0.5026505589485168 -0.30460286140441895 0.8190187811851501 128 128 128
0.24687400460243225 -0.30182701349258423 0.8540589809417725 128 128 128
0.03500793129205704 -0.2969878017902374 0.8811572790145874 128 128 128
0.17826974391937256 -0.2969413697719574 0.8662852644920349 128 128 128
0.4846554100513458 -0.29364725947380066 0.8239174485206604 128 128 128
0.24756915867328644 -0.2904813587665558 0.8580877780914307 128 128 128
0.28805479407310486 -0.28316134214401245 0.8516565561294556 128 128 128
0.11479589343070984 -0.2796381711959839 0.8810114860534668 128 128 128
0.24844790995121002 -0.2793421447277069 0.8628138899803162 128 128 128
-0.10740156471729279 -0.2718556225299835 0.9025683403015137 128 128 128
-0.06993229687213898 -0.2729356586933136 0.9005354046821594 128 128 128
0.19318020343780518 -0.27411961555480957 0.8733001351356506 128 128 128
0.12150436639785767 -0.2668164372444153 0.8805709481239319 128 128 128
0.2494296282529831 -0.267963707447052 0.8677108883857727 128 128 128
0.3164673149585724 -0.26578986644744873 0.8535979390144348 128 128 128
0.3388589918613434 -0.26790711283683777 0.8566141724586487 128 128 128
0.4808817505836487 -0.2650449275970459 0.8308128714561462 128 128 128
0.0560494139790535 -0.26037535071372986 0.8895739912986755 128 128 128
0.07077457010746002 -0.26162466406822205 0.8905662894248962 128 128 128
0.2770138680934906 -0.26111313700675964 0.8640928268432617 128 128 128
0.2907092869281769 -0.2607392966747284 0.8618968725204468 128 128 128
0.4510272741317749 -0.26026400923728943 0.8398869633674622 128 128 128
0.5193154811859131 -0.25868430733680725 0.8260825872421265 128 128 128
-0.010848885402083397 -0.25373294949531555 0.8970685005187988 128 128 128
0.003949957434087992 -0.2554002106189728 0.8998121023178101 128 128 128
0.22737817466259003 -0.25424253940582275 0.8677666783332825 128 128 128
0.31698280572891235 -0.25394749641418457 0.8561409711837769 128 128 128
0.07079025357961655 -0.25028157234191895 0.8972305059432983 128 128 128
0.17968806624412537 -0.25018808245658875 0.8826835751533508 128 128 128
0.26939404010772705 -0.24831053614616394 0.8642553687095642 128 128 128
0.27795132994651794 -0.24970917403697968 0.8684648871421814 128 128 128
0.42392247915267944 -0.24747927486896515 0.8423145413398743 128 128 128
-0.011366646736860275 -0.24122680723667145 0.9008297324180603 128 128 128
0.00349378096871078 -0.24178624153137207 0.8997043967247009 128 128 128
0.21390607953071594 -0.24200472235679626 0.8731088042259216 128 128 128
0.3049248456954956 -0.24254769086837769 0.8633247017860413 128 128 128
0.3456839621067047 -0.236323744058609 0.85798579454422 128 128 128
0.3541640341281891 -0.2377501130104065 0.8613698482513428 128 128 128
0.47716617584228516 -0.23543737828731537 0.8376979231834412 128 128 128
0.4851652979850769 -0.23647280037403107 0.8395571112632751 128 128 128
-0.011952415108680725 -0.2291194200515747 0.9057899117469788 128 128 128
0.3717464804649353 -0.22947216033935547 0.8525813221931458 128 128 128
0.3804830312728882 -0.2306050807237625 0.856204628944397 128 128 128
0.4468304514884949 -0.23032598197460175 0.8466326594352722 128 128 128
0.06265699863433838 -0.22323869168758392 0.8990602493286133 128 128 128
0.15755204856395721 -0.22353391349315643 0.8862031102180481 128 128 128
0.17202132940292358 -0.2244318425655365 0.8855211734771729 128 128 128
0.2571374475955963 -0.2239782065153122 0.8737037181854248 128 128 128
-0.2902849614620209 -0.21116036176681519 0.9284594058990479 128 128 128
0.1278325915336609 -0.21640612185001373 0.8867912888526917 128 128 128
0.21562592685222626 -0.21848616003990173 0.8833979964256287 128 128 128
0.28559964895248413 -0.21829380095005035 0.8724033236503601 128 128 128
0.29919660091400146 -0.21859624981880188 0.8699620366096497 128 128 128
0.3603571951389313 -0.2178918570280075 0.8599651455879211 128 128 128
0.37300997972488403 -0.2175973802804947 0.8561911582946777 128 128 128
0.062364380806684494 -0.21060363948345184 0.9018371105194092 128 128 128
0.24406783282756805 -0.2123255878686905 0.8805968761444092 128 128 128
0.32557812333106995 -0.21160703897476196 0.8635193705558777 128 128 128
0.3341602087020874 -0.21273565292358398 0.867109477519989 128 128 128
0.5643659830093384 -0.21271449327468872 0.8332095742225647 128 128 128
-0.1053641214966774 -0.2030421942472458 0.9240025877952576 128 128 128
0.009726905263960361 -0.20381370186805725 0.9098367094993591 128 128 128
0.11385390907526016 -0.204493448138237 0.8957412242889404 128 128 128
0.12873245775699615 -0.20552748441696167 0.8962417244911194 128 128 128
0.34805426001548767 -0.20589977502822876 0.8657963275909424 128 128 128
-0.04369375854730606 -0.19622142612934113 0.9148827195167542 128 128 128
0.1500186324119568 -0.19780133664608002 0.8901810646057129 128 128 128
0.15868571400642395 -0.19945469498634338 0.8970750570297241 128 128 128
0.38702282309532166 -0.19945260882377625 0.8568063378334045 128 128 128
0.11391642689704895 -0.19207854568958282 0.8996604084968567 128 128 128
0.19340486824512482 -0.19209204614162445 0.8862794637680054 128 128 128
0.34975680708885193 -0.19438406825065613 0.8709503412246704 128 128 128
0.4740898311138153 -0.1937074065208435 0.846498966217041 128 128 128
-0.14599725604057312 -0.1829090118408203 0.93351811170578 128 128 128
0.046814318746328354 -0.18489985167980194 0.9091810584068298 128 128 128
0.14991353452205658 -0.18546441197395325 0.8925139307975769 128 128 128
0.31501784920692444 -0.18764753639698029 0.8757553696632385 128 128 128
0.36766788363456726 -0.18679635226726532 0.8622213006019592 128 128 128
0.37663739919662476 -0.18809926509857178 0.8663793206214905 128 128 128
0.11405850201845169 -0.17920273542404175 0.9034656882286072 128 128 128
0.179547980427742 -0.17937256395816803 0.8923526406288147 128 128 128
0.19418124854564667 -0.18011963367462158 0.8916614055633545 128 128 128
0.5233988165855408 -0.18260443210601807 0.846568763256073 128 128 128
-0.060194358229637146 -0.16941006481647491 0.9209766387939453 128 128 128
0.0692344680428505 -0.17196282744407654 0.9098052978515625 128 128 128
0.13544631004333496 -0.1719684898853302 0.8968307971954346 128 128 128
0.15024901926517487 -0.17273367941379547 0.8964473605155945 128 128 128
0.30184829235076904 -0.17492786049842834 0.8807547688484192 128 128 128
-0.07607501745223999 -0.16291876137256622 0.9234276413917542 128 128 128
0.016100192442536354 -0.16458415985107422 0.9163430333137512 128 128 128
0.10577835887670517 -0.16511055827140808 0.9006312489509583 128 128 128
0.1942775845527649 -0.1671801507472992 0.8936696648597717 128 128 128
0.26620668172836304 -0.16812606155872345 0.8850500583648682 128 128 128
0.3301580250263214 -0.16915956139564514 0.878403902053833 128 128 128
0.39077824354171753 -0.16896943747997284 0.8664631247520447 128 128 128
-0.022530516609549522 -0.15819668769836426 0.9253683090209961 128 128 128
0.05372650548815727 -0.1580819934606552 0.9107222557067871 128 128 128
0.3568212687969208 -0.16235947608947754 0.8721897602081299 128 128 128
0.5185204744338989 -0.16388072073459625 0.8506059646606445 128 128 128
-0.09206007421016693 -0.14866356551647186 0.926337480545044 128 128 128
-0.07689862698316574 -0.14998872578144073 0.9274871945381165 128 128 128
0.19517692923545837 -0.15471935272216797 0.8992375135421753 128 128 128
0.3172333538532257 -0.15605448186397552 0.8837646842002869 128 128 128
0.49048081040382385 -0.15693949162960052 0.8515210151672363 128 128 128
-0.1406179666519165 -0.14221255481243134 0.9404157996177673 128 128 128
-0.03042515739798546 -0.14309976994991302 0.9195340275764465 128 128 128
0.05364307016134262 -0.14528052508831024 0.9157451391220093 128 128 128
0.29533112049102783 -0.14940524101257324 0.8851509094238281 128 128 128
-0.1806948035955429 -0.13480649888515472 0.9434457421302795 128 128 128
-0.06236965209245682 -0.13770875334739685 0.9355484843254089 128 128 128
0.02292141318321228 -0.13766925036907196 0.9166387915611267 128 128 128
0.3724735677242279 -0.14366218447685242 0.8755336999893188 128 128 128
0.5667697191238403 -0.1464039534330368 0.8488231897354126 128 128 128
-0.11763228476047516 -0.12928858399391174 0.9401349425315857 128 128 128
0.21600407361984253 -0.13444174826145172 0.8940739631652832 128 128 128
0.2819940745830536 -0.13629990816116333 0.8904286623001099 128 128 128
0.34685930609703064 -0.13741561770439148 0.8850206732749939 128 128 128
-0.05481252446770668 -0.12365199625492096 0.9325015544891357 128 128 128
0.02259104512631893 -0.12485148012638092 0.9209476113319397 128 128 128
0.10629615187644958 -0.12629438936710358 0.9135176539421082 128 128 128
0.2453950047492981 -0.12839652597904205 0.8927597999572754 128 128 128
0.31034696102142334 -0.1299358308315277 0.8867236971855164 128 128 128
0.32511475682258606 -0.12396825104951859 0.8869881629943848 128 128 128
0.3872147500514984 -0.12467777729034424 0.8765495419502258 128 128 128
0.4461241066455841 -0.1251903921365738 0.8630443811416626 128 128 128
-0.15900269150733948 -0.10809062421321869 0.9494523406028748 128 128 128
-0.07061424106359482 -0.10876799374818802 0.9320957660675049 128 128 128
0.24658405780792236 -0.11628944426774979 0.8984150290489197 128 128 128
0.35270580649375916 -0.11733552813529968 0.8819822072982788 128 128 128
0.3615012466907501 -0.11849505454301834 0.8856548070907593 128 128 128
0.408662348985672 -0.1190168559551239 0.875726580619812 128 128 128
-0.11033546179533005 -0.10096698999404907 0.9384142756462097 128 128 128
0.06044074147939682 -0.10509391874074936 0.9194411039352417 128 128 128
0.20279602706432343 -0.1084623858332634 0.9042320251464844 128 128 128
0.2608702480792999 -0.10951600223779678 0.8961660265922546 128 128 128
0.32644516229629517 -0.1110130026936531 0.8911300897598267 128 128 128
-0.1601293683052063 -0.09401273727416992 0.9542773365974426 128 128 128
0.09112771600484848 -0.09960626065731049 0.921310544013977 128 128 128
0.15877610445022583 -0.10078969597816467 0.9120986461639404 128 128 128
0.23306265473365784 -0.10242034494876862 0.9046775102615356 128 128 128
0.4019145369529724 -0.10553422570228577 0.8772708177566528 128 128 128
-0.20058540999889374 -0.08610011637210846 0.9561892747879028 128 128 128
0.12825912237167358 -0.09271661192178726 0.9123470783233643 128 128 128
0.20324687659740448 -0.09538701176643372 0.9074861407279968 128 128 128
0.2620730400085449 -0.0962335616350174 0.9008621573448181 128 128 128
0.27644845843315125 -0.09702374786138535 0.8989404439926147 128 128 128
0.41587570309638977 -0.09896175563335419 0.8758451342582703 128 128 128
-0.048349879682064056 -0.08254047483205795 0.9360878467559814 128 128 128
0.014019175432622433 -0.08343517780303955 0.9252116680145264 128 128 128
0.22391322255134583 -0.08838896453380585 0.8994734883308411 128 128 128
0.3411708176136017 -0.09176424145698547 0.8915776014328003 128 128 128
0.2528694272041321 -0.08237756043672562 0.895942747592926 128 128 128
0.3049525022506714 -0.08376147598028183 0.8947737216949463 128 128 128
0.35510507225990295 -0.08537095785140991 0.8893581628799438 128 128 128
0.09801945835351944 -0.071986623108387 0.9189270734786987 128 128 128
0.2769477069377899 -0.07658056914806366 0.901328444480896 128 128 128
0.29207074642181396 -0.07746066898107529 0.9016634821891785 128 128 128
0.4394867420196533 -0.08067543804645538 0.8796716332435608 128 128 128
-0.2822491228580475 -0.05473634973168373 0.9605093598365784 128 128 128
0.0676538273692131 -0.06429249793291092 0.9248324632644653 128 128 128
0.2543434500694275 -0.06940193474292755 0.9018862843513489 128 128 128
0.35611698031425476 -0.07184065878391266 0.8921449780464172 128 128 128
-0.04125693812966347 -0.054959986358881 0.9371034502983093 128 128 128
0.02916223742067814 -0.05665013939142227 0.9337171912193298 128 128 128
0.09818208962678909 -0.058500323444604874 0.9229432940483093 128 128 128
0.22550326585769653 -0.06183920428156853 0.9075045585632324 128 128 128
0.269372820854187 -0.06324179470539093 0.9020649790763855 128 128 128
0.33425140380859375 -0.06450415402650833 0.8937649130821228 128 128 128
0.37554696202278137 -0.06552828848361969 0.8853952884674072 128 128 128
0.051960770040750504 -0.0502043254673481 0.9260998964309692 128 128 128
0.34857824444770813 -0.05802147090435028 0.8922825455665588 128 128 128
0.3978501558303833 -0.05954880267381668 0.8856810331344604 128 128 128
0.15132488310337067 -0.04656747728586197 0.9194447994232178 128 128 128
0.2694489657878876 -0.049044419080019 0.9025358557701111 128 128 128
0.4596944749355316 -0.05469956621527672 0.8765239715576172 128 128 128
-0.2613098621368408 -0.02706844173371792 0.9689717292785645 128 128 128
-0.17081238329410553 -0.030159244313836098 0.9595053195953369 128 128 128
0.06746011227369308 -0.03672745078802109 0.9292307496070862 128 128 128
0.23212844133377075 -0.041170090436935425 0.9046157002449036 128 128 128
0.3536653518676758 -0.045113060623407364 0.8868674635887146 128 128 128
-0.19669368863105774 -0.022318927571177483 0.9678686857223511 128 128 128
0.020771615207195282 -0.028307495638728142 0.9312021136283875 128 128 128
0.32721608877182007 -0.03722858428955078 0.895690381526947 128 128 128
-0.002733768429607153 -0.020726600661873817 0.9353464841842651 128 128 128
0.05924157053232193 -0.02285865694284439 0.9270423650741577 128 128 128
0.12752757966518402 -0.024925099685788155 0.9163472652435303 128 128 128
-0.2130279839038849 -0.00734661566093564 0.9670665264129639 128 128 128
0.15832923352718353 -0.019085977226495743 0.9176669120788574 128 128 128
0.21792635321617126 -0.020661411806941032 0.9097653031349182 128 128 128
-0.07420995831489563 -0.004139275290071964 0.9470322132110596 128 128 128
0.23343119025230408 -0.01402558758854866 0.9109324216842651 128 128 128
-0.29458752274513245 0.010612892918288708 0.9693465828895569 128 128 128
0.0904020294547081 -0.002490089740604162 0.9308087229728699 128 128 128
0.2631450295448303 -0.007999916560947895 0.9083417057991028 128 128 128
0.30618205666542053 -0.009675108827650547 0.9007736444473267 128 128 128
-0.22993560135364532 0.015458586625754833 0.9686843156814575 128 128 128
0.05930112674832344 0.00524898013100028 0.9340718388557434 128 128 128
0.23413503170013428 -0.0006129405810497701 0.9143988490104675 128 128 128
0.32130002975463867 -0.0033437043894082308 0.9009780883789062 128 128 128
0.02794089913368225 0.01331442128866911 0.9341822266578674 128 128 128
0.0593552365899086 0.019845010712742805 0.936617910861969 128 128 128
0.22576794028282166 0.013684922829270363 0.9118760228157043 128 128 128
0.09771691262722015 0.024893373250961304 0.9302522540092468 128 128 128
0.144448384642601 0.023879580199718475 0.9296017289161682 128 128 128
0.24114102125167847 0.01974574290215969 0.9126112461090088 128 128 128
0.3413994610309601 0.016028691083192825 0.8946870565414429 128 128 128
0.22602923214435577 0.02727433852851391 0.9135069251060486 128 128 128
0.2705584168434143 0.025730937719345093 0.908726155757904 128 128 128
0.31451651453971863 0.024691643193364143 0.9034935235977173 128 128 128
0.2414325326681137 0.03422011062502861 0.9137575030326843 128 128 128
0.16703951358795166 0.0440712496638298 0.9263307452201843 128 128 128
0.21278436481952667 0.04240242764353752 0.9226633310317993 128 128 128
0.22704198956489563 0.04137080907821655 0.9179348945617676 128 128 128
0.0352608747780323 0.05531804636120796 0.9352157711982727 128 128 128
0.08962422609329224 0.05388946086168289 0.928992748260498 128 128 128
0.21880808472633362 0.055732764303684235 0.9158545732498169 128 128 128
0.2633523941040039 0.05357874184846878 0.9106746315956116 128 128 128
-0.019889498129487038 0.07217541337013245 0.9442708492279053 128 128 128
0.08985807746648788 0.06790648400783539 0.9332798719406128 128 128 128
0.18882152438163757 0.06389626115560532 0.9196522831916809 128 128 128
0.21983781456947327 0.06982406228780746 0.9205342531204224 128 128 128
0.18927381932735443 0.07810866087675095 0.9221864342689514 128 128 128
0.23461507260799408 0.07652619481086731 0.9178285002708435 128 128 128
0.20543725788593292 0.08530043810606003 0.9252001643180847 128 128 128
0.09052855521440506 -0.3030383586883545 0.6096081733703613 128 128 128
0.15969759225845337 -0.3009980320930481 0.6199844479560852 128 128 128
0.17111904919147491 -0.3028423488140106 0.6237017512321472 128 128 128
0.17247788608074188 -0.2942187488079071 0.6292323470115662 128 128 128
0.095181405544281 -0.2802142798900604 0.6085084676742554 128 128 128
0.15166698396205902 -0.2726268172264099 0.6321029663085938 128 128 128
0.14233550429344177 -0.2633282542228699 0.6388674378395081 128 128 128
0.15352997183799744 -0.2643882930278778 0.6408005952835083 128 128 128
0.09727434813976288 -0.25339096784591675 0.6259520649909973 128 128 128
0.15385185182094574 -0.2535020411014557 0.6431922316551208 128 128 128
0.1468694806098938 -0.2396724820137024 0.6375285983085632 128 128 128
0.06058543547987938 -0.23396550118923187 0.6330689787864685 128 128 128
0.07553641498088837 -0.23059171438217163 0.6247004866600037 128 128 128
0.3808894455432892 -0.24365542829036713 0.6935412883758545 128 128 128
0.3904477059841156 -0.24556021392345428 0.7002421617507935 128 128 128
0.40107735991477966 -0.24462291598320007 0.6982624530792236 128 128 128
0.07593035697937012 -0.22132377326488495 0.6305513381958008 128 128 128
0.13725747168064117 -0.2190798819065094 0.6456736326217651 128 128 128
0.14933007955551147 -0.2210937887430191 0.6509039402008057 128 128 128
0.07682682573795319 -0.2133733183145523 0.6408097743988037 128 128 128
0.19625993072986603 -0.21804246306419373 0.6621312499046326 128 128 128
0.20726928114891052 -0.21781812608242035 0.6617253422737122 128 128 128
0.3304249942302704 -0.22334779798984528 0.6865363121032715 128 128 128
0.40486711263656616 -0.22834667563438416 0.7056757211685181 128 128 128
0.41678881645202637 -0.22837623953819275 0.7057716250419617 128 128 128
0.42537105083465576 -0.2295871526002884 0.7102043628692627 128 128 128
-0.10883516818284988 -0.1960839033126831 0.5942440629005432 128 128 128
0.12655408680438995 -0.2085493505001068 0.6481907963752747 128 128 128
0.13848523795604706 -0.20985934138298035 0.6530714631080627 128 128 128
0.24083417654037476 -0.21610136330127716 0.6784788966178894 128 128 128
0.3314984440803528 -0.21794676780700684 0.6891136765480042 128 128 128
0.44803011417388916 -0.22526316344738007 0.7180920839309692 128 128 128
-0.04572851583361626 -0.196306973695755 0.616661787033081 128 128 128
0.06555522978305817 -0.20166994631290436 0.6394197344779968 128 128 128
0.09207440167665482 -0.20008578896522522 0.6370230913162231 128 128 128
0.18576593697071075 -0.2070351243019104 0.6657345294952393 128 128 128
0.19708828628063202 -0.2074579894542694 0.666068971157074 128 128 128
0.3871278166770935 -0.2159762978553772 0.706394612789154 128 128 128
0.39831796288490295 -0.2153662145137787 0.7051836252212524 128 128 128
0.11563191562891006 -0.19769275188446045 0.6501222252845764 128 128 128
0.12740863859653473 -0.1986120492219925 0.6545198559761047 128 128 128
0.25276240706443787 -0.20446649193763733 0.6808223128318787 128 128 128
0.43978652358055115 -0.21154029667377472 0.7150551676750183 128 128 128
0.06950368732213974 -0.18683366477489471 0.6302306056022644 128 128 128
0.1871446669101715 -0.1970209926366806 0.671984076499939 128 128 128
0.2902386486530304 -0.20024028420448303 0.6886488199234009 128 128 128
0.36814504861831665 -0.2030850052833557 0.7048410177230835 128 128 128
0.37856462597846985 -0.20171929895877838 0.7022154331207275 128 128 128
0.032283056527376175 -0.1824350655078888 0.6322877407073975 128 128 128
0.0435173362493515 -0.18509157001972198 0.6402161121368408 128 128 128
0.1284870058298111 -0.18953320384025574 0.6618332266807556 128 128 128
0.22268225252628326 -0.19147753715515137 0.6776066422462463 128 128 128
0.07050928473472595 -0.17898502945899963 0.6431496739387512 128 128 128
0.17900405824184418 -0.18251819908618927 0.6643044948577881 128 128 128
0.27177295088768005 -0.18761871755123138 0.6868436336517334 128 128 128
-0.08368997275829315 -0.17061485350131989 0.6208035349845886 128 128 128
0.021551642566919327 -0.17406022548675537 0.6404188871383667 128 128 128
0.03243757784366608 -0.17438621819019318 0.6426154971122742 128 128 128
0.12128237634897232 -0.1755092293024063 0.6554238200187683 128 128 128
0.22714099287986755 -0.17897549271583557 0.674984335899353 128 128 128
0.07092884182929993 -0.16962288320064545 0.6506890058517456 128 128 128
0.02120811864733696 -0.16333924233913422 0.6447213292121887 128 128 128
0.03236616030335426 -0.16477055847644806 0.6498830914497375 128 128 128
0.12162644416093826 -0.16517412662506104 0.6593419909477234 128 128 128
0.21534159779548645 -0.16686739027500153 0.6749259233474731 128 128 128
0.07134776562452316 -0.15999546647071838 0.6585271954536438 128 128 128
0.16986709833145142 -0.1618480086326599 0.6756706237792969 128 128 128
0.4178767502307892 -0.16779620945453644 0.7210871577262878 128 128 128
0.021135592833161354 -0.15469712018966675 0.6555745601654053 128 128 128
0.1345738023519516 -0.15554267168045044 0.670892596244812 128 128 128
0.20591022074222565 -0.15702977776527405 0.6826586127281189 128 128 128
0.36553123593330383 -0.16058577597141266 0.7140495777130127 128 128 128
0.08742498606443405 -0.14786407351493835 0.657558023929596 128 128 128
0.2440527081489563 -0.15253707766532898 0.6937465071678162 128 128 128
0.25567004084587097 -0.15246304869651794 0.6935257315635681 128 128 128
0.3327118158340454 -0.15411968529224396 0.7084922194480896 128 128 128
0.399330198764801 -0.15543478727340698 0.721190869808197 128 128 128
0.03732491657137871 -0.14305710792541504 0.6571686267852783 128 128 128
0.12430330365896225 -0.14580684900283813 0.6788278222084045 128 128 128
0.2793826758861542 -0.14553533494472504 0.6951205730438232 128 128 128
0.42199572920799255 -0.14983420073986053 0.7293416857719421 128 128 128
-0.018073856830596924 -0.13802167773246765 0.6524746417999268 128 128 128
0.3137955367565155 -0.14120423793792725 0.7072413563728333 128 128 128
0.3819391429424286 -0.1428133249282837 0.7236529588699341 128 128 128
0.037214651703834534 -0.13292989134788513 0.6625317335128784 128 128 128
0.11597894132137299 -0.13115136325359344 0.6668292880058289 128 128 128
0.2702235281467438 -0.13518312573432922 0.7028278112411499 128 128 128
0.41485562920570374 -0.13676884770393372 0.7283587455749512 128 128 128
-0.0132000632584095 -0.12624572217464447 0.6543250679969788 128 128 128
0.06557340919971466 -0.12752960622310638 0.6701990962028503 128 128 128
0.15168948471546173 -0.12642298638820648 0.6767989993095398 128 128 128
0.221422478556633 -0.1288408488035202 0.6991298198699951 128 128 128
0.31668296456336975 -0.12989844381809235 0.7148107886314392 128 128 128
0.04209383577108383 -0.12024956941604614 0.6604635119438171 128 128 128
0.11702119559049606 -0.12150338292121887 0.6750231981277466 128 128 128
0.18927490711212158 -0.12236223369836807 0.68979412317276 128 128 128
0.25954440236091614 -0.12361714243888855 0.7072906494140625 128 128 128
0.06558994948863983 -0.11642472445964813 0.6760245561599731 128 128 128
0.15411263704299927 -0.11705227941274643 0.689516007900238 128 128 128
0.20242264866828918 -0.11696985363960266 0.6958975195884705 128 128 128
0.2950592041015625 -0.1161680594086647 0.707447350025177 128 128 128
0.10559015721082687 -0.11036943644285202 0.6777347326278687 128 128 128
0.1903989613056183 -0.11118971556425095 0.6956150531768799 128 128 128
0.3168373703956604 -0.11140644550323486 0.7167010307312012 128 128 128
-0.0807371735572815 -0.10615075379610062 0.6576992869377136 128 128 128
0.1426139920949936 -0.10528216511011124 0.6928282380104065 128 128 128
0.20422112941741943 -0.10602548718452454 0.7036943435668945 128 128 128
0.2748786211013794 -0.10638102144002914 0.7180464267730713 128 128 128
-0.036680299788713455 -0.09967966377735138 0.659574568271637 128 128 128
0.10587441176176071 -0.09916483610868454 0.6828255653381348 128 128 128
0.24102337658405304 -0.09935601055622101 0.7081553936004639 128 128 128
0.3792917728424072 -0.09971427172422409 0.7333875298500061 128 128 128
0.4211885929107666 -0.09968473762273788 0.7420036196708679 128 128 128
0.43208929896354675 -0.0991055965423584 0.7392634749412537 128 128 128
0.49649032950401306 -0.10067757219076157 0.7617455124855042 128 128 128
-0.009332865476608276 -0.09402977675199509 0.6681066155433655 128 128 128
0.08250167220830917 -0.09380771219730377 0.6817158460617065 128 128 128
0.14709225296974182 -0.09287380427122116 0.6884152889251709 128 128 128
0.20525048673152924 -0.09407603740692139 0.7091351747512817 128 128 128
0.39133891463279724 -0.09235309064388275 0.733414351940155 128 128 128
0.40141502022743225 -0.0934881716966629 0.7405285835266113 128 128 128
0.4656493067741394 -0.09382584691047668 0.7536836862564087 128 128 128
0.030212387442588806 -0.08819396048784256 0.6766664981842041 128 128 128
0.3588476777076721 -0.08676951378583908 0.7305117845535278 128 128 128
0.42500099539756775 -0.08737672865390778 0.7496199607849121 128 128 128
0.43652912974357605 -0.08734141290187836 0.7476416826248169 128 128 128
-0.07710081338882446 -0.08511403203010559 0.6669524908065796 128 128 128
-0.03872852399945259 -0.07881955802440643 0.6771084666252136 128 128 128
-0.02132045105099678 -0.07839448004961014 0.673061192035675 128 128 128
0.047271836549043655 -0.0770188495516777 0.6816896200180054 128 128 128
0.09540630877017975 -0.07701559364795685 0.6984513401985168 128 128 128
0.11154971271753311 -0.07581043988466263 0.6885499358177185 128 128 128
0.22029165923595428 -0.07648573815822601 0.7217686176300049 128 128 128
0.2899911403656006 -0.0754980817437172 0.7288140058517456 128 128 128
0.35913753509521484 -0.07376597821712494 0.7322169542312622 128 128 128
-0.139735609292984 -0.07675331085920334 0.6696105003356934 128 128 128
-0.07876557111740112 -0.07487262040376663 0.6771097779273987 128 128 128
-0.010540871880948544 -0.07376200705766678 0.6892240047454834 128 128 128
0.0712817907333374 -0.07145549356937408 0.6950438022613525 128 128 128
0.12473050504922867 -0.07038632780313492 0.699016273021698 128 128 128
0.25892725586891174 -0.0698249340057373 0.7285560369491577 128 128 128
0.3159186840057373 -0.06881380081176758 0.7325919270515442 128 128 128
0.38357606530189514 -0.06854116916656494 0.744072437286377 128 128 128
0.047336965799331665 -0.06616280227899551 0.6894373297691345 128 128 128
0.09982520341873169 -0.06456663459539413 0.6910601258277893 128 128 128
0.27123600244522095 -0.06345897167921066 0.7292166948318481 128 128 128
0.3300509750843048 -0.06208592653274536 0.7373046278953552 128 128 128
-0.06245315819978714 -0.06276416033506393 0.6797299981117249 128 128 128
-0.005263226572424173 -0.06138790771365166 0.6869009733200073 128 128 128
0.059935834258794785 -0.060919634997844696 0.7048258185386658 128 128 128
0.12566499412059784 -0.05935666337609291 0.7066433429718018 128 128 128
0.19896405935287476 -0.05710223317146301 0.7137811183929443 128 128 128
0.21218828856945038 -0.05747971683740616 0.7175486087799072 128 128 128
0.3089806139469147 -0.0558587945997715 0.732106626033783 128 128 128
-0.17157785594463348 -0.06235496327280998 0.6820892691612244 128 128 128
-0.016722865402698517 -0.055660754442214966 0.677998423576355 128 128 128
0.10096263885498047 -0.053326960653066635 0.7028828859329224 128 128 128
0.2734479606151581 -0.05125727504491806 0.7365836501121521 128 128 128
-0.19865725934505463 -0.057064238935709 0.6757670044898987 128 128 128
-0.1379128396511078 -0.0548066720366478 0.6835492849349976 128 128 128
0.2526012361049652 -0.04495401680469513 0.7309396862983704 128 128 128
0.29824551939964294 -0.04355678707361221 0.7374555468559265 128 128 128
0.035130906850099564 -0.043226275593042374 0.6992760896682739 128 128 128
0.3233106732368469 -0.03686223179101944 0.7383869886398315 128 128 128
0.3812400996685028 -0.03589361533522606 0.7546744346618652 128 128 128
-0.20439016819000244 -0.04758002609014511 0.6946481466293335 128 128 128
0.24009566009044647 -0.03271324932575226 0.7319636940956116 128 128 128
0.287029504776001 -0.031565260142087936 0.7418364882469177 128 128 128
0.089866042137146 -0.030595507472753525 0.7161399722099304 128 128 128
0.15665684640407562 -0.02845662087202072 0.7180984616279602 128 128 128
0.20693615078926086 -0.026983680203557014 0.7248184680938721 128 128 128
0.2670465409755707 -0.025705352425575256 0.7391155958175659 128 128 128
0.37384897470474243 -0.02326216734945774 0.7535480856895447 128 128 128
-0.14359363913536072 -0.033931151032447815 0.7089594006538391 128 128 128
0.011095840483903885 -0.026996947824954987 0.7081363201141357 128 128 128
0.06529389321804047 -0.02532600611448288 0.7137783765792847 128 128 128
0.12824538350105286 -0.023709585890173912 0.7300382256507874 128 128 128
0.18290503323078156 -0.02167656645178795 0.7273797392845154 128 128 128
0.2892933487892151 -0.01938726007938385 0.7488331198692322 128 128 128
0.3957546651363373 -0.01639156974852085 0.7595247030258179 128 128 128
0.4948098361492157 -0.014821337535977364 0.7846526503562927 128 128 128
0.15796613693237305 -0.0159091055393219 0.7270052433013916 128 128 128
0.2685910165309906 -0.013396065682172775 0.7446702718734741 128 128 128
0.364052951335907 -0.01027302909642458 0.7608922719955444 128 128 128
0.18331705033779144 -0.009478060528635979 0.7308765053749084 128 128 128
0.294297456741333 -0.005587695632129908 0.7472345232963562 128 128 128
0.04044950008392334 -0.008108669891953468 0.7120513916015625 128 128 128
0.09532195329666138 -0.0060832928866147995 0.7192356586456299 128 128 128
0.2489975243806839 -0.0006419221754185855 0.7443271279335022 128 128 128
0.3088032901287079 0.0009851264767348766 0.752417266368866 128 128 128
-0.060996562242507935 -0.006354303564876318 0.706332802772522 128 128 128
-0.0018922133604064584 -0.0034067740198224783 0.722882866859436 128 128 128
0.17285937070846558 0.00270504760555923 0.7411539554595947 128 128 128
0.22294296324253082 0.0042936778627336025 0.7415053844451904 128 128 128
0.26999765634536743 0.006504933815449476 0.751211404800415 128 128 128
0.33068138360977173 0.007697211112827063 0.7593934535980225 128 128 128
0.3796345591545105 0.009372091852128506 0.7679088711738586 128 128 128
0.02835535816848278 0.0034549038391560316 0.721123456954956 128 128 128
0.5333029627799988 0.02078276500105858 0.7949045896530151 128 128 128
-0.18902269005775452 -0.001194100477732718 0.7207871675491333 128 128 128
0.0037799689453095198 0.008698469027876854 0.7178966999053955 128 128 128
0.32423487305641174 0.02074860967695713 0.760630190372467 128 128 128
0.028255349025130272 0.016152365133166313 0.7335530519485474 128 128 128
0.2376590222120285 0.02449536696076393 0.7513882517814636 128 128 128
0.33599066734313965 0.028213363140821457 0.7591372728347778 128 128 128
0.3932121694087982 0.02962435409426689 0.770721971988678 128 128 128
0.01578860729932785 0.020865388214588165 0.7258967757225037 128 128 128
0.05891594663262367 0.023033397272229195 0.7320447564125061 128 128 128
0.16504822671413422 0.027395110577344894 0.738472044467926 128 128 128
0.24008974432945251 0.03755510225892067 0.7606085538864136 128 128 128
0.3391946852207184 0.04109921678900719 0.7673195004463196 128 128 128
-0.10763754695653915 0.02751181833446026 0.735527753829956 128 128 128
0.11488793790340424 0.03800677880644798 0.7388603091239929 128 128 128
0.25408047437667847 0.04498833417892456 0.7651535272598267 128 128 128
0.305292546749115 0.04619089514017105 0.7639279365539551 128 128 128
-0.009274689480662346 0.038097456097602844 0.7257984280586243 128 128 128
0.03374369069933891 0.04056099057197571 0.7347059845924377 128 128 128
0.18098963797092438 0.04771900549530983 0.756271243095398 128 128 128
0.2335677295923233 0.05062441527843475 0.7622012495994568 128 128 128
0.31853827834129333 0.05362454429268837 0.7656883001327515 128 128 128
0.11558850109577179 0.050799306482076645 0.746188759803772 128 128 128
0.20706911385059357 0.055556170642375946 0.759710431098938 128 128 128
-0.20891663432121277 0.040572818368673325 0.7467737197875977 128 128 128
0.03399953246116638 0.05330574885010719 0.7467504739761353 128 128 128
0.2862735986709595 0.0653267651796341 0.7668613195419312 128 128 128
0.29902827739715576 0.07226905971765518 0.7670825719833374 128 128 128
0.37146642804145813 0.07623486965894699 0.7836588025093079 128 128 128
0.32445722818374634 0.07971925288438797 0.7667590379714966 128 128 128
0.3603762984275818 0.08147913217544556 0.7744573950767517 128 128 128
0.008258089423179626 0.070818692445755 0.7455012798309326 128 128 128
0.20109741389751434 0.08166451752185822 0.76531583070755 128 128 128
0.29066014289855957 0.08517561107873917 0.7638149857521057 128 128 128
0.33827948570251465 0.08728569000959396 0.7695931196212769 128 128 128
-0.02314271777868271 0.07577701658010483 0.7543215155601501 128 128 128
0.13575080037117004 0.084141306579113 0.759790301322937 128 128 128
0.26788443326950073 0.09124679863452911 0.7726776599884033 128 128 128
-0.0480487123131752 0.08000940829515457 0.744758665561676 128 128 128
0.17946244776248932 0.09885995090007782 0.7580708265304565 128 128 128
-0.017672762274742126 0.10137127339839935 0.7551138401031494 128 128 128
0.16918954253196716 0.11267458647489548 0.7710850834846497 128 128 128
0.22125324606895447 0.11529453843832016 0.7721666693687439 128 128 128
0.31225866079330444 0.11913470923900604 0.772433876991272 128 128 128
-0.029940767213702202 0.10562797635793686 0.7496953010559082 128 128 128
0.05849626660346985 0.1119304746389389 0.7608319520950317 128 128 128
0.15538130700588226 0.11758723855018616 0.7672639489173889 128 128 128
0.19510836899280548 0.12016789615154266 0.7717670202255249 128 128 128
0.28647905588150024 0.12480194866657257 0.7736988663673401 128 128 128
0.33754029870033264 0.12590394914150238 0.7710047960281372 128 128 128
0.1704021692276001 0.12651966512203217 0.7783544659614563 128 128 128
0.2096337080001831 0.12844452261924744 0.778611421585083 128 128 128
-0.043714068830013275 0.11990986764431 0.7655290961265564 128 128 128
-0.01199055090546608 0.1274348646402359 0.7617613673210144 128 128 128
0.17498888075351715 0.13882996141910553 0.7720296382904053 128 128 128
0.1893513947725296 0.14662545919418335 0.7781208157539368 128 128 128
0.10619321465492249 -0.3268507421016693 0.6096251010894775 128 128 128
0.1391928493976593 -0.3322656452655792 0.6199013590812683 128 128 128
0.17261473834514618 -0.33490535616874695 0.627098798751831 128 128 128
0.12173804640769958 -0.31579098105430603 0.6099037528038025 128 128 128
0.12244336307048798 -0.3056887090206146 0.6125628352165222 128 128 128
0.13379617035388947 -0.3078017830848694 0.617326021194458 128 128 128
0.10114701837301254 -0.29259538650512695 0.6078490614891052 128 128 128
0.11233837902545929 -0.29534679651260376 0.6134003400802612 128 128 128
0.12343738228082657 -0.2968774139881134 0.617203414440155 128 128 128
0.13434679806232452 -0.29774436354637146 0.6195701956748962 128 128 128
0.15616144239902496 -0.29922112822532654 0.6234534382820129 128 128 128
0.13500942289829254 -0.287808895111084 0.622370183467865 128 128 128
0.1464357078075409 -0.28957217931747437 0.6265122890472412 128 128 128
0.09161680191755295 -0.2722221910953522 0.6115623116493225 128 128 128
0.11296167224645615 -0.2736233174800873 0.615748941898346 128 128 128
0.12498737871646881 -0.2770552635192871 0.6240550875663757 128 128 128
0.13647256791591644 -0.27938607335090637 0.6289121508598328 128 128 128
-0.16419890522956848 -0.24773715436458588 0.5535062551498413 128 128 128
-0.06708420813083649 -0.24347424507141113 0.5615512728691101 128 128 128
0.10744178295135498 -0.261928915977478 0.6138443350791931 128 128 128
0.11447634547948837 -0.2661753296852112 0.6240582466125488 128 128 128
0.12559936940670013 -0.2668805420398712 0.6269630789756775 128 128 128
-0.1575428992509842 -0.2343611717224121 0.5475244522094727 128 128 128
0.14093691110610962 -0.2598399817943573 0.6247895956039429 128 128 128
-0.05931121110916138 -0.24000044167041779 0.5789008736610413 128 128 128
-0.050087880343198776 -0.24226528406143188 0.5850853323936462 128 128 128
0.10368753224611282 -0.25436630845069885 0.6222865581512451 128 128 128
0.1145302951335907 -0.25453701615333557 0.624092698097229 128 128 128
0.16420261561870575 -0.2515038847923279 0.6335733532905579 128 128 128
0.08246408402919769 -0.24210025370121002 0.6197183132171631 128 128 128
0.09731727093458176 -0.24065430462360382 0.6153420209884644 128 128 128
0.09872502833604813 -0.23209449648857117 0.6239899396896362 128 128 128
0.10959519445896149 -0.2326710969209671 0.6261740922927856 128 128 128
-0.09974560886621475 -0.2077704221010208 0.5601010322570801 128 128 128
0.03977575898170471 -0.2217666506767273 0.6061489582061768 128 128 128
0.15533210337162018 -0.23130978643894196 0.6412543058395386 128 128 128
0.4051333963871002 -0.24410590529441833 0.6905615925788879 128 128 128
0.09908641129732132 -0.22160623967647552 0.6266107559204102 128 128 128
0.11015617102384567 -0.22323238849639893 0.6300933957099915 128 128 128
0.20134441554546356 -0.2278732806444168 0.6507877111434937 128 128 128
0.2120039314031601 -0.22758139669895172 0.6500123739242554 128 128 128
0.4368235766887665 -0.24183236062526703 0.7042935490608215 128 128 128
0.446669340133667 -0.2406376302242279 0.7011928558349609 128 128 128
0.45594045519828796 -0.24275188148021698 0.706494927406311 128 128 128
0.14543932676315308 -0.22172683477401733 0.6456838846206665 128 128 128
0.37753355503082275 -0.22949756681919098 0.6828148365020752 128 128 128
0.38706809282302856 -0.23166625201702118 0.6895856261253357 128 128 128
0.09928402304649353 -0.21150504052639008 0.6287506818771362 128 128 128
0.1140897274017334 -0.20922952890396118 0.623052716255188 128 128 128
0.1220964565873146 -0.21371516585350037 0.6374188661575317 128 128 128
0.2025274783372879 -0.21796177327632904 0.6550843715667725 128 128 128
0.21409016847610474 -0.21852423250675201 0.6568524241447449 128 128 128
-0.1853010207414627 -0.19029438495635986 0.5623551607131958 128 128 128
0.05147158354520798 -0.20557141304016113 0.6256993412971497 128 128 128
0.06264127790927887 -0.20757843554019928 0.632377564907074 128 128 128
0.34784427285194397 -0.21705517172813416 0.6810600757598877 128 128 128
0.35777679085731506 -0.21999433636665344 0.6892493963241577 128 128 128
-0.13114400207996368 -0.18717116117477417 0.573570728302002 128 128 128
0.4096633195877075 -0.21542564034461975 0.6988264918327332 128 128 128
0.25124427676200867 -0.20282471179962158 0.667989194393158 128 128 128
0.34991273283958435 -0.20607571303844452 0.6853985786437988 128 128 128
0.08948016166687012 -0.19080547988414764 0.6356261372566223 128 128 128
0.19616036117076874 -0.1935126781463623 0.652995228767395 128 128 128
0.04550900310277939 -0.18095245957374573 0.6192169189453125 128 128 128
0.056319255381822586 -0.1827104687690735 0.624165952205658 128 128 128
0.1398695856332779 -0.1867053061723709 0.6466076374053955 128 128 128
0.15199881792068481 -0.18876825273036957 0.6522464752197266 128 128 128
0.1866687536239624 -0.18339568376541138 0.6587372422218323 128 128 128
0.19804611802101135 -0.18377596139907837 0.6598413586616516 128 128 128
0.045560527592897415 -0.17053765058517456 0.6220545768737793 128 128 128
0.056817639619112015 -0.17288070917129517 0.631094753742218 128 128 128
0.15216714143753052 -0.1768764853477478 0.6535491347312927 128 128 128
0.2334456443786621 -0.17898030579090118 0.6662372946739197 128 128 128
0.24584008753299713 -0.1797424554824829 0.669530987739563 128 128 128
-0.0015399274416267872 -0.16355594992637634 0.6118767857551575 128 128 128
0.09416983276605606 -0.1671822965145111 0.6334086656570435 128 128 128
0.10495360940694809 -0.16703267395496368 0.6342299580574036 128 128 128
0.11712858080863953 -0.16876710951328278 0.6425122022628784 128 128 128
0.35553792119026184 -0.17833496630191803 0.6973060965538025 128 128 128
0.4285343289375305 -0.18007266521453857 0.7114890217781067 128 128 128
0.11807121336460114 -0.1646854281425476 0.6482788324356079 128 128 128
0.22369392216205597 -0.1685304343700409 0.6711369752883911 128 128 128
-0.179739311337471 -0.14671270549297333 0.5732419490814209 128 128 128
-0.0017257683211937547 -0.15385454893112183 0.6190758347511292 128 128 128
0.008710836991667747 -0.15532219409942627 0.6234560608863831 128 128 128
0.1764141321182251 -0.16145430505275726 0.6633008122444153 128 128 128
0.27093467116355896 -0.1626628041267395 0.676715612411499 128 128 128
0.34712234139442444 -0.16509701311588287 0.6926430463790894 128 128 128
0.4212720990180969 -0.1674162596464157 0.7097206711769104 128 128 128
-0.1319637894630432 -0.1457907259464264 0.5962215065956116 128 128 128
0.14168298244476318 -0.1549743413925171 0.6577608585357666 128 128 128
0.225534588098526 -0.1578194499015808 0.6772788166999817 128 128 128
0.09592557698488235 -0.14774589240550995 0.6479772329330444 128 128 128
0.1810591071844101 -0.14886093139648438 0.6607092618942261 128 128 128
0.04636460915207863 -0.14162425696849823 0.6416286826133728 128 128 128
0.13108274340629578 -0.14359670877456665 0.661095380783081 128 128 128
0.2943447530269623 -0.1472255289554596 0.6924417018890381 128 128 128
0.3595812916755676 -0.1485229879617691 0.7063039541244507 128 128 128
0.15952567756175995 -0.13825057446956635 0.6644601821899414 128 128 128
0.3841540515422821 -0.1420605480670929 0.708084225654602 128 128 128
-0.17753195762634277 -0.12214919924736023 0.5799424648284912 128 128 128
0.051346197724342346 -0.12911510467529297 0.6395090222358704 128 128 128
0.1359357237815857 -0.13152757287025452 0.6589334011077881 128 128 128
0.14797158539295197 -0.1324632167816162 0.663280189037323 128 128 128
0.01353924348950386 -0.12401878088712692 0.6363877058029175 128 128 128
0.10032608360052109 -0.12329903990030289 0.6443637013435364 128 128 128
0.16020378470420837 -0.12702955305576324 0.6683436036109924 128 128 128
0.25257405638694763 -0.1291654109954834 0.6906135678291321 128 128 128
0.30765050649642944 -0.12913653254508972 0.6970869302749634 128 128 128
0.05151888728141785 -0.11946674436330795 0.644987940788269 128 128 128
0.12500028312206268 -0.12051255255937576 0.6610527038574219 128 128 128
0.13668368756771088 -0.1207430362701416 0.6638485193252563 128 128 128
0.19549526274204254 -0.1211695596575737 0.6743205785751343 128 128 128
0.2651819586753845 -0.12348736822605133 0.6936008930206299 128 128 128
0.029328210279345512 -0.11261878907680511 0.6367866396903992 128 128 128
0.08999405801296234 -0.11351148039102554 0.6498969793319702 128 128 128
0.16135768592357635 -0.11642202734947205 0.6743060946464539 128 128 128
0.30091583728790283 -0.11687715351581573 0.6957000494003296 128 128 128
0.36729538440704346 -0.1179877445101738 0.7110499739646912 128 128 128
0.43131157755851746 -0.1195903792977333 0.7283639311790466 128 128 128
-0.024352416396141052 -0.10812941193580627 0.63756263256073 128 128 128
0.051834121346473694 -0.10912615060806274 0.6524808406829834 128 128 128
0.12618382275104523 -0.10989367216825485 0.6688222289085388 128 128 128
0.18548958003520966 -0.11029532551765442 0.6802225708961487 128 128 128
0.26918289065361023 -0.11017850041389465 0.6896398663520813 128 128 128
0.3269960582256317 -0.11079937219619751 0.7017937302589417 128 128 128
0.4629072844982147 -0.11297524720430374 0.7301756739616394 128 128 128
0.10262549668550491 -0.10394726693630219 0.6627684235572815 128 128 128
0.22130908071994781 -0.10453638434410095 0.685399055480957 128 128 128
0.23357424139976501 -0.10498826205730438 0.6875919103622437 128 128 128
0.290131539106369 -0.10539450496435165 0.698574960231781 128 128 128
0.30292630195617676 -0.10496651381254196 0.7010177969932556 128 128 128
-0.008579980581998825 -0.09660111367702484 0.6377331614494324 128 128 128
0.05659132078289986 -0.09615256637334824 0.6477500796318054 128 128 128
0.18979819118976593 -0.09789509326219559 0.6762598752975464 128 128 128
0.258637011051178 -0.09900430589914322 0.6932263970375061 128 128 128
0.3375546336174011 -0.10023964941501617 0.7122567892074585 128 128 128
0.3811803162097931 -0.09901759773492813 0.7155107259750366 128 128 128
0.4352516233921051 -0.09961086511611938 0.7254740595817566 128 128 128
0.3502384424209595 -0.09322509914636612 0.7140333652496338 128 128 128
0.40423068404197693 -0.09337542206048965 0.7247802019119263 128 128 128
0.45746278762817383 -0.0935560017824173 0.732001543045044 128 128 128
0.4688185155391693 -0.09468847513198853 0.7402214407920837 128 128 128
-0.008976100012660027 -0.08600565046072006 0.6432353854179382 128 128 128
0.19139374792575836 -0.08695097267627716 0.6830437183380127 128 128 128
0.31780141592025757 -0.08752858638763428 0.7089394330978394 128 128 128
0.42628249526023865 -0.08796492964029312 0.7315382361412048 128 128 128
0.43767091631889343 -0.08731135725975037 0.7300301194190979 128 128 128
0.4874544143676758 -0.08730074763298035 0.740430474281311 128 128 128
-0.04637696593999863 -0.08039700984954834 0.6350772380828857 128 128 128
0.01814131811261177 -0.08058381825685501 0.6528319120407104 128 128 128
0.21567286550998688 -0.080584816634655 0.6877855062484741 128 128 128
0.27221909165382385 -0.08046652376651764 0.6994211077690125 128 128 128
0.33095601201057434 -0.08071495592594147 0.7119719982147217 128 128 128
0.39605164527893066 -0.08083049207925797 0.7215535044670105 128 128 128
0.4474973976612091 -0.08149351179599762 0.7363706827163696 128 128 128
0.5103687644004822 -0.08164794743061066 0.7468843460083008 128 128 128
-0.08270362764596939 -0.07411791384220123 0.6256529688835144 128 128 128
-0.009419041685760021 -0.07600807398557663 0.6521031856536865 128 128 128
0.24184821546077728 -0.07526882737874985 0.6970339417457581 128 128 128
0.29827025532722473 -0.07435467094182968 0.7058224081993103 128 128 128
0.36368194222450256 -0.07444100826978683 0.7178390622138977 128 128 128
0.4197647273540497 -0.07496574521064758 0.7314651608467102 128 128 128
-0.11486684530973434 -0.07016213983297348 0.6282342076301575 128 128 128
0.32186925411224365 -0.06906373053789139 0.7191620469093323 128 128 128
-0.13957111537456512 -0.06459980458021164 0.6199561357498169 128 128 128
-0.08430872112512589 -0.0640629455447197 0.6350429058074951 128 128 128
0.11011659353971481 -0.06432253867387772 0.6816972494125366 128 128 128
0.24233008921146393 -0.0632251650094986 0.6993940472602844 128 128 128
-0.18917490541934967 -0.0608745701611042 0.628142237663269 128 128 128
-0.04803850129246712 -0.05914781242609024 0.6479912996292114 128 128 128
0.08568456023931503 -0.058012865483760834 0.6712530851364136 128 128 128
-0.07525002211332321 -0.05427306890487671 0.6463713645935059 128 128 128
0.2319522351026535 -0.051302433013916016 0.7046969532966614 128 128 128
0.3480496108531952 -0.05014948546886444 0.7244038581848145 128 128 128
0.02308340184390545 -0.047455478459596634 0.6668639183044434 128 128 128
0.25720906257629395 -0.04529644921422005 0.7094322443008423 128 128 128
0.5203967094421387 -0.04248969256877899 0.7631184458732605 128 128 128
0.0004727661143988371 -0.0412411130964756 0.6494020223617554 128 128 128
0.2824819087982178 -0.038473792374134064 0.7135044932365417 128 128 128
0.3289710581302643 -0.037522949278354645 0.7234560251235962 128 128 128
0.3837173283100128 -0.03689742088317871 0.7351316809654236 128 128 128
-0.1712622046470642 -0.039598770439624786 0.6375570297241211 128 128 128
0.011475682258605957 -0.035911090672016144 0.667495846748352 128 128 128
0.08543369174003601 -0.034657835960388184 0.6751001477241516 128 128 128
0.1355784684419632 -0.034737177193164825 0.6995198726654053 128 128 128
0.20065754652023315 -0.03352376073598862 0.7007434368133545 128 128 128
0.24632993340492249 -0.032887447625398636 0.7136228084564209 128 128 128
0.3520338535308838 -0.031154729425907135 0.7338919639587402 128 128 128
0.4060579538345337 -0.03067512810230255 0.7423933148384094 128 128 128
0.5023695826530457 -0.029783837497234344 0.7655306458473206 128 128 128
-0.13134141266345978 -0.03333175927400589 0.6510770320892334 128 128 128
0.05090254172682762 -0.02950403466820717 0.671417236328125 128 128 128
0.11530005186796188 -0.02895723655819893 0.6847484707832336 128 128 128
0.16499397158622742 -0.028127938508987427 0.7002773284912109 128 128 128
0.4295361042022705 -0.02445865236222744 0.7510000467300415 128 128 128
0.028070520609617233 -0.02414267510175705 0.6703853011131287 128 128 128
0.14005833864212036 -0.022543488070368767 0.6943324208259583 128 128 128
0.20215152204036713 -0.021418247371912003 0.7073164582252502 128 128 128
0.2513788342475891 -0.0205308236181736 0.7119418382644653 128 128 128
0.29776182770729065 -0.019438549876213074 0.7228794693946838 128 128 128
0.3526112735271454 -0.019033892080187798 0.7358129620552063 128 128 128
0.05112699791789055 -0.01841062121093273 0.6789671182632446 128 128 128
0.11578697711229324 -0.016732439398765564 0.6901991367340088 128 128 128
0.1531713455915451 -0.015850575640797615 0.7020358443260193 128 128 128
0.21384772658348083 -0.014651795849204063 0.7073820233345032 128 128 128
0.26153329014778137 -0.013780588284134865 0.7241553664207458 128 128 128
0.32102063298225403 -0.012689963914453983 0.7348580956459045 128 128 128
0.36665868759155273 -0.011889663524925709 0.7396435141563416 128 128 128
-0.03939789533615112 -0.014277834445238113 0.6608588695526123 128 128 128
0.09211712330579758 -0.011814495548605919 0.6878688335418701 128 128 128
0.2402830570936203 -0.008278913795948029 0.7157553434371948 128 128 128
0.2992640435695648 -0.007368552032858133 0.7273849844932556 128 128 128
0.34519100189208984 -0.00591071043163538 0.7340779900550842 128 128 128
0.38963308930397034 -0.005369574762880802 0.748271644115448 128 128 128
0.0048567610792815685 -0.007221259642392397 0.661033034324646 128 128 128
0.2156464159488678 -0.0026207107584923506 0.7145747542381287 128 128 128
0.31238117814064026 -3.2566233130637556e-05 0.7300440073013306 128 128 128
-0.08447901904582977 -0.004527943208813667 0.6630730628967285 128 128 128
-0.029248984530568123 -0.0026046810671687126 0.6738778948783875 128 128 128
0.08039601147174835 -5.701369445887394e-06 0.6901851296424866 128 128 128
0.19496969878673553 0.0030012386851012707 0.7056854963302612 128 128 128
0.2421659529209137 0.003947641234844923 0.7224863171577454 128 128 128
0.27905815839767456 0.005133018828928471 0.7236754894256592 128 128 128
0.37980887293815613 0.007585314568132162 0.7421690821647644 128 128 128
-0.05161214619874954 0.0023122336715459824 0.6677651405334473 128 128 128
0.10515129566192627 0.006560751236975193 0.7016596794128418 128 128 128
0.15942075848579407 0.008233692497015 0.7068824768066406 128 128 128
0.25502797961235046 0.01068253256380558 0.7251089811325073 128 128 128
0.301624059677124 0.012094251811504364 0.7346664667129517 128 128 128
0.39581045508384705 0.014906169846653938 0.7492777705192566 128 128 128
0.27018865942955017 0.01754172146320343 0.7337267994880676 128 128 128
0.0565585233271122 0.017543278634548187 0.6906701922416687 128 128 128
0.11058510094881058 0.018992343917489052 0.7014180421829224 128 128 128
0.1974782943725586 0.02194504626095295 0.7171115279197693 128 128 128
0.243758887052536 0.022751459851861 0.7290080189704895 128 128 128
0.30633851885795593 0.02449454367160797 0.7320449948310852 128 128 128
0.03289472311735153 0.022167352959513664 0.6845019459724426 128 128 128
0.2234845608472824 0.028811369091272354 0.7237680554389954 128 128 128
0.23541854321956635 0.02936406061053276 0.7231165766716003 128 128 128
0.3197415769100189 0.03180082142353058 0.7351452112197876 128 128 128
-0.1781415194272995 0.021208038553595543 0.6765031814575195 128 128 128
0.22555704414844513 0.04142246022820473 0.7317102551460266 128 128 128
0.27501288056373596 0.04277893528342247 0.7322836518287659 128 128 128
0.3090534508228302 0.044601816684007645 0.7402021884918213 128 128 128
0.11145023256540298 0.04396086186170578 0.7124184966087341 128 128 128
0.29993388056755066 0.04962664842605591 0.7334221005439758 128 128 128
-0.18911658227443695 0.0376167930662632 0.673273503780365 128 128 128
0.31508493423461914 0.05763490870594978 0.7407613396644592 128 128 128
-0.04861484840512276 0.04882786050438881 0.6833625435829163 128 128 128
0.06218348443508148 0.05367450416088104 0.7017077207565308 128 128 128
0.24210917949676514 0.06054972484707832 0.7278788089752197 128 128 128
0.3271428942680359 0.06402979046106339 0.7402476668357849 128 128 128
-0.19279076159000397 0.0493897907435894 0.6855412721633911 128 128 128
0.16843284666538239 0.06443291157484055 0.7277451753616333 128 128 128
0.3073651194572449 0.06958718597888947 0.7380948662757874 128 128 128
0.3538784086704254 0.07170867919921875 0.7445998191833496 128 128 128
-0.04995765909552574 0.061585042625665665 0.6964446306228638 128 128 128
0.24511589109897614 0.07379218190908432 0.7380818724632263 128 128 128
-0.03931400924921036 0.06938768178224564 0.7119080424308777 128 128 128
0.2864028811454773 0.08761882781982422 0.7337833642959595 128 128 128
0.01375629473477602 0.08760346472263336 0.7001541256904602 128 128 128
0.1875413954257965 0.09729265421628952 0.7350106239318848 128 128 128
0.1999485045671463 0.0971624106168747 0.7348242402076721 128 128 128
-0.015884315595030785 0.09294605255126953 0.7075297832489014 128 128 128
0.02591570094227791 0.0952814519405365 0.7135114669799805 128 128 128
0.2014145851135254 0.1046246662735939 0.7412211894989014 128 128 128
0.3016605079174042 0.10780304670333862 0.7424246072769165 128 128 128
0.013731032609939575 0.09979250282049179 0.7083684206008911 128 128 128
0.1891712248325348 0.11027906090021133 0.742569625377655 128 128 128
0.16330039501190186 0.11531158536672592 0.7394700646400452 128 128 128
0.1376338005065918 0.1207919493317604 0.7368682622909546 128 128 128
0.19284994900226593 0.12175368517637253 0.7344101071357727 128 128 128
0.16817548871040344 0.1275261789560318 0.7355725169181824 128 128 128
0.14309363067150116 0.13294759392738342 0.7350035309791565 128 128 128
0.15023548901081085 -0.4616492986679077 0.8437806367874146 128 128 128
0.025363739579916 -0.4555485248565674 0.8682706952095032 128 128 128
0.04647587239742279 -0.45345500111579895 0.86274254322052 128 128 128
0.0673949271440506 -0.45242810249328613 0.8592271208763123 128 128 128
0.08885342627763748 -0.45197397470474243 0.8569034934043884 128 128 128
0.10983937978744507 -0.4514964520931244 0.8544731736183167 128 128 128
0.15239804983139038 -0.4507363736629486 0.850184977054596 128 128 128
0.06844792515039444 -0.441626638174057 0.866485059261322 128 128 128
0.13176630437374115 -0.43862324953079224 0.8559098243713379 128 128 128
0.06793788075447083 -0.4310935139656067 0.8600217700004578 128 128 128
0.08894908428192139 -0.43000131845474243 0.8562403917312622 128 128 128
0.1121010035276413 -0.4262171685695648 0.8617596626281738 128 128 128
0.06942528486251831 -0.4181242287158966 0.8633559346199036 128 128 128
0.08992283046245575 -0.4175395369529724 0.8603584170341492 128 128 128
0.1328708976507187 -0.41651788353919983 0.8551443815231323 128 128 128
0.04861496016383171 -0.4074077904224396 0.8732770085334778 128 128 128
0.07021201401948929 -0.406588613986969 0.869817316532135 128 128 128
0.09185289591550827 -0.40577465295791626 0.8664208650588989 128 128 128
0.11314024031162262 -0.4048537611961365 0.8627790808677673 128 128 128
0.13342738151550293 -0.40366047620773315 0.8583935499191284 128 128 128
-0.17340557277202606 -0.4048682749271393 0.9013404846191406 128 128 128
0.11316274106502533 -0.3915048837661743 0.8652850389480591 128 128 128
0.13466885685920715 -0.39086273312568665 0.8621771335601807 128 128 128
-0.2893337309360504 -0.39348405599594116 0.9166293144226074 128 128 128
-0.2756268084049225 -0.3939560055732727 0.917147159576416 128 128 128
-0.2240757793188095 -0.3921530842781067 0.9102568626403809 128 128 128
-0.1872045397758484 -0.3907892107963562 0.9048314690589905 128 128 128
0.07187788188457489 -0.38184040784835815 0.8804536461830139 128 128 128
0.09332281351089478 -0.38027432560920715 0.8749808073043823 128 128 128
-0.23894546926021576 -0.37900692224502563 0.9163376092910767 128 128 128
-0.22441484034061432 -0.37892815470695496 0.9152977466583252 128 128 128
-0.18837003409862518 -0.37813472747802734 0.9111573100090027 128 128 128
-0.15141290426254272 -0.3771219849586487 0.9061146378517151 128 128 128
0.07243434339761734 -0.36742883920669556 0.8815497756004333 128 128 128
-0.25368770956993103 -0.36526545882225037 0.9213613867759705 128 128 128
-0.20302338898181915 -0.3642112910747528 0.9157639145851135 128 128 128
0.07367609441280365 -0.3537938892841339 0.8847888112068176 128 128 128
0.09528909623622894 -0.353269100189209 0.8814161419868469 128 128 128
0.11729256063699722 -0.352631151676178 0.8779072165489197 128 128 128
0.43070974946022034 -0.3365027904510498 0.8341814875602722 128 128 128
0.45912402868270874 -0.335529088973999 0.830935001373291 128 128 128
0.03811599686741829 -0.3401307761669159 0.8917734026908875 128 128 128
0.09648759663105011 -0.34002605080604553 0.8857613801956177 128 128 128
0.3993631899356842 -0.3274005055427551 0.8302128314971924 128 128 128
0.4211145341396332 -0.3275591731071472 0.8296051621437073 128 128 128
0.44919851422309875 -0.3259235918521881 0.8249305486679077 128 128 128
-0.28458645939826965 -0.33865609765052795 0.9349442720413208 128 128 128
-0.23219828307628632 -0.33672669529914856 0.9268374443054199 128 128 128
-0.18104872107505798 -0.33638444542884827 0.9223945140838623 128 128 128
0.17456939816474915 -0.32862451672554016 0.8675439357757568 128 128 128
0.07546953856945038 -0.32641807198524475 0.8917192816734314 128 128 128
0.4008074104785919 -0.3137301206588745 0.8313567042350769 128 128 128
0.4239797592163086 -0.31454989314079285 0.8327127695083618 128 128 128
0.48208317160606384 -0.3139231204986572 0.82925945520401 128 128 128
-0.2994643449783325 -0.323901891708374 0.9384589791297913 128 128 128
-0.2857535183429718 -0.32471993565559387 0.9402124881744385 128 128 128
-0.23290202021598816 -0.3224126398563385 0.9306842684745789 128 128 128
-0.18122656643390656 -0.32219210267066956 0.926310658454895 128 128 128
0.15438200533390045 -0.3161247968673706 0.8756241202354431 128 128 128
0.17499352991580963 -0.3139808177947998 0.8675503134727478 128 128 128
0.2405744343996048 -0.31349673867225647 0.8605580925941467 128 128 128
-0.3685239553451538 -0.3197665810585022 0.9516575932502747 128 128 128
-0.0555453784763813 -0.31457555294036865 0.9152600169181824 128 128 128
0.07610812038183212 -0.3127341568470001 0.8956406712532043 128 128 128
0.3744187653064728 -0.30171412229537964 0.8382462859153748 128 128 128
0.3961181044578552 -0.30147889256477356 0.8365336060523987 128 128 128
0.44545966386795044 -0.2998766303062439 0.8301276564598083 128 128 128
-0.34373563528060913 -0.30934107303619385 0.9437610507011414 128 128 128
-0.3290339410305023 -0.30904439091682434 0.9424728155136108 128 128 128
-0.2624724209308624 -0.30839893221855164 0.9374271631240845 128 128 128
-0.21052905917167664 -0.3079873025417328 0.932771623134613 128 128 128
-0.18137997388839722 -0.30739638209342957 0.9288541674613953 128 128 128
0.15570467710494995 -0.3015585243701935 0.8765079975128174 128 128 128
0.19900484383106232 -0.30091121792793274 0.8702652454376221 128 128 128
0.21999529004096985 -0.30014747381210327 0.8658784031867981 128 128 128
0.2413729578256607 -0.29975005984306335 0.862699568271637 128 128 128
0.26317617297172546 -0.299003541469574 0.8589156270027161 128 128 128
-0.05520445108413696 -0.3008107542991638 0.9204492568969727 128 128 128
0.36718064546585083 -0.28772279620170593 0.8388195633888245 128 128 128
0.3974199891090393 -0.2877070903778076 0.8377114534378052 128 128 128
-0.2641821503639221 -0.29541224241256714 0.946326494216919 128 128 128
0.04043634608387947 -0.28925225138664246 0.8975898623466492 128 128 128
0.09896068274974823 -0.2890944182872772 0.8902840614318848 128 128 128
0.12074302136898041 -0.28922364115715027 0.8881108164787292 128 128 128
0.1356353759765625 -0.2893815040588379 0.8869940638542175 128 128 128
0.15718021988868713 -0.2882627248764038 0.8811907768249512 128 128 128
0.24265246093273163 -0.28561854362487793 0.864201009273529 128 128 128
0.26519137620925903 -0.28622207045555115 0.8640995621681213 128 128 128
0.018964583054184914 -0.28567415475845337 0.9130518436431885 128 128 128
0.07798005640506744 -0.285007119178772 0.9037575721740723 128 128 128
0.3702666759490967 -0.2746172845363617 0.8426392078399658 128 128 128
0.07759257405996323 -0.27488061785697937 0.895641028881073 128 128 128
0.12148885428905487 -0.27471184730529785 0.8897282481193542 128 128 128
0.17961756885051727 -0.2733725309371948 0.8787203431129456 128 128 128
0.2152244746685028 -0.27320125699043274 0.8739027976989746 128 128 128
0.23633408546447754 -0.272411584854126 0.8690541386604309 128 128 128
-0.05500152334570885 -0.2731567323207855 0.9322182536125183 128 128 128
-0.017743540927767754 -0.271527498960495 0.9220833778381348 128 128 128
0.0563056580722332 -0.27086758613586426 0.9103609323501587 128 128 128
0.23518893122673035 -0.26298099756240845 0.8623886704444885 128 128 128
0.299794465303421 -0.2624139189720154 0.8543047904968262 128 128 128
0.3648280203342438 -0.26143479347229004 0.8464508056640625 128 128 128
0.07800030708312988 -0.2594975531101227 0.8947844505310059 128 128 128
0.13741952180862427 -0.2607344388961792 0.8915822505950928 128 128 128
0.1951753944158554 -0.25971919298171997 0.8809107542037964 128 128 128
0.2169874906539917 -0.25933703780174255 0.8771694302558899 128 128 128
0.48539048433303833 -0.2513331472873688 0.8307725787162781 128 128 128
-0.31103602051734924 -0.25947344303131104 0.9628971219062805 128 128 128
-0.06946692615747452 -0.25592881441116333 0.9287258386611938 128 128 128
0.005512220785021782 -0.2564125657081604 0.9208295941352844 128 128 128
0.2369573712348938 -0.249441459774971 0.8661035299301147 128 128 128
0.3011194169521332 -0.24862049520015717 0.8565295934677124 128 128 128
0.36570119857788086 -0.24793261289596558 0.8487502336502075 128 128 128
0.38697195053100586 -0.2474256157875061 0.8455678224563599 128 128 128
0.2172943651676178 -0.24476258456707 0.8778796195983887 128 128 128
0.4088003635406494 -0.2395075112581253 0.8419470191001892 128 128 128
-0.08362739533185959 -0.24223767220973969 0.9383435845375061 128 128 128
0.006227511912584305 -0.24220620095729828 0.9260462522506714 128 128 128
0.05788775533437729 -0.24157936871051788 0.9160627126693726 128 128 128
0.2596667408943176 -0.23497708141803741 0.8643923401832581 128 128 128
-0.10767421871423721 -0.2376314103603363 0.9546407461166382 128 128 128
0.4083214998245239 -0.224868044257164 0.8402422070503235 128 128 128
0.45866450667381287 -0.22394634783267975 0.8345807790756226 128 128 128
-0.08411696553230286 -0.22758068144321442 0.9433670043945312 128 128 128
-0.06871878355741501 -0.22771579027175903 0.9418161511421204 128 128 128
0.27526721358299255 -0.22163952887058258 0.8671886920928955 128 128 128
0.29752400517463684 -0.2214699536561966 0.8644192218780518 128 128 128
-0.13777215778827667 -0.22240418195724487 0.9623305201530457 128 128 128
0.06672672182321548 -0.21779869496822357 0.9127240777015686 128 128 128
0.08150401711463928 -0.2178569734096527 0.9106004238128662 128 128 128
0.1038123294711113 -0.2175387591123581 0.9058322310447693 128 128 128
0.13959616422653198 -0.21707983314990997 0.897914469242096 128 128 128
0.17602868378162384 -0.21685120463371277 0.8913608193397522 128 128 128
0.24193306267261505 -0.21593965590000153 0.8788301944732666 128 128 128
-0.030518468469381332 -0.21282605826854706 0.9405702948570251 128 128 128
-0.007309712469577789 -0.21166495978832245 0.9318520426750183 128 128 128
0.0076525770127773285 -0.21227523684501648 0.9321286678314209 128 128 128
0.3200477063655853 -0.2072543054819107 0.8633717894554138 128 128 128
0.10441921651363373 -0.20323580503463745 0.9102485775947571 128 128 128
0.2346086949110031 -0.20082394778728485 0.87857985496521 128 128 128
-0.08346153050661087 -0.1975654661655426 0.952299177646637 128 128 128
-0.044872481375932693 -0.19693970680236816 0.9431337714195251 128 128 128
0.008447200991213322 -0.19696342945098877 0.9342629313468933 128 128 128
0.32082194089889526 -0.19252485036849976 0.8630298972129822 128 128 128
0.3870043456554413 -0.19232875108718872 0.8559938073158264 128 128 128
0.14233677089214325 -0.1880250722169876 0.9045186638832092 128 128 128
0.20109356939792633 -0.18783918023109436 0.8934746384620667 128 128 128
0.2365376204252243 -0.18726737797260284 0.8845979571342468 128 128 128
-0.021302826702594757 -0.1823030412197113 0.9457879662513733 128 128 128
-0.006526135373860598 -0.18238677084445953 0.9434075355529785 128 128 128
0.2780258357524872 -0.17838884890079498 0.8707471489906311 128 128 128
0.31456103920936584 -0.17837131023406982 0.8658605813980103 128 128 128
0.12815336883068085 -0.17266979813575745 0.9071144461631775 128 128 128
0.178806334733963 -0.17255142331123352 0.8962472081184387 128 128 128
0.20202264189720154 -0.17323797941207886 0.895997166633606 128 128 128
0.23877492547035217 -0.1732843518257141 0.8898239135742188 128 128 128
0.26001599431037903 -0.17294177412986755 0.8843050599098206 128 128 128
0.420046865940094 -0.1690932810306549 0.8446021676063538 128 128 128
0.4431876242160797 -0.169479638338089 0.8450530171394348 128 128 128
-0.058744702488183975 -0.16593420505523682 0.9509879350662231 128 128 128
-0.005446017254143953 -0.16658195853233337 0.9442250728607178 128 128 128
0.008999476209282875 -0.16668467223644257 0.9416592121124268 128 128 128
0.04711732640862465 -0.16695217788219452 0.9352383017539978 128 128 128
0.3381747603416443 -0.164370596408844 0.866295576095581 128 128 128
0.3610408306121826 -0.16465578973293304 0.8653409481048584 128 128 128
0.18039417266845703 -0.15769289433956146 0.8983166217803955 128 128 128
0.21730603277683258 -0.1579635739326477 0.8925777077674866 128 128 128
0.23863938450813293 -0.15794745087623596 0.8880188465118408 128 128 128
0.4443730413913727 -0.1551746428012848 0.845434308052063 128 128 128
-0.04371856898069382 -0.15094871819019318 0.9547421336174011 128 128 128
-0.0051659224554896355 -0.1501704752445221 0.941369891166687 128 128 128
0.032929182052612305 -0.1510031819343567 0.9379717707633972 128 128 128
0.047534819692373276 -0.15149077773094177 0.9373981356620789 128 128 128
0.2952568233013153 -0.14952433109283447 0.8720958828926086 128 128 128
0.3385618329048157 -0.14945535361766815 0.8650364279747009 128 128 128
0.3608272969722748 -0.14947721362113953 0.8625473380088806 128 128 128
0.2395525574684143 -0.14285363256931305 0.8878471255302429 128 128 128
0.27678894996643066 -0.14356331527233124 0.8848847150802612 128 128 128
0.43751680850982666 -0.1411346048116684 0.8468530178070068 128 128 128
-0.019956335425376892 -0.13428251445293427 0.9453408718109131 128 128 128
-0.004601947497576475 -0.13441599905490875 0.9424899220466614 128 128 128
0.27456507086753845 -0.135056734085083 0.8778578639030457 128 128 128
0.33030617237091064 -0.1344843953847885 0.8633522391319275 128 128 128
0.43360474705696106 -0.13265138864517212 0.8385406732559204 128 128 128
-0.12905776500701904 -0.1282660812139511 0.9859730005264282 128 128 128
-0.11419748514890671 -0.12867625057697296 0.9861398935317993 128 128 128
0.10798287391662598 -0.12742097675800323 0.9185618758201599 128 128 128
0.12280315160751343 -0.12700268626213074 0.9116526246070862 128 128 128
0.14414183795452118 -0.12701667845249176 0.9054710865020752 128 128 128
0.2182653844356537 -0.1283271163702011 0.8957123756408691 128 128 128
0.39511948823928833 -0.1270788162946701 0.8531095385551453 128 128 128
-0.28773289918899536 -0.1196104884147644 1.0081202983856201 128 128 128
-0.21693722903728485 -0.11988553404808044 1.0021662712097168 128 128 128
-0.20120058953762054 -0.11992499232292175 1.0001239776611328 128 128 128
0.3339778482913971 -0.12065783143043518 0.8697541952133179 128 128 128
-0.07292457669973373 -0.11146751791238785 0.9706334471702576 128 128 128
0.18152348697185516 -0.11227277666330338 0.8990386128425598 128 128 128
0.20410969853401184 -0.1126519963145256 0.8960354924201965 128 128 128
0.25538501143455505 -0.11354456841945648 0.8888548016548157 128 128 128
0.27901333570480347 -0.11416420340538025 0.8888537883758545 128 128 128
-0.29437243938446045 -0.10280691832304001 1.0090359449386597 128 128 128
-0.278891921043396 -0.10293456166982651 1.0088789463043213 128 128 128
-0.2469121813774109 -0.10272713005542755 1.0035429000854492 128 128 128
-0.2169845551252365 -0.10342471301555634 1.006105899810791 128 128 128
-0.1612742841243744 -0.10397133231163025 1.0000933408737183 128 128 128
0.311343789100647 -0.10543857514858246 0.8698449730873108 128 128 128
0.3257700800895691 -0.10558170080184937 0.8677228093147278 128 128 128
-0.08866796642541885 -0.09503062814474106 0.9753966331481934 128 128 128
-0.07312393188476562 -0.09552992880344391 0.9756085276603699 128 128 128
-0.01807243563234806 -0.09613995999097824 0.9635623097419739 128 128 128
0.12509900331497192 -0.09718400239944458 0.9213845729827881 128 128 128
0.19885005056858063 -0.09805608540773392 0.9037837386131287 128 128 128
0.2348426729440689 -0.09818672388792038 0.8933023810386658 128 128 128
0.4326789677143097 -0.09803158044815063 0.8476288914680481 128 128 128
0.0731574147939682 -0.08893900364637375 0.9375867247581482 128 128 128
0.1635114550590515 -0.0907931998372078 0.9211300611495972 128 128 128
0.35094019770622253 -0.09181498736143112 0.87140291929245 128 128 128
0.3944062292575836 -0.0920524001121521 0.8646342754364014 128 128 128
-0.2674928903579712 -0.07919947057962418 1.028904676437378 128 128 128
-0.1439509093761444 -0.0784546360373497 0.9928122758865356 128 128 128
-0.0026939744129776955 -0.08104317635297775 0.9717852473258972 128 128 128
0.2731265127658844 -0.08427788317203522 0.8925403952598572 128 128 128
0.3162406086921692 -0.08455558866262436 0.8818961977958679 128 128 128
0.08914149552583694 -0.0735011026263237 0.9357044100761414 128 128 128
0.16422227025032043 -0.0752376914024353 0.9215212464332581 128 128 128
0.2007463574409485 -0.07576492428779602 0.9109919667243958 128 128 128
0.021705273538827896 -0.0649740919470787 0.9645802974700928 128 128 128
0.03695587068796158 -0.06535596400499344 0.9619124531745911 128 128 128
0.07534454017877579 -0.06602907925844193 0.9506931900978088 128 128 128
-0.07283222675323486 -0.05548415333032608 0.9966524839401245 128 128 128
0.0901031568646431 -0.057713333517313004 0.9365088939666748 128 128 128
0.16406285762786865 -0.05947721004486084 0.9185312390327454 128 128 128
0.20221181213855743 -0.06043888255953789 0.9129505157470703 128 128 128
0.34938135743141174 -0.06188802793622017 0.8647245764732361 128 128 128
0.3628411293029785 -0.062013912945985794 0.8609743714332581 128 128 128
0.022651121020317078 -0.04868163913488388 0.9648400545120239 128 128 128
0.03752831742167473 -0.04904681071639061 0.9610300660133362 128 128 128
0.2737230956554413 -0.05392242968082428 0.8900999426841736 128 128 128
0.3104360103607178 -0.05468771979212761 0.8843477368354797 128 128 128
0.3332398235797882 -0.055210355669260025 0.8830142617225647 128 128 128
-0.03254536911845207 -0.0394563227891922 0.9856007695198059 128 128 128
0.2400626242160797 -0.04609250649809837 0.9078845977783203 128 128 128
-0.17776872217655182 -0.028596816584467888 1.0277010202407837 128 128 128
0.3109760284423828 -0.03957020491361618 0.8825299739837646 128 128 128
0.3354458808898926 -0.04033258929848671 0.8859820365905762 128 128 128
0.2777525782585144 -0.03160344436764717 0.8992356061935425 128 128 128
0.09293582290410995 -0.018348142504692078 0.9501451253890991 128 128 128
0.16927725076675415 -0.02093370631337166 0.9357261061668396 128 128 128
0.3268221318721771 -0.025185510516166687 0.8837395906448364 128 128 128
0.3491223454475403 -0.0255273524671793 0.879227340221405 128 128 128
0.42147254943847656 -0.026440123096108437 0.8515558242797852 128 128 128
-0.2774641215801239 -0.0013062035432085395 1.0487127304077148 128 128 128
0.25575530529022217 -0.01577194221317768 0.9028827548027039 128 128 128
-0.3316677510738373 0.007806817069649696 1.0710711479187012 128 128 128
-0.15206368267536163 0.005548601970076561 1.0235977172851562 128 128 128
0.14702995121479034 -0.004313168115913868 0.9445609450340271 128 128 128
0.18598127365112305 -0.005698099732398987 0.9390170574188232 128 128 128
0.20884084701538086 -0.0064575644209980965 0.9321685433387756 128 128 128
0.22187413275241852 -0.006969223730266094 0.9216439127922058 128 128 128
0.323544442653656 -0.010154318064451218 0.8734579086303711 128 128 128
0.34711548686027527 -0.010616547428071499 0.8729609847068787 128 128 128
0.43436649441719055 -0.012221597135066986 0.8458865284919739 128 128 128
-0.13667646050453186 0.013929449021816254 1.0330584049224854 128 128 128
0.008727191016077995 0.009059404954314232 0.9737955331802368 128 128 128
0.17065569758415222 0.010732621885836124 0.9358089566230774 128 128 128
0.18521299958229065 0.010093450546264648 0.9310346245765686 128 128 128
0.22319483757019043 0.0086435005068779 0.9258459806442261 128 128 128
-0.3502061069011688 0.034953560680150986 1.083984136581421 128 128 128
-0.15297995507717133 0.031855370849370956 1.0366504192352295 128 128 128
0.040959432721138 0.024385763332247734 0.972365140914917 128 128 128
0.07992592453956604 0.022794760763645172 0.9656792879104614 128 128 128
0.1496577262878418 0.019848331809043884 0.9515724778175354 128 128 128
0.5064127445220947 0.008257374167442322 0.8103253841400146 128 128 128
0.34115105867385864 0.019037414342164993 0.8767114877700806 128 128 128
0.3639540374279022 0.01853885129094124 0.8738314509391785 128 128 128
0.14959099888801575 0.03586678206920624 0.9501413702964783 128 128 128
0.16471783816814423 0.03514684736728668 0.9468087553977966 128 128 128
-0.2361803948879242 0.06044156849384308 1.0581272840499878 128 128 128
0.0665191262960434 0.04858299344778061 0.9796397089958191 128 128 128
0.2223689705133438 0.039574917405843735 0.9173305630683899 128 128 128
0.23861125111579895 0.0391705259680748 0.9205770492553711 128 128 128
0.5101314783096313 0.02897978387773037 0.8148819804191589 128 128 128
-0.06151992827653885 0.06385762244462967 1.024704933166504 128 128 128
0.16536632180213928 0.05112732946872711 0.946039617061615 128 128 128
0.08274442702531815 0.0646766871213913 0.9810500144958496 128 128 128
-0.07725334167480469 0.08157975971698761 1.0241715908050537 128 128 128
-0.061117056757211685 0.08105018734931946 1.0230046510696411 128 128 128
-0.04466627538204193 0.08079821616411209 1.0260169506072998 128 128 128
-0.020188070833683014 0.07968716323375702 1.0212786197662354 128 128 128
0.08130691200494766 0.07152875512838364 0.9623575210571289 128 128 128
-0.003419961780309677 0.09601150453090668 1.016848087310791 128 128 128
-0.04449902102351189 0.10821821540594101 1.0392303466796875 128 128 128
0.11448915302753448 0.09534863382577896 0.9678466320037842 128 128 128
0.16798339784145355 0.09168821573257446 0.9516263008117676 128 128 128
-0.002316422527655959 0.12293775379657745 1.0263737440109253 128 128 128
0.1537000685930252 0.10903669148683548 0.9574133157730103 128 128 128
0.11675053089857101 0.12156423181295395 0.9809702634811401 128 128 128
0.1383659541606903 -0.29685866832733154 0.5833262205123901 128 128 128
0.10151634365320206 -0.288069486618042 0.596168041229248 128 128 128
0.1158820316195488 -0.28655123710632324 0.5927941799163818 128 128 128
0.1413106918334961 -0.2876816987991333 0.5947765707969666 128 128 128
-0.05482557788491249 -0.26404479146003723 0.5759693384170532 128 128 128
-0.15970902144908905 -0.2415705919265747 0.5555809140205383 128 128 128
-0.14720942080020905 -0.24409545958042145 0.5614015460014343 128 128 128
-0.13360072672367096 -0.24510222673416138 0.5637611150741577 128 128 128
0.07794756442308426 -0.25980061292648315 0.6004611849784851 128 128 128
0.05247610807418823 -0.23236879706382751 0.5949124097824097 128 128 128
0.1220550462603569 -0.24273747205734253 0.6208311915397644 128 128 128
0.13588246703147888 -0.23919329047203064 0.6116470098495483 128 128 128
0.37543344497680664 -0.2580924332141876 0.6612425446510315 128 128 128
-0.1579015552997589 -0.21790288388729095 0.5660194158554077 128 128 128
0.13077569007873535 -0.22069378197193146 0.5895354151725769 128 128 128
0.35602667927742004 -0.24177180230617523 0.6465098857879639 128 128 128
0.05298904702067375 -0.20938217639923096 0.6007059812545776 128 128 128
0.06912954896688461 -0.2132781744003296 0.6119358539581299 128 128 128
0.1392267495393753 -0.21877078711986542 0.6266401410102844 128 128 128
0.17648115754127502 -0.21917177736759186 0.6275172233581543 128 128 128
0.3481506109237671 -0.2194025069475174 0.662082314491272 128 128 128
0.07062900811433792 -0.20211869478225708 0.6251804232597351 128 128 128
0.113862544298172 -0.2043432593345642 0.6312529444694519 128 128 128
0.1368757039308548 -0.199849933385849 0.6167727708816528 128 128 128
0.1597071886062622 -0.18528375029563904 0.6032392382621765 128 128 128
0.23596450686454773 -0.19839666783809662 0.6455037593841553 128 128 128
0.24785341322422028 -0.19494466483592987 0.6342599987983704 128 128 128
0.04457930848002434 -0.18546424806118011 0.622032642364502 128 128 128
0.07235339283943176 -0.18972712755203247 0.6359285712242126 128 128 128
0.02782112918794155 -0.16665615141391754 0.5915905237197876 128 128 128
0.044806770980358124 -0.17462311685085297 0.6197329759597778 128 128 128
0.0698806643486023 -0.1729799509048462 0.6144575476646423 128 128 128
0.11244453489780426 -0.17577426135540009 0.6238855123519897 128 128 128
0.13482864201068878 -0.17096781730651855 0.6062911748886108 128 128 128
0.07228729128837585 -0.16235759854316711 0.632882297039032 128 128 128
0.3255026638507843 -0.16632024943828583 0.6727847456932068 128 128 128
0.35465940833091736 -0.16621723771095276 0.6742925643920898 128 128 128
0.1314622014760971 -0.14136122167110443 0.5894286632537842 128 128 128
0.01978677324950695 -0.1491428166627884 0.6423476338386536 128 128 128
-0.15652576088905334 -0.13043925166130066 0.5769131183624268 128 128 128
0.26841646432876587 -0.146415576338768 0.6577785611152649 128 128 128
0.01923113316297531 -0.13511057198047638 0.6276167631149292 128 128 128
0.06859296560287476 -0.12872982025146484 0.5995391607284546 128 128 128
-0.0886717215180397 -0.11961749941110611 0.5755627155303955 128 128 128
-0.07611678540706635 -0.12261805683374405 0.5905381441116333 128 128 128
0.2381012737751007 -0.13331955671310425 0.6499273180961609 128 128 128
0.2483467161655426 -0.13032589852809906 0.6345130801200867 128 128 128
0.2685280442237854 -0.1348314732313156 0.6576930284500122 128 128 128
-0.18049152195453644 -0.11593639850616455 0.5758289694786072 128 128 128
0.11378536373376846 -0.12448002398014069 0.6293897032737732 128 128 128
0.19317494332790375 -0.1350882202386856 0.6844142079353333 128 128 128
0.23200483620166779 -0.13426882028579712 0.6804659962654114 128 128 128
0.034734535962343216 -0.11858659982681274 0.6253825426101685 128 128 128
0.04448721557855606 -0.11644161492586136 0.611903965473175 128 128 128
0.38998761773109436 -0.1282605081796646 0.6868579387664795 128 128 128
0.09304103255271912 -0.11519286781549454 0.6673425436019897 128 128 128
-0.046868570148944855 -0.09879763424396515 0.5956329703330994 128 128 128
0.3369195759296417 -0.11337734758853912 0.6966648101806641 128 128 128
0.01908300258219242 -0.09317909926176071 0.6304104328155518 128 128 128
0.33569058775901794 -0.10100430995225906 0.6942039728164673 128 128 128
-0.12476589530706406 -0.08271870762109756 0.5853215456008911 128 128 128
-0.11307620257139206 -0.08166773617267609 0.5758439302444458 128 128 128
-0.15242989361286163 -0.07733611762523651 0.5783118605613708 128 128 128
0.25098326802253723 -0.20001457631587982 1.526705265045166 128 128 128
0.2972550094127655 -0.08436400443315506 0.7000024318695068 128 128 128
-0.15164117515087128 -0.06673496216535568 0.5751563906669617 128 128 128
-0.13922765851020813 -0.06770407408475876 0.5838255286216736 128 128 128
-0.1278933435678482 -0.06951290369033813 0.5995951294898987 128 128 128
-0.11460812389850616 -0.06778206676244736 0.5831408500671387 128 128 128
0.18091273307800293 -0.12496275454759598 1.0989428758621216 128 128 128
0.05795244872570038 -0.06294693052768707 0.5957707166671753 128 128 128
0.3009497821331024 -0.07353118062019348 0.7088882327079773 128 128 128
0.34707263112068176 -0.07397506386041641 0.7181872129440308 128 128 128
0.2081962376832962 -0.06537678837776184 0.6780299544334412 128 128 128
0.05282890796661377 -0.0578867606818676 0.6548308730125427 128 128 128
0.07547634840011597 -0.05480463430285454 0.6169408559799194 128 128 128
-0.002351484028622508 -0.05211876332759857 0.6415269374847412 128 128 128
0.008311321027576923 -0.05060499161481857 0.6268277764320374 128 128 128
0.2474776804447174 -0.06053994596004486 0.7646772265434265 128 128 128
0.28709837794303894 -0.05534273758530617 0.7044229507446289 128 128 128
-0.08688969910144806 -0.04369790107011795 0.5935343503952026 128 128 128
0.3242955207824707 -0.04537748917937279 0.7352475523948669 128 128 128
-0.03200986981391907 -0.03327006474137306 0.5910853743553162 128 128 128
0.19017750024795532 -0.03949015215039253 0.7167202234268188 128 128 128
0.44827258586883545 -0.03946027532219887 0.7571493983268738 128 128 128
0.07655435800552368 -0.028788909316062927 0.6220457553863525 128 128 128
-0.04322930425405502 -0.023743711411952972 0.6110100150108337 128 128 128
-0.03163740411400795 -0.022588875144720078 0.5881314277648926 128 128 128
-0.002325291046872735 -0.024830287322402 0.6412107348442078 128 128 128
0.024962004274129868 -0.024828998371958733 0.6478148698806763 128 128 128
0.03414231538772583 -0.02385612390935421 0.6191420555114746 128 128 128
0.2430220991373062 -0.02597411721944809 0.6969980001449585 128 128 128
0.11847853660583496 -0.02127782069146633 0.7163417935371399 128 128 128
0.3729301691055298 -0.020649584010243416 0.746484100818634 128 128 128
0.4301178455352783 -0.02062239684164524 0.7477299571037292 128 128 128
-0.16390956938266754 -0.013458316214382648 0.583850622177124 128 128 128
-0.15144400298595428 -0.013860474340617657 0.5923309326171875 128 128 128
0.23988208174705505 -0.015484397299587727 0.7412645220756531 128 128 128
0.2892676889896393 -0.015547187067568302 0.7566674947738647 128 128 128
0.5302450060844421 -0.01390941720455885 0.7750285267829895 128 128 128
-0.017660850659012794 -0.007967175915837288 0.6215940117835999 128 128 128
0.1732928305864334 -0.009084980003535748 0.6973687410354614 128 128 128
-0.15147143602371216 -0.003620985895395279 0.592607319355011 128 128 128
0.08476506918668747 -0.0030399924144148827 0.688939094543457 128 128 128
0.10476206988096237 -0.002843213267624378 0.6320409774780273 128 128 128
0.14770174026489258 -0.0031133864540606737 0.6357030868530273 128 128 128
0.27399778366088867 -0.0028245558496564627 0.7498634457588196 128 128 128
0.2987424433231354 -0.0024413729552179575 0.7336063981056213 128 128 128
-0.017487889155745506 0.002234208630397916 0.6111960411071777 128 128 128
0.10876535624265671 0.008057493716478348 0.6573770642280579 128 128 128
0.1508689820766449 0.007766196969896555 0.6495408415794373 128 128 128
-0.16276231408119202 0.011553631164133549 0.5975832343101501 128 128 128
0.05871681496500969 0.01259505283087492 0.5966049432754517 128 128 128
-0.04314839094877243 0.01737406477332115 0.6094278693199158 128 128 128
-0.1762927621603012 0.022070981562137604 0.6096789836883545 128 128 128
-0.1368001252412796 0.0214570052921772 0.593529224395752 128 128 128
0.09684618562459946 0.024449272081255913 0.6516728401184082 128 128 128
0.20301298797130585 0.0317252054810524 0.6978479623794556 128 128 128
-0.08274084329605103 0.03245684131979942 0.600770890712738 128 128 128
0.10785545408725739 0.03522408381104469 0.6490434408187866 128 128 128
-0.0015200533671304584 0.044077642261981964 0.61455237865448 128 128 128
0.06970271468162537 0.05190306156873703 0.6501474976539612 128 128 128
0.2512262463569641 0.057028066366910934 0.719286322593689 128 128 128
0.27793413400650024 0.056639570742845535 0.7110880613327026 128 128 128
0.024194423109292984 0.054352905601263046 0.6167477965354919 128 128 128
0.025110455229878426 0.06600155681371689 0.6262007355690002 128 128 128
0.042612675577402115 0.06884383410215378 0.6547117829322815 128 128 128
-0.0016818239819258451 0.06914522498846054 0.6099129319190979 128 128 128
0.1316172331571579 0.07749854773283005 0.6868049502372742 128 128 128
0.18285594880580902 0.07491888850927353 0.6657283306121826 128 128 128
-0.0014598198467865586 0.08324810117483139 0.6381312608718872 128 128 128
0.024926843121647835 0.08162640780210495 0.6261877417564392 128 128 128
0.014694719575345516 0.09331273287534714 0.6335853934288025 128 128 128
0.14402002096176147 0.10272932052612305 0.6641956567764282 128 128 128
0.7863342761993408 -3.05401349067688 5.383812427520752 128 128 128
0.8448243141174316 -3.0998706817626953 5.466825008392334 128 128 128
1.218165636062622 -3.20432710647583 5.7126898765563965 128 128 128
0.5956541895866394 -3.1407854557037354 5.708507061004639 128 128 128
0.8139482140541077 -3.02610445022583 5.563843727111816 128 128 128
0.8765201568603516 -3.0317306518554688 5.6587724685668945 128 128 128
1.0051331520080566 -3.1387572288513184 5.8546977043151855 128 128 128
1.2124947309494019 -3.0550549030303955 5.678943157196045 128 128 128
1.5314948558807373 -3.403337001800537 6.412548065185547 128 128 128
1.5967695713043213 -3.432624101638794 6.460352897644043 128 128 128
1.593969702720642 -3.20872163772583 6.037809371948242 128 128 128
0.6243502497673035 -3.0880041122436523 5.952821254730225 128 128 128
5.799846172332764 -4.560584545135498 8.485339164733887 128 128 128
0.7936850190162659 -2.7634081840515137 5.397996425628662 128 128 128
1.2844682931900024 -3.0331132411956787 5.993527889251709 128 128 128
1.3570278882980347 -3.0893781185150146 6.095098495483398 128 128 128
1.4118858575820923 -3.1009435653686523 6.1119256019592285 128 128 128
1.5678070783615112 -2.959645986557007 5.919882297515869 128 128 128
1.6581456661224365 -3.03607177734375 6.069015026092529 128 128 128
0.5504436492919922 -2.747028112411499 5.647979736328125 128 128 128
1.6021573543548584 -2.973543643951416 6.043900012969971 128 128 128
5.900063991546631 -4.364086627960205 8.620119094848633 128 128 128
0.9352258443832397 -2.8730154037475586 5.980315685272217 128 128 128
1.0112614631652832 -2.9556336402893066 6.138983726501465 128 128 128
1.0921679735183716 -3.0355725288391113 6.308475494384766 128 128 128
-1.221181869506836 -1.6912676095962524 3.6932332515716553 128 128 128
-0.48482686281204224 -0.8657674193382263 1.8857784271240234 128 128 128
1.1053898334503174 -2.6375279426574707 5.5661725997924805 128 128 128
1.1967905759811401 -2.7414345741271973 5.7825798988342285 128 128 128
1.3065310716629028 -2.8795113563537598 6.067566394805908 128 128 128
-1.8471533060073853 -2.87451434135437 6.376192092895508 128 128 128
-1.4210106134414673 -2.2756760120391846 5.04663610458374 128 128 128
-1.1472865343093872 -1.8911012411117554 4.191285133361816 128 128 128
-0.8530770540237427 -1.4481940269470215 3.210148811340332 128 128 128
-0.6440027356147766 -1.1290574073791504 2.5065300464630127 128 128 128
-0.3674389123916626 -0.743492603302002 1.6541975736618042 128 128 128
1.3846874237060547 -2.884061098098755 6.181339740753174 128 128 128
1.4438027143478394 -2.903252601623535 6.212988376617432 128 128 128
1.531478762626648 -2.9740712642669678 6.360992908477783 128 128 128
1.6192607879638672 -3.0412514209747314 6.499505996704102 128 128 128
1.7499891519546509 -2.9042320251464844 6.1908087730407715 128 128 128
-0.5853548645973206 -1.1140406131744385 2.5256712436676025 128 128 128
-0.04512827843427658 -2.0339951515197754 4.505794048309326 128 128 128
0.8227885961532593 -2.669840097427368 5.854000091552734 128 128 128
0.8789522647857666 -2.693472385406494 5.901937961578369 128 128 128
0.9553493857383728 -2.7748732566833496 6.073460102081299 128 128 128
1.0386993885040283 -2.868192672729492 6.269665241241455 128 128 128
-1.240525484085083 -1.5464307069778442 3.564272880554199 128 128 128
-1.1517668962478638 -1.5878490209579468 3.6531379222869873 128 128 128
-0.9967953562736511 -1.411128044128418 3.2482519149780273 128 128 128
0.9565603137016296 -2.7210309505462646 6.068591117858887 128 128 128
1.0470168590545654 -2.4617974758148193 5.477321624755859 128 128 128
1.1103590726852417 -2.506601572036743 5.564426898956299 128 128 128
-0.9807432293891907 -1.436145305633545 3.367159843444824 128 128 128
-0.8533315062522888 -1.2847034931182861 3.012178659439087 128 128 128
-0.7336562275886536 -1.1377750635147095 2.67104434967041 128 128 128
-0.49251773953437805 -0.8669131398200989 2.041593551635742 128 128 128
0.23218892514705658 -2.0594046115875244 4.708906650543213 128 128 128
1.0553418397903442 -2.4331398010253906 5.511046409606934 128 128 128
1.1292121410369873 -2.4974842071533203 5.649548530578613 128 128 128
1.2237722873687744 -2.5993306636810303 5.876734733581543 128 128 128
-1.389190912246704 -1.9387166500091553 4.635804653167725 128 128 128
-0.2713259160518646 -1.5205785036087036 3.587939739227295 128 128 128
0.2710053622722626 -2.0041451454162598 4.67536735534668 128 128 128
0.3359198272228241 -2.1735126972198486 5.06262731552124 128 128 128
1.4750187397003174 -2.7484004497528076 6.311209678649902 128 128 128
1.5570509433746338 -2.80387806892395 6.431649684906006 128 128 128
1.5714031457901 -2.567476272583008 5.880052089691162 128 128 128
1.6487712860107422 -2.6150481700897217 5.981963634490967 128 128 128
-0.34789419174194336 -0.8390142917633057 2.0517542362213135 128 128 128
-0.09921571612358093 -1.6410472393035889 3.9335339069366455 128 128 128
-0.0692232996225357 -1.7274575233459473 4.1323699951171875 128 128 128
1.6493606567382812 -2.639296293258667 6.164391040802002 128 128 128
-1.0382392406463623 -1.3876100778579712 3.4548799991607666 128 128 128
-0.8350241780281067 -1.1463756561279297 2.8549304008483887 128 128 128
-0.4057615399360657 -0.7201068997383118 1.8054778575897217 128 128 128
-0.39140793681144714 -0.9756641983985901 2.4338998794555664 128 128 128
0.06648280471563339 -1.6017245054244995 3.898012638092041 128 128 128
0.71722811460495 -2.2221782207489014 5.352483749389648 128 128 128
0.7940790057182312 -2.3182361125946045 5.577362060546875 128 128 128
0.8546783328056335 -2.3593060970306396 5.669053077697754 128 128 128
0.9435946941375732 -2.471325397491455 5.928892612457275 128 128 128
0.9917623400688171 -2.2481539249420166 5.3815813064575195 128 128 128
2.045194149017334 -2.78171968460083 6.6021599769592285 128 128 128
2.2368690967559814 -2.8905246257781982 6.850499629974365 128 128 128
2.3320202827453613 -2.9441606998443604 6.962665557861328 128 128 128
4.402970314025879 -3.5305662155151367 8.212762832641602 128 128 128
0.1095886304974556 -1.7093640565872192 4.23931360244751 128 128 128
0.15061914920806885 -1.7781718969345093 4.4069504737854 128 128 128
1.0315898656845093 -2.5092966556549072 6.14752721786499 128 128 128
1.1238982677459717 -2.288722038269043 5.5806708335876465 128 128 128
1.1898415088653564 -2.328209638595581 5.672477722167969 128 128 128
2.48476243019104 -2.9965734481811523 7.231098175048828 128 128 128
2.5612785816192627 -3.0196757316589355 7.275959491729736 128 128 128
4.341911792755127 -3.460638999938965 8.222637176513672 128 128 128
4.555245399475098 -3.5272302627563477 8.36083984375 128 128 128
4.690552234649658 -3.581346273422241 8.4785795211792 128 128 128
-1.027022123336792 -1.385863184928894 3.603257894515991 128 128 128
-0.5826526284217834 -0.9529227018356323 2.492053270339966 128 128 128
-0.3591024577617645 -0.7276706695556641 1.9039030075073242 128 128 128
0.3730716109275818 -1.7489125728607178 4.4024858474731445 128 128 128
1.353055477142334 -2.493443250656128 6.192765235900879 128 128 128
2.493969678878784 -2.9473414421081543 7.249996662139893 128 128 128
2.677018880844116 -3.0906689167022705 7.59738826751709 128 128 128
2.7852072715759277 -3.1469566822052 7.720163345336914 128 128 128
4.7125043869018555 -3.5231029987335205 8.513256072998047 128 128 128
4.836291313171387 -3.565035820007324 8.606432914733887 128 128 128
5.028212547302246 -3.6567423343658447 8.816285133361816 128 128 128
5.364281177520752 -3.7935683727264404 9.136987686157227 128 128 128
5.464140892028809 -3.814281940460205 9.175843238830566 128 128 128
-0.41918647289276123 -0.8308271765708923 2.2225143909454346 128 128 128
-0.4028746783733368 -0.8424291014671326 2.2504327297210693 128 128 128
-0.29352739453315735 -0.8201498985290527 2.1781888008117676 128 128 128
-0.1857416182756424 -1.2316856384277344 3.2287118434906006 128 128 128
0.5600297451019287 -1.9818933010101318 5.086830139160156 128 128 128
0.6247804760932922 -2.056642532348633 5.2760210037231445 128 128 128
1.425628423690796 -2.4736621379852295 6.2755656242370605 128 128 128
1.5183180570602417 -2.5433998107910156 6.446010589599609 128 128 128
1.8050222396850586 -2.5065383911132812 6.314848899841309 128 128 128
1.8535494804382324 -2.5031402111053467 6.299837589263916 128 128 128
5.299790382385254 -3.668525218963623 9.022130012512207 128 128 128
5.72107458114624 -3.8585736751556396 9.468779563903809 128 128 128
5.8294806480407715 -3.8855185508728027 9.515690803527832 128 128 128
-1.4917858839035034 -1.6049576997756958 4.342944622039795 128 128 128
-0.9830120801925659 -1.2295892238616943 3.337113618850708 128 128 128
-0.8275114893913269 -1.063758373260498 2.8897793292999268 128 128 128
-0.5184276700019836 -0.7799781560897827 2.131600856781006 128 128 128
-0.4462181031703949 -0.9089425206184387 2.4854865074157715 128 128 128
-0.310499370098114 -0.9107365012168884 2.4696738719940186 128 128 128
-0.14482617378234863 -1.3449060916900635 3.594674825668335 128 128 128
0.6166064143180847 -1.9802817106246948 5.1883673667907715 128 128 128
0.675351083278656 -2.029470682144165 5.304037570953369 128 128 128
0.7639327049255371 -2.155191659927368 5.63515043258667 128 128 128
0.8259923458099365 -2.198010206222534 5.735968589782715 128 128 128
1.73481023311615 -2.353092670440674 6.062182426452637 128 128 128
1.8460603952407837 -2.434248447418213 6.268060207366943 128 128 128
2.0325331687927246 -2.54160475730896 6.529489517211914 128 128 128
2.1147539615631104 -2.5785059928894043 6.615227699279785 128 128 128
6.071170806884766 -3.8574068546295166 9.641251564025879 128 128 128
6.224573612213135 -3.912280797958374 9.754344940185547 128 128 128
-1.4768069982528687 -1.6678688526153564 4.619607925415039 128 128 128
-1.3044445514678955 -1.5106234550476074 4.186202526092529 128 128 128
-1.1309629678726196 -1.343918800354004 3.7272331714630127 128 128 128
-0.7812014818191528 -1.0705935955047607 2.9858944416046143 128 128 128
-0.6887446045875549 -0.9767354726791382 2.7284915447235107 128 128 128
-0.4133169949054718 -0.7419396042823792 2.080331563949585 128 128 128
0.042316921055316925 -1.4994912147521973 4.0722246170043945 128 128 128
0.07554756850004196 -1.4855186939239502 4.030956745147705 128 128 128
0.1112966239452362 -1.5022937059402466 4.064387321472168 128 128 128
0.6950227618217468 -2.0361340045928955 5.44655179977417 128 128 128
0.7453392744064331 -2.050855875015259 5.482836723327637 128 128 128
2.021979331970215 -2.5371804237365723 6.667545318603516 128 128 128
2.103527307510376 -2.5708961486816406 6.750053405761719 128 128 128
2.1962366104125977 -2.6176161766052246 6.862583160400391 128 128 128
2.2980542182922363 -2.6725165843963623 6.997279644012451 128 128 128
4.125341892242432 -3.279970407485962 8.461112976074219 128 128 128
4.150459289550781 -3.0961742401123047 7.964614391326904 128 128 128
4.554321765899658 -3.250636100769043 8.33703327178955 128 128 128
6.098090171813965 -3.794468879699707 9.678548812866211 128 128 128
-0.4767105281352997 -0.7977616786956787 2.29084849357605 128 128 128
-0.2454182207584381 -1.0436543226242065 2.952770709991455 128 128 128
-0.22529003024101257 -1.08404541015625 3.0541186332702637 128 128 128
0.04172910749912262 -1.4121569395065308 3.927917003631592 128 128 128
0.11268008500337601 -1.4827921390533447 4.115483283996582 128 128 128
0.15709352493286133 -1.57723069190979 4.365196704864502 128 128 128
1.0701320171356201 -2.0228734016418457 5.488326072692871 128 128 128
2.3994696140289307 -2.6586878299713135 7.117785930633545 128 128 128
2.496110439300537 -2.703230857849121 7.224128246307373 128 128 128
4.822409629821777 -3.271294116973877 8.559556007385254 128 128 128
5.140061855316162 -3.4380383491516113 8.98982048034668 128 128 128
5.203709125518799 -3.4327926635742188 8.96958065032959 128 128 128
-0.9988619685173035 -1.1004316806793213 3.199510335922241 128 128 128
-0.587669312953949 -0.9208555221557617 2.7082598209381104 128 128 128
-0.5338192582130432 -0.8736416101455688 2.5699634552001953 128 128 128
-0.38338103890419006 -0.8051392436027527 2.3628556728363037 128 128 128
-0.24599018692970276 -1.0254849195480347 2.9711577892303467 128 128 128
0.1200840175151825 -1.5276525020599365 4.342762470245361 128 128 128
0.16180433332920074 -1.5808894634246826 4.488515377044678 128 128 128
0.21156707406044006 -1.6755844354629517 4.746889591217041 128 128 128
0.25879573822021484 -1.7266459465026855 4.8845672607421875 128 128 128
0.3837489187717438 -1.574369192123413 4.432367324829102 128 128 128
1.2268271446228027 -2.0862724781036377 5.786965847015381 128 128 128
1.3133763074874878 -2.154229164123535 5.955721378326416 128 128 128
1.4919037818908691 -2.2772836685180664 6.2904767990112305 128 128 128
2.660193681716919 -2.5204076766967773 6.859886646270752 128 128 128
2.809805154800415 -2.6116509437561035 7.091457366943359 128 128 128
4.757570743560791 -3.201092481613159 8.566431999206543 128 128 128
-1.4806241989135742 -1.4768640995025635 4.3877129554748535 128 128 128
-1.3377227783203125 -1.3669397830963135 4.06705379486084 128 128 128
-0.7938670516014099 -0.9497184157371521 2.842477560043335 128 128 128
-0.2367720901966095 -1.0751322507858276 3.190586805343628 128 128 128
-0.21374699473381042 -1.107296347618103 3.2765755653381348 128 128 128
0.21229864656925201 -1.6299540996551514 4.732252597808838 128 128 128
0.3917531669139862 -1.5634506940841675 4.513314723968506 128 128 128
0.4342630207538605 -1.5820527076721191 4.5585150718688965 128 128 128
0.4866030216217041 -1.6315099000930786 4.697036266326904 128 128 128
0.5473071336746216 -1.6999667882919312 4.877407073974609 128 128 128
1.4226239919662476 -2.191065549850464 6.210116386413574 128 128 128
1.5437158346176147 -2.2980422973632812 6.499303817749023 128 128 128
2.870915174484253 -2.5506067276000977 7.090387344360352 128 128 128
2.9547691345214844 -2.576841115951538 7.148629188537598 128 128 128
5.283400535583496 -3.284893751144409 8.966428756713867 128 128 128
5.404778480529785 -3.3202290534973145 9.043002128601074 128 128 128
5.504275798797607 -3.33992862701416 9.081620216369629 128 128 128
-1.8577128648757935 -1.7240718603134155 5.251492500305176 128 128 128
-0.9778096675872803 -1.1066083908081055 3.3915536403656006 128 128 128
-0.8401567339897156 -0.9794973134994507 3.007883071899414 128 128 128
-0.2766708731651306 -0.9049879312515259 2.767261028289795 128 128 128
0.4107511043548584 -1.5931977033615112 4.712794303894043 128 128 128
0.45484012365341187 -1.6107792854309082 4.753329277038574 128 128 128
0.5058417916297913 -1.6494120359420776 4.864897727966309 128 128 128
0.5679128766059875 -1.715908408164978 5.0519819259643555 128 128 128
1.8304145336151123 -2.4101290702819824 6.96004056930542 128 128 128
3.951420545578003 -2.9175946712493896 8.219559669494629 128 128 128
5.871514320373535 -3.616800546646118 10.102225303649902 128 128 128
5.633631706237793 -3.3773655891418457 9.420989990234375 128 128 128
5.819588661193848 -3.444694757461548 9.597216606140137 128 128 128
-1.3534884452819824 -1.3771824836730957 4.31688928604126 128 128 128
-0.7518200278282166 -0.935972273349762 2.9614217281341553 128 128 128
-0.6825275421142578 -0.8798454403877258 2.787482500076294 128 128 128
-0.0511440709233284 -1.1952619552612305 3.69230580329895 128 128 128
-0.020144706591963768 -1.2455847263336182 3.8395442962646484 128 128 128
0.013404382392764091 -1.2712514400482178 3.9085853099823 128 128 128
0.6312861442565918 -1.7281619310379028 5.212197780609131 128 128 128
0.6761520504951477 -1.7334672212600708 5.218171119689941 128 128 128
0.7353419065475464 -1.7733198404312134 5.326993942260742 128 128 128
0.8717176914215088 -1.6983213424682617 5.0858845710754395 128 128 128
0.9170000553131104 -1.7061173915863037 5.098024845123291 128 128 128
0.9712198376655579 -1.728883147239685 5.158766746520996 128 128 128
1.6087199449539185 -2.199075222015381 6.522861480712891 128 128 128
1.7168899774551392 -2.273265838623047 6.732114315032959 128 128 128
1.7986798286437988 -2.306746244430542 6.830584526062012 128 128 128
2.2754478454589844 -2.346569061279297 6.887857437133789 128 128 128
3.4948959350585938 -2.6471827030181885 7.665242671966553 128 128 128
3.5937626361846924 -2.6764090061187744 7.7395405769348145 128 128 128
3.800908327102661 -2.783053398132324 8.040765762329102 128 128 128
3.9902844429016113 -2.8738770484924316 8.29438304901123 128 128 128
4.087044715881348 -2.8944740295410156 8.350470542907715 128 128 128
4.254497528076172 -2.9664652347564697 8.54595947265625 128 128 128
-0.31155264377593994 -0.8764245510101318 2.838693857192993 128 128 128
-0.021183360368013382 -1.2312480211257935 3.9052062034606934 128 128 128
0.012894266285002232 -1.2249408960342407 3.8744149208068848 128 128 128
0.04706466943025589 -1.2457326650619507 3.9306297302246094 128 128 128
1.0116068124771118 -1.7515349388122559 5.365400791168213 128 128 128
1.0817879438400269 -1.796640396118164 5.491018295288086 128 128 128
2.37614107131958 -2.333714723587036 7.005334854125977 128 128 128
4.032874584197998 -2.8794772624969482 8.52521800994873 128 128 128
4.032460689544678 -2.831125020980835 8.376039505004883 128 128 128
4.442981243133545 -2.973374366760254 8.770753860473633 128 128 128
4.621065139770508 -3.0499908924102783 8.972502708435059 128 128 128
-1.0985287427902222 -1.0554677248001099 3.489381790161133 128 128 128
0.013637305237352848 -1.2753145694732666 4.150376319885254 128 128 128
0.08907601982355118 -1.3378654718399048 4.333366870880127 128 128 128
0.30012691020965576 -1.3126356601715088 4.213651180267334 128 128 128
1.0272605419158936 -1.7283586263656616 5.441922187805176 128 128 128
1.0780407190322876 -1.7406771183013916 5.462634563446045 128 128 128
1.1560049057006836 -1.7929381132125854 5.619361400604248 128 128 128
1.225947380065918 -1.8296256065368652 5.725742816925049 128 128 128
2.5855519771575928 -2.360697031021118 7.257208824157715 128 128 128
4.267391204833984 -2.831310510635376 8.55817699432373 128 128 128
4.450568199157715 -2.9083428382873535 8.777654647827148 128 128 128
4.49281120300293 -2.8897829055786133 8.717207908630371 128 128 128
4.93645715713501 -3.0813684463500977 9.276515007019043 128 128 128
5.0631842613220215 -3.1149485111236572 9.367003440856934 128 128 128
5.2514543533325195 -3.187326192855835 9.566265106201172 128 128 128
7.328188419342041 -3.7994260787963867 11.28262996673584 128 128 128
7.961045265197754 -4.075550556182861 12.101643562316895 128 128 128
-1.3872486352920532 -1.2335617542266846 4.187233924865723 128 128 128
-0.8587698340415955 -0.9199506044387817 3.152874708175659 128 128 128
-0.7038039565086365 -0.9269418716430664 3.200430393218994 128 128 128
-0.6492817997932434 -0.8914704918861389 3.080366611480713 128 128 128
0.09078018367290497 -1.3119243383407593 4.37035608291626 128 128 128
0.2632105350494385 -1.264827847480774 4.185371398925781 128 128 128
0.30544498562812805 -1.2944958209991455 4.272367000579834 128 128 128
0.4575037956237793 -1.4384934902191162 4.718906879425049 128 128 128
1.0965129137039185 -1.7187963724136353 5.551877975463867 128 128 128
1.4487272500991821 -1.9535671472549438 6.267985820770264 128 128 128
1.5322071313858032 -1.9977940320968628 6.3949995040893555 128 128 128
2.7955574989318848 -2.4299888610839844 7.658864974975586 128 128 128
2.884246349334717 -2.4546163082122803 7.7239274978637695 128 128 128
2.9649040699005127 -2.4710497856140137 7.765484809875488 128 128 128
3.0351197719573975 -2.4786384105682373 7.778332710266113 128 128 128
4.85821533203125 -2.9537665843963623 9.123167037963867 128 128 128
4.921355247497559 -2.9519481658935547 9.097492218017578 128 128 128
8.075065612792969 -3.9347970485687256 11.96355152130127 128 128 128
0.3726007342338562 -1.369409441947937 4.637796401977539 128 128 128
0.5073555111885071 -1.4248186349868774 4.798153877258301 128 128 128
0.6953434944152832 -1.407607078552246 4.707256317138672 128 128 128
1.5840733051300049 -2.0032799243927 6.608358860015869 128 128 128
1.6108109951019287 -1.9720463752746582 6.490299701690674 128 128 128
1.69862961769104 -2.0141916275024414 6.620931625366211 128 128 128
2.6250641345977783 -2.267688751220703 7.3533935546875 128 128 128
3.111344337463379 -2.4683749675750732 7.9682464599609375 128 128 128
3.250863552093506 -2.52998685836792 8.149469375610352 128 128 128
5.255107402801514 -2.979891777038574 9.417168617248535 128 128 128
5.480919361114502 -3.0661661624908447 9.676253318786621 128 128 128
5.644580841064453 -3.1164283752441406 9.819443702697754 128 128 128
-0.7139196395874023 -0.8204889893531799 3.0006637573242188 128 128 128
-0.6639564037322998 -0.7926815152168274 2.902390956878662 128 128 128
-0.11245295405387878 -1.0255720615386963 3.670027732849121 128 128 128
0.41447368264198303 -1.338074803352356 4.664926052093506 128 128 128
0.46529293060302734 -1.3736045360565186 4.776824474334717 128 128 128
0.7681790590286255 -1.4290658235549927 4.90971565246582 128 128 128
0.8228841423988342 -1.4548972845077515 4.9931864738464355 128 128 128
0.8649608492851257 -1.4572880268096924 4.994020938873291 128 128 128
1.411635160446167 -1.8582481145858765 6.320778846740723 128 128 128
1.4817074537277222 -1.8829503059387207 6.393495559692383 128 128 128
1.5553772449493408 -1.913335919380188 6.470547676086426 128 128 128
1.6404789686203003 -1.9524340629577637 6.59549617767334 128 128 128
1.6872178316116333 -1.941860318183899 6.568198204040527 128 128 128
1.79905366897583 -2.010425090789795 6.778421878814697 128 128 128
1.8793443441390991 -1.872868537902832 6.287988185882568 128 128 128
3.0892581939697266 -2.3881685733795166 7.900113582611084 128 128 128
3.401076555252075 -2.5770912170410156 8.515793800354004 128 128 128
3.562620162963867 -2.642193555831909 8.740228652954102 128 128 128
5.7018561363220215 -3.0612776279449463 9.913288116455078 128 128 128
-0.7549959421157837 -0.8122875094413757 3.0610580444335938 128 128 128
-0.20227447152137756 -0.9376677870750427 3.495084285736084 128 128 128
-0.14379823207855225 -0.9771894812583923 3.6205995082855225 128 128 128
0.38476359844207764 -1.3262320756912231 4.776007652282715 128 128 128
0.4354190528392792 -1.3597720861434937 4.883637428283691 128 128 128
0.5401030778884888 -1.4227206707000732 5.0880937576293945 128 128 128
0.717365026473999 -1.3637065887451172 4.839846134185791 128 128 128
0.7681372165679932 -1.3843039274215698 4.900907039642334 128 128 128
0.8274837732315063 -1.4178820848464966 5.009038925170898 128 128 128
0.8878708481788635 -1.4503847360610962 5.112444877624512 128 128 128
1.6530436277389526 -1.9050732851028442 6.643362045288086 128 128 128
1.7365471124649048 -1.9386416673660278 6.751870632171631 128 128 128
1.7795233726501465 -1.9285932779312134 6.696813583374023 128 128 128
1.8834891319274902 -1.9803035259246826 6.8737101554870605 128 128 128
1.9205172061920166 -1.8560723066329956 6.420028209686279 128 128 128
1.988539218902588 -1.8719269037246704 6.466277599334717 128 128 128
2.063605308532715 -1.8937042951583862 6.5322418212890625 128 128 128
2.17509126663208 -1.9504755735397339 6.703648567199707 128 128 128
3.8363943099975586 -2.5705323219299316 8.686843872070312 128 128 128
5.5939249992370605 -2.960655689239502 9.862837791442871 128 128 128
0.11366872489452362 -1.0251359939575195 3.8597114086151123 128 128 128
0.14728815853595734 -1.0207937955856323 3.826218843460083 128 128 128
0.5497289299964905 -1.4014607667922974 5.180295467376709 128 128 128
0.9311074614524841 -1.4714349508285522 5.362959861755371 128 128 128
0.9915151000022888 -1.4983090162277222 5.438909530639648 128 128 128
1.9753758907318115 -2.012995719909668 7.201186180114746 128 128 128
2.1719484329223633 -1.88773512840271 6.687839984893799 128 128 128
2.236623764038086 -1.895709753036499 6.715839862823486 128 128 128
2.3308722972869873 -1.9340654611587524 6.82264518737793 128 128 128
3.7922370433807373 -2.5077528953552246 8.747549057006836 128 128 128
3.845106363296509 -2.499908685684204 8.699859619140625 128 128 128
4.005455017089844 -2.5583813190460205 8.894436836242676 128 128 128
4.120853900909424 -2.587963104248047 8.983132362365723 128 128 128
-0.2455199658870697 -0.8163532614707947 3.2591803073883057 128 128 128
0.15568721294403076 -1.0560153722763062 4.104471683502197 128 128 128
0.19661010801792145 -1.0795499086380005 4.173593997955322 128 128 128
0.8715822696685791 -1.397634744644165 5.266785144805908 128 128 128
0.9273307919502258 -1.4177299737930298 5.330411434173584 128 128 128
0.9912322759628296 -1.4487731456756592 5.43001651763916 128 128 128
1.04899001121521 -1.4683563709259033 5.4924726486206055 128 128 128
1.1097354888916016 -1.4908727407455444 5.563626766204834 128 128 128
1.9734299182891846 -1.9486840963363647 7.183257102966309 128 128 128
2.670231342315674 -2.05179500579834 7.444640636444092 128 128 128
7.239607810974121 -3.2334210872650146 11.249796867370605 128 128 128
7.440310955047607 -3.2811455726623535 11.413853645324707 128 128 128
-0.5459163188934326 -0.6428462266921997 2.690887212753296 128 128 128
0.12104550004005432 -1.0226032733917236 4.122411251068115 128 128 128
0.15933984518051147 -1.040936827659607 4.1848273277282715 128 128 128
0.2018204629421234 -1.0702623128890991 4.282675743103027 128 128 128
0.23990119993686676 -1.077454924583435 4.299304485321045 128 128 128
1.0162434577941895 -1.4348422288894653 5.563362121582031 128 128 128
1.0826689004898071 -1.464858055114746 5.660619735717773 128 128 128
2.442497730255127 -1.8981212377548218 7.1388163566589355 128 128 128
2.540966510772705 -1.9313157796859741 7.247907638549805 128 128 128
2.6473560333251953 -1.9692059755325317 7.373959064483643 128 128 128
2.7658028602600098 -2.0155012607574463 7.526131629943848 128 128 128
4.803774833679199 -2.658789873123169 9.743488311767578 128 128 128
4.850141525268555 -2.6448142528533936 9.672088623046875 128 128 128
5.021978855133057 -2.697732925415039 9.849852561950684 128 128 128
-1.1677348613739014 -0.9352650046348572 3.9938082695007324 128 128 128
-1.060585618019104 -0.8752119541168213 3.7485833168029785 128 128 128
0.12455512583255768 -1.0097789764404297 4.214397430419922 128 128 128
0.2039722055196762 -1.0433319807052612 4.32596492767334 128 128 128
0.24879036843776703 -1.0804197788238525 4.4715070724487305 128 128 128
0.2883492410182953 -1.0910148620605469 4.513150691986084 128 128 128
1.0865185260772705 -1.4189974069595337 5.674445629119873 128 128 128
1.1527305841445923 -1.4458322525024414 5.761305809020996 128 128 128
1.2182085514068604 -1.4677780866622925 5.848474502563477 128 128 128
1.3012113571166992 -1.5110419988632202 5.999509334564209 128 128 128
4.823188781738281 -2.584263324737549 9.776056289672852 128 128 128
4.964956760406494 -2.624094247817993 9.892803192138672 128 128 128
5.0781707763671875 -2.641921043395996 9.952929496765137 128 128 128
-1.592106819152832 -1.1099283695220947 4.88095760345459 128 128 128
-1.4493573904037476 -1.0356911420822144 4.565828323364258 128 128 128
-1.3390209674835205 -0.9802365899085999 4.325010776519775 128 128 128
-0.6846268773078918 -0.6620566844940186 2.971503257751465 128 128 128
-0.47346508502960205 -0.7012088298797607 3.161931037902832 128 128 128
0.08758983761072159 -0.9774622321128845 4.2484588623046875 128 128 128
0.13130593299865723 -1.0240825414657593 4.43297815322876 128 128 128
0.16997678577899933 -1.0308525562286377 4.453769207000732 128 128 128
0.2090030312538147 -1.0330346822738647 4.447893142700195 128 128 128
0.48263925313949585 -1.066218614578247 4.5223612785339355 128 128 128
0.5286652445793152 -1.0837085247039795 4.581278324127197 128 128 128
0.5819323658943176 -1.1134718656539917 4.693702697753906 128 128 128
1.17726731300354 -1.4227219820022583 5.884057521820068 128 128 128
1.2429908514022827 -1.443766713142395 5.963825225830078 128 128 128
1.3916505575180054 -1.5017054080963135 6.176678657531738 128 128 128
1.4637240171432495 -1.5280534029006958 6.25437068939209 128 128 128
3.2374486923217773 -2.0349669456481934 8.058181762695312 128 128 128
3.2618134021759033 -2.008540630340576 7.9551520347595215 128 128 128
4.857906818389893 -2.5200960636138916 9.837957382202148 128 128 128
5.004307270050049 -2.5552423000335693 9.965897560119629 128 128 128
5.625494480133057 -2.706716537475586 10.502272605895996 128 128 128
8.821910858154297 -3.5104894638061523 13.337305068969727 128 128 128
-0.8952082991600037 -0.7737048864364624 3.59590744972229 128 128 128
-0.8212943077087402 -0.73555988073349 3.4248268604278564 128 128 128
-0.496977835893631 -0.7074404358863831 3.3156590461730957 128 128 128
-0.47275105118751526 -0.7174355387687683 3.360288381576538 128 128 128
-0.15040475130081177 -0.793900728225708 3.6508400440216064 128 128 128
-0.11733906716108322 -0.7972419857978821 3.6548824310302734 128 128 128
0.645318329334259 -1.1148260831832886 4.8744707107543945 128 128 128
0.68817138671875 -1.1196695566177368 4.884477615356445 128 128 128
0.7441024780273438 -1.1449146270751953 4.966652870178223 128 128 128
1.1981831789016724 -1.3949693441390991 5.9804887771606445 128 128 128
1.425071120262146 -1.483354926109314 6.3118157386779785 128 128 128
1.5086113214492798 -1.5158920288085938 6.445148468017578 128 128 128
-1.3294860124588013 -0.856015145778656 4.062320709228516 128 128 128
-1.1405479907989502 -0.8599408864974976 4.131831169128418 128 128 128
-1.0559217929840088 -0.8215025663375854 3.957413911819458 128 128 128
-0.592892587184906 -0.719969630241394 3.5152125358581543 128 128 128
-0.5565798282623291 -0.7160869836807251 3.4951095581054688 128 128 128
-0.5179446339607239 -0.709389865398407 3.459596633911133 128 128 128
-0.47116169333457947 -0.6903630495071411 3.3624844551086426 128 128 128
-0.21395324170589447 -0.750552237033844 3.6102547645568848 128 128 128
-0.08360148966312408 -0.7651256918907166 3.6373660564422607 128 128 128
0.621333658695221 -1.0998685359954834 5.006605625152588 128 128 128
0.6801900267601013 -1.129369854927063 5.1147990226745605 128 128 128
0.7186996936798096 -1.1242237091064453 5.083486080169678 128 128 128
0.7609015703201294 -1.1253609657287598 5.078855037689209 128 128 128
0.8256889581680298 -1.1585519313812256 5.214855670928955 128 128 128
1.435192584991455 -1.4356919527053833 6.3567094802856445 128 128 128
1.4750087261199951 -1.4258240461349487 6.2959184646606445 128 128 128
1.5732073783874512 -1.4708261489868164 6.482834339141846 128 128 128
1.6319561004638672 -1.4774366617202759 6.4996490478515625 128 128 128
1.7130244970321655 -1.5072788000106812 6.591390132904053 128 128 128
-1.669796109199524 -0.9637256264686584 4.734593391418457 128 128 128
-1.5682371854782104 -0.9251931309700012 4.5530853271484375 128 128 128
-0.6434472799301147 -0.6450329422950745 3.2792065143585205 128 128 128
-0.6096645593643188 -0.642428457736969 3.267305850982666 128 128 128
-0.29252946376800537 -0.7456628680229187 3.759990930557251 128 128 128
-0.1886058747768402 -0.7490924000740051 3.7476043701171875 128 128 128
-0.1558392345905304 -0.7586826086044312 3.78387451171875 128 128 128
-0.12349586188793182 -0.7685654163360596 3.8239173889160156 128 128 128
-0.09155672043561935 -0.7915716767311096 3.926832914352417 128 128 128
-0.055200595408678055 -0.7926874756813049 3.91628098487854 128 128 128
1.5096160173416138 -1.4020044803619385 6.438477039337158 128 128 128
1.5938833951950073 -1.4324105978012085 6.560578346252441 128 128 128
1.6803863048553467 -1.4623287916183472 6.685850143432617 128 128 128
1.7723067998886108 -1.4986164569854736 6.8144001960754395 128 128 128
6.355588912963867 -2.844778299331665 12.216931343078613 128 128 128
11.007720947265625 -3.829416275024414 16.005483627319336 128 128 128
11.39908218383789 -3.9273204803466797 16.373592376708984 128 128 128
-1.6333123445510864 -0.9231347441673279 4.743607997894287 128 128 128
-0.7601161599159241 -0.6687403321266174 3.542766571044922 128 128 128
-0.7064154148101807 -0.6510315537452698 3.452517509460449 128 128 128
-0.657254695892334 -0.6311237215995789 3.3508927822113037 128 128 128
-0.6164411902427673 -0.6223033666610718 3.305377721786499 128 128 128
-0.3300763666629791 -0.6522135734558105 3.445737838745117 128 128 128
-0.1674336940050125 -0.7626662850379944 3.98344349861145 128 128 128
-0.13117839395999908 -0.7760605812072754 4.034667491912842 128 128 128
-0.09423679113388062 -0.7740157842636108 4.01162576675415 128 128 128
0.2236730456352234 -0.8001393675804138 4.049339771270752 128 128 128
0.26226094365119934 -0.8091194033622742 4.071468830108643 128 128 128
0.7358424663543701 -1.0586498975753784 5.205207824707031 128 128 128
0.8135040402412415 -1.1070762872695923 5.419351577758789 128 128 128
0.8665152192115784 -1.1189446449279785 5.461194038391113 128 128 128
1.912500262260437 -1.5055480003356934 7.120028972625732 128 128 128
1.9849944114685059 -1.5188242197036743 7.164252758026123 128 128 128
2.0331358909606934 -1.514944076538086 7.117193222045898 128 128 128
3.0527119636535645 -1.8674181699752808 8.657848358154297 128 128 128
6.28507661819458 -2.710686683654785 12.071829795837402 128 128 128
7.062768459320068 -2.878800630569458 12.745688438415527 128 128 128
10.645783424377441 -3.6479759216308594 15.858049392700195 128 128 128
11.344388008117676 -3.8033394813537598 16.487043380737305 128 128 128
11.682649612426758 -3.884485960006714 16.77103614807129 128 128 128
-0.9893784523010254 -0.7443622946739197 4.106027603149414 128 128 128
-0.31004297733306885 -0.6407537460327148 3.5433104038238525 128 128 128
-0.2749379575252533 -0.6391897201538086 3.524052381515503 128 128 128
-0.17397961020469666 -0.7610407471656799 4.156028747558594 128 128 128
-0.13664960861206055 -0.7695218920707703 4.187077045440674 128 128 128
0.26153483986854553 -0.7752472162246704 4.0901665687561035 128 128 128
0.30261924862861633 -0.7920515537261963 4.165536403656006 128 128 128
0.7491564154624939 -1.0310866832733154 5.295943260192871 128 128 128
0.802024781703949 -1.0442601442337036 5.335859298706055 128 128 128
0.8554463982582092 -1.05690336227417 5.3871026039123535 128 128 128
0.9121519923210144 -1.072615623474121 5.450976371765137 128 128 128
0.9684234261512756 -1.087288498878479 5.500431537628174 128 128 128
1.9093732833862305 -1.4404094219207764 7.101914882659912 128 128 128
7.028382778167725 -2.787000894546509 12.873540878295898 128 128 128
7.053171157836914 -2.7597341537475586 12.723054885864258 128 128 128
7.176180362701416 -2.770669937133789 12.751996994018555 128 128 128
7.2862114906311035 -2.7847681045532227 12.753029823303223 128 128 128
-0.43681177496910095 -0.6523558497428894 3.800978899002075 128 128 128
-0.3962980806827545 -0.6469735503196716 3.76108455657959 128 128 128
-0.3548213541507721 -0.6350263357162476 3.6858747005462646 128 128 128
-0.09951698780059814 -0.733309268951416 4.173486709594727 128 128 128
0.156849205493927 -0.7399008274078369 4.121864318847656 128 128 128
0.19953446090221405 -0.7729244828224182 4.301930904388428 128 128 128
0.3514224886894226 -0.7856775522232056 4.309258937835693 128 128 128
0.39208653569221497 -0.7945928573608398 4.341472148895264 128 128 128
0.43641769886016846 -0.8094820976257324 4.405634880065918 128 128 128
0.7651534080505371 -1.0057299137115479 5.394473075866699 128 128 128
0.8270754218101501 -1.0283353328704834 5.501363754272461 128 128 128
0.8712111711502075 -1.0284993648529053 5.473360061645508 128 128 128
1.9234764575958252 -1.3892358541488647 7.144991397857666 128 128 128
2.0396721363067627 -1.4334717988967896 7.342766761779785 128 128 128
2.1107897758483887 -1.4407193660736084 7.380947113037109 128 128 128
2.289517641067505 -1.4834688901901245 7.558996200561523 128 128 128
2.3050715923309326 -1.4591959714889526 7.398949146270752 128 128 128
3.5756633281707764 -1.854973554611206 9.239821434020996 128 128 128
6.40017557144165 -2.512831687927246 12.081299781799316 128 128 128
6.649610996246338 -2.575984001159668 12.355870246887207 128 128 128
6.7173261642456055 -2.56058669090271 12.293801307678223 128 128 128
7.311356067657471 -2.7136080265045166 12.982667922973633 128 128 128
7.478623867034912 -2.747422456741333 13.080672264099121 128 128 128
-0.4265437722206116 -0.654841423034668 4.0109758377075195 128 128 128
-0.3686724007129669 -0.6286168694496155 3.834327220916748 128 128 128
-0.3315974473953247 -0.6251762509346008 3.806833267211914 128 128 128
0.12173856049776077 -0.7241862416267395 4.267261028289795 128 128 128
0.1601797342300415 -0.7286400198936462 4.276726245880127 128 128 128
0.23841501772403717 -0.744432270526886 4.343059062957764 128 128 128
0.28349751234054565 -0.7649568319320679 4.443582057952881 128 128 128
0.326605886220932 -0.7779307961463928 4.503885746002197 128 128 128
0.36433932185173035 -0.7768703699111938 4.479492664337158 128 128 128
0.4141111969947815 -0.7998337745666504 4.590418338775635 128 128 128
0.8283509016036987 -0.9811171889305115 5.51579475402832 128 128 128
0.894122838973999 -1.0061527490615845 5.612646102905273 128 128 128
0.9388746619224548 -1.0046440362930298 5.610249996185303 128 128 128
1.8582578897476196 -1.318464994430542 7.123061656951904 128 128 128
1.950050711631775 -1.343920350074768 7.239981651306152 128 128 128
2.1155736446380615 -1.381697416305542 7.3849358558654785 128 128 128
2.22355055809021 -1.4150675535202026 7.538337707519531 128 128 128
3.6979053020477295 -1.7991783618927002 9.346513748168945 128 128 128
3.961890459060669 -1.8589298725128174 9.603959083557129 128 128 128
4.302605628967285 -1.9510244131088257 10.019196510314941 128 128 128
6.799102306365967 -2.5182385444641113 12.629639625549316 128 128 128
7.529186725616455 -2.678635597229004 13.361662864685059 128 128 128
7.686515808105469 -2.668398857116699 13.244638442993164 128 128 128
14.449746131896973 -4.280743598937988 20.708396911621094 128 128 128
-1.0532996654510498 -0.6352903842926025 4.047853469848633 128 128 128
-0.6131510138511658 -0.5565496683120728 3.6046640872955322 128 128 128
-0.5684829354286194 -0.543526828289032 3.523015022277832 128 128 128
-0.5306653380393982 -0.6149448752403259 3.979388952255249 128 128 128
-0.49421754479408264 -0.6163957118988037 3.984158992767334 128 128 128
-0.45274224877357483 -0.6110206842422485 3.9439992904663086 128 128 128
-0.4183603525161743 -0.6111732125282288 3.943521738052368 128 128 128
-0.37719789147377014 -0.6072784066200256 3.9078261852264404 128 128 128
0.2418372631072998 -0.717420220375061 4.4065656661987305 128 128 128
0.2838750183582306 -0.7266184091567993 4.439026355743408 128 128 128
0.3341419994831085 -0.7533175945281982 4.575807094573975 128 128 128
0.37712499499320984 -0.762075662612915 4.610657691955566 128 128 128
0.7356034517288208 -0.9291338920593262 5.521671772003174 128 128 128
0.8421634435653687 -0.9482853412628174 5.606620788574219 128 128 128
1.0283581018447876 -1.0002192258834839 5.828819751739502 128 128 128
2.1523029804229736 -1.3397372961044312 7.507070064544678 128 128 128
2.22707462310791 -1.3500112295150757 7.546326160430908 128 128 128
4.446691513061523 -1.9215285778045654 10.352248191833496 128 128 128
4.579904079437256 -1.9497922658920288 10.453603744506836 128 128 128
7.7875823974609375 -2.5865113735198975 13.411532402038574 128 128 128
8.311232566833496 -2.730226755142212 14.107636451721191 128 128 128
8.309676170349121 -2.694077730178833 13.90814208984375 128 128 128
14.207906723022461 -4.0322089195251465 20.35202980041504 128 128 128
-0.955016553401947 -0.6239060163497925 4.239229679107666 128 128 128
-0.8426201939582825 -0.5963045954704285 4.067358493804932 128 128 128
-0.7796346545219421 -0.5771574378013611 3.9424192905426025 128 128 128
-0.7371796369552612 -0.5712255835533142 3.906672239303589 128 128 128
-0.6990705132484436 -0.5692031979560852 3.8959829807281494 128 128 128
-0.6406554579734802 -0.5508553981781006 3.7711734771728516 128 128 128
-0.5892210602760315 -0.5345948934555054 3.6615989208221436 128 128 128
-0.5982701778411865 -0.611566960811615 4.188716411590576 128 128 128
-0.13039343059062958 -0.564639687538147 3.7933921813964844 128 128 128
-0.09509678184986115 -0.567044198513031 3.793302536010742 128 128 128
-0.06157830357551575 -0.5799251794815063 3.8644769191741943 128 128 128
-0.02615225873887539 -0.5846313834190369 3.8786816596984863 128 128 128
0.12473073601722717 -0.6724123358726501 4.411489486694336 128 128 128
0.2957395017147064 -0.7180545330047607 4.633264541625977 128 128 128
0.33394086360931396 -0.7139680981636047 4.580031394958496 128 128 128
0.3831554651260376 -0.7349798679351807 4.701465606689453 128 128 128
0.9252564311027527 -0.9380318522453308 5.821924209594727 128 128 128
1.0943294763565063 -0.9656939506530762 5.92055606842041 128 128 128
1.1586962938308716 -0.9807393550872803 5.991343021392822 128 128 128
1.242634892463684 -1.012010931968689 6.1459879875183105 128 128 128
2.107375144958496 -1.2778680324554443 7.577348232269287 128 128 128
2.3474884033203125 -1.3510428667068481 7.954034805297852 128 128 128
2.4162180423736572 -1.355642318725586 7.95927619934082 128 128 128
2.484696388244629 -1.3609178066253662 7.961678981781006 128 128 128
2.5653343200683594 -1.3761709928512573 7.995218753814697 128 128 128
2.679534912109375 -1.4028258323669434 8.14055061340332 128 128 128
4.134554862976074 -1.76462984085083 10.009241104125977 128 128 128
4.203057765960693 -1.763872742652893 9.970322608947754 128 128 128
4.346333980560303 -1.792985439300537 10.108327865600586 128 128 128
4.357436180114746 -1.7716659307479858 9.9352388381958 128 128 128
4.556328773498535 -1.8224643468856812 10.193197250366211 128 128 128
4.680413722991943 -1.8401864767074585 10.279241561889648 128 128 128
4.981167316436768 -1.9279416799545288 10.741460800170898 128 128 128
8.330693244934082 -2.584951639175415 13.932941436767578 128 128 128
14.250068664550781 -3.8686628341674805 20.402128219604492 128 128 128
-1.6350975036621094 -0.7466714978218079 5.234384059906006 128 128 128
-1.0382899045944214 -0.6391921639442444 4.604851245880127 128 128 128
-0.9638609886169434 -0.6160832643508911 4.448058128356934 128 128 128
-0.8195615410804749 -0.5702561736106873 4.132297515869141 128 128 128
-0.7721056342124939 -0.5621070861816406 4.078982353210449 128 128 128
-0.7215297818183899 -0.5537892580032349 4.020724296569824 128 128 128
-0.20483554899692535 -0.5415362119674683 3.8833048343658447 128 128 128
-0.10225602984428406 -0.5681824088096619 4.033531665802002 128 128 128
-0.06447193026542664 -0.5596228837966919 3.958451271057129 128 128 128
-0.027318043634295464 -0.5637881755828857 3.9660892486572266 128 128 128
0.007906412705779076 -0.566735029220581 3.9738614559173584 128 128 128
0.16507171094417572 -0.639958918094635 4.426085472106934 128 128 128
0.20425981283187866 -0.6454988121986389 4.4545578956604 128 128 128
0.2438923865556717 -0.6501676440238953 4.473748207092285 128 128 128
0.2917652726173401 -0.6717232465744019 4.601132869720459 128 128 128
0.3417727053165436 -0.6905834078788757 4.6904072761535645 128 128 128
0.8772456049919128 -0.8860185742378235 5.830719947814941 128 128 128
0.9357396364212036 -0.8981065154075623 5.870442867279053 128 128 128
1.0224699974060059 -0.9349883198738098 6.0839409828186035 128 128 128
2.201031446456909 -1.2334794998168945 7.67058801651001 128 128 128
2.223257303237915 -1.2139222621917725 7.525966644287109 128 128 128
2.3428218364715576 -1.2475992441177368 7.709806442260742 128 128 128
2.555018901824951 -1.2980167865753174 7.962686061859131 128 128 128
4.235293865203857 -1.6893413066864014 10.04057502746582 128 128 128
4.222018241882324 -1.65951406955719 9.808656692504883 128 128 128
4.362401962280273 -1.6868021488189697 9.939992904663086 128 128 128
4.679879188537598 -1.7751173973083496 10.468311309814453 128 128 128
4.7058424949646 -1.758670687675476 10.329726219177246 128 128 128
4.798321723937988 -1.7692606449127197 10.338024139404297 128 128 128
-0.9938561320304871 -0.5535226464271545 4.2341389656066895 128 128 128
-1.0045639276504517 -0.6045258045196533 4.64582633972168 128 128 128
-0.9285399913787842 -0.5817743539810181 4.47991943359375 128 128 128
-0.8570371270179749 -0.5606257915496826 4.324507236480713 128 128 128
-0.1724902242422104 -0.5163534879684448 3.9318413734436035 128 128 128
-0.13699088990688324 -0.5271848440170288 3.9930853843688965 128 128 128
-0.10143477469682693 -0.5320377945899963 4.015986442565918 128 128 128
-0.02942989580333233 -0.5558875203132629 4.162082672119141 128 128 128
0.13089635968208313 -0.6341620087623596 4.694667816162109 128 128 128
0.17616279423236847 -0.649056077003479 4.783849239349365 128 128 128
0.2283191829919815 -0.6760082840919495 4.947594165802002 128 128 128
0.26513391733169556 -0.6629096269607544 4.836755752563477 128 128 128
0.3028053939342499 -0.6566668748855591 4.780472755432129 128 128 128
0.3491092026233673 -0.6660094857215881 4.817128658294678 128 128 128
0.8943910598754883 -0.8522382378578186 5.927886486053467 128 128 128
1.0061970949172974 -0.8669797778129578 5.992951393127441 128 128 128
1.0700498819351196 -0.8810880780220032 6.058082103729248 128 128 128
1.12688410282135 -0.8876410722732544 6.090936660766602 128 128 128
1.3048830032348633 -0.9475516676902771 6.459677219390869 128 128 128
1.3790645599365234 -0.9653544425964355 6.544260025024414 128 128 128
2.3347373008728027 -1.207129955291748 7.894683837890625 128 128 128
2.4335439205169678 -1.228253960609436 7.997562408447266 128 128 128
2.547407865524292 -1.2563748359680176 8.142569541931152 128 128 128
2.8466758728027344 -1.3117585182189941 8.416407585144043 128 128 128
2.945152997970581 -1.3282616138458252 8.495515823364258 128 128 128
4.664633274078369 -1.6786879301071167 10.427268981933594 128 128 128
4.931982040405273 -1.7504483461380005 10.81806755065918 128 128 128
5.073056697845459 -1.74387526512146 10.733133316040039 128 128 128
-2.000079870223999 -0.735209584236145 5.760964870452881 128 128 128
-1.6798572540283203 -0.6446998715400696 5.0808939933776855 128 128 128
-1.0525507926940918 -0.5295661687850952 4.3161163330078125 128 128 128
-0.9684826135635376 -0.5052889585494995 4.131579875946045 128 128 128
-0.30223432183265686 -0.5172461867332458 4.244904041290283 128 128 128
-0.2571210265159607 -0.5099508762359619 4.167823314666748 128 128 128
-0.17983931303024292 -0.5020106434822083 4.086679935455322 128 128 128
-0.1406308263540268 -0.4997093975543976 4.050666809082031 128 128 128
0.21941718459129333 -0.6162979602813721 4.835913181304932 128 128 128
0.2695354223251343 -0.6319082379341125 4.917448997497559 128 128 128
0.9671533703804016 -0.8223608732223511 6.06319522857666 128 128 128
2.532457113265991 -1.2051186561584473 8.317983627319336 128 128 128
2.6563045978546143 -1.234169840812683 8.48884105682373 128 128 128
2.6858720779418945 -1.2189844846725464 8.357619285583496 128 128 128
2.668975591659546 -1.1858901977539062 8.08842658996582 128 128 128
2.8779425621032715 -1.2253541946411133 8.295615196228027 128 128 128
3.0250730514526367 -1.2614797353744507 8.512861251831055 128 128 128
4.827060699462891 -1.644066572189331 10.783000946044922 128 128 128
4.921239376068115 -1.651762843132019 10.788606643676758 128 128 128
4.930677890777588 -1.6324454545974731 10.610530853271484 128 128 128
5.1976318359375 -1.694509506225586 10.986849784851074 128 128 128
5.695796489715576 -1.7793266773223877 11.429045677185059 128 128 128
7.915882587432861 -2.374685764312744 15.119668006896973 128 128 128
9.527040481567383 -2.5859835147857666 16.126720428466797 128 128 128
9.680580139160156 -2.590494394302368 16.160945892333984 128 128 128
17.591829299926758 -4.243282318115234 25.75324058532715 128 128 128
-1.6152901649475098 -0.6358668804168701 5.442947864532471 128 128 128
-1.4868582487106323 -0.6006506681442261 5.162038326263428 128 128 128
-1.2507951259613037 -0.5500065684318542 4.779322624206543 128 128 128
-1.1580431461334229 -0.5247945189476013 4.574862957000732 128 128 128
-1.0734070539474487 -0.5027757287025452 4.398493766784668 128 128 128
-1.0159770250320435 -0.49261024594306946 4.323114395141602 128 128 128
-0.5198139548301697 -0.46493494510650635 4.1363043785095215 128 128 128
-0.46938589215278625 -0.4507438838481903 4.011200904846191 128 128 128
-0.42588621377944946 -0.4433217942714691 3.9421849250793457 128 128 128
-0.2654176354408264 -0.4870944917201996 4.280043601989746 128 128 128
-0.2284080535173416 -0.493142694234848 4.319514274597168 128 128 128
0.22490300238132477 -0.586168110370636 4.916354656219482 128 128 128
0.2763873040676117 -0.6057409644126892 5.0538249015808105 128 128 128
1.0420488119125366 -0.7887393832206726 6.213593482971191 128 128 128
1.1595042943954468 -0.8051179647445679 6.252274990081787 128 128 128
2.88460373878479 -1.2009689807891846 8.745779037475586 128 128 128
2.964858055114746 -1.2090182304382324 8.761935234069824 128 128 128
3.0853497982025146 -1.2312308549880981 8.896927833557129 128 128 128
3.09462308883667 -1.2148443460464478 8.702272415161133 128 128 128
8.960782051086426 -2.3778371810913086 15.839370727539062 128 128 128
16.2963809967041 -3.8304104804992676 24.761533737182617 128 128 128
17.97265625 -4.032537460327148 25.665311813354492 128 128 128
-1.4977576732635498 -0.5612832903862 5.204247951507568 128 128 128
-0.47522228956222534 -0.42026078701019287 4.045646667480469 128 128 128
-0.27754905819892883 -0.46852433681488037 4.451257705688477 128 128 128
1.0550297498703003 -0.7435606718063354 6.293196201324463 128 128 128
1.1990946531295776 -0.774238109588623 6.480511665344238 128 128 128
2.4151389598846436 -1.0083513259887695 7.927678108215332 128 128 128
2.578765392303467 -1.0567843914031982 8.224126815795898 128 128 128
2.880795955657959 -1.1052473783493042 8.498494148254395 128 128 128
2.9395570755004883 -1.1046687364578247 8.460384368896484 128 128 128
4.576496124267578 -1.4270169734954834 10.607847213745117 128 128 128
4.848147392272949 -1.4424917697906494 10.615277290344238 128 128 128
8.707154273986816 -2.237152099609375 15.84890079498291 128 128 128
8.650252342224121 -2.193033456802368 15.50961971282959 128 128 128
17.27800941467285 -3.6955666542053223 24.961875915527344 128 128 128
-1.7354615926742554 -0.5441707968711853 5.376821994781494 128 128 128
-1.618359088897705 -0.5190072059631348 5.149085521697998 128 128 128
-1.526881217956543 -0.5011851787567139 4.990568161010742 128 128 128
-0.8480343818664551 -0.44622716307640076 4.6639580726623535 128 128 128
-0.6156631112098694 -0.4034271240234375 4.234073638916016 128 128 128
-0.5775801539421082 -0.405570387840271 4.252442836761475 128 128 128
-0.4447347819805145 -0.39398133754730225 4.116209983825684 128 128 128
2.6175880432128906 -0.9979408979415894 8.347330093383789 128 128 128
2.7062501907348633 -1.0085726976394653 8.403472900390625 128 128 128
2.836867570877075 -1.035271167755127 8.581695556640625 128 128 128
2.9547367095947266 -1.0581704378128052 8.710233688354492 128 128 128
3.3418543338775635 -1.1255772113800049 9.168766975402832 128 128 128
8.267821311950684 -2.0406007766723633 15.518058776855469 128 128 128
8.546282768249512 -2.0830912590026855 15.791590690612793 128 128 128
9.17392349243164 -2.1631829738616943 16.19180679321289 128 128 128
16.774967193603516 -3.4817357063293457 25.135828018188477 128 128 128
17.467254638671875 -3.5904505252838135 25.847978591918945 128 128 128
-2.1165413856506348 -0.5718886852264404 6.059669017791748 128 128 128
-2.00907826423645 -0.5536708235740662 5.89811372756958 128 128 128
-1.8751037120819092 -0.5274017453193665 5.648940086364746 128 128 128
-1.762063980102539 -0.5062477588653564 5.45212459564209 128 128 128
-1.5602750778198242 -0.4689868986606598 5.100715160369873 128 128 128
-0.9993956089019775 -0.4036681354045868 4.576419830322266 128 128 128
-0.9697714447975159 -0.4262913465499878 4.860100269317627 128 128 128
-0.912388026714325 -0.4182286858558655 4.780379772186279 128 128 128
-0.8443863391876221 -0.40605899691581726 4.650078296661377 128 128 128
-0.7522435784339905 -0.39886409044265747 4.585153102874756 128 128 128
-0.6677002310752869 -0.39886561036109924 4.5893659591674805 128 128 128
2.5965840816497803 -0.9389733076095581 8.505828857421875 128 128 128
2.702246904373169 -0.9565202593803406 8.609286308288574 128 128 128
2.7983853816986084 -0.9680497050285339 8.682894706726074 128 128 128
2.876999855041504 -0.9748956561088562 8.696309089660645 128 128 128
2.978757619857788 -0.9862355589866638 8.78378963470459 128 128 128
3.035633087158203 -0.986768901348114 8.729655265808105 128 128 128
3.3972585201263428 -1.065199851989746 9.311555862426758 128 128 128
8.67948055267334 -1.9335122108459473 15.543235778808594 128 128 128
8.967924118041992 -1.9732344150543213 15.822696685791016 128 128 128
9.340757369995117 -2.0379714965820312 16.235416412353516 128 128 128
17.370588302612305 -3.3826804161071777 26.014631271362305 128 128 128
16.846412658691406 -3.246941566467285 24.91730308532715 128 128 128
17.845422744750977 -3.4077653884887695 26.071060180664062 128 128 128
-1.2408710718154907 -0.4088696241378784 5.0589518547058105 128 128 128
-1.1579145193099976 -0.39474329352378845 4.9078240394592285 128 128 128
2.9982364177703857 -0.9131070375442505 8.841629028320312 128 128 128
3.1010820865631104 -0.930516242980957 8.912700653076172 128 128 128
3.144881248474121 -0.9264565110206604 8.822031021118164 128 128 128
5.864233493804932 -1.4654449224472046 13.295254707336426 128 128 128
5.897274494171143 -1.4502991437911987 13.12128734588623 128 128 128
5.817084312438965 -1.407626748085022 12.706961631774902 128 128 128
6.097733020782471 -1.4574207067489624 13.076519012451172 128 128 128
-1.3711332082748413 -0.39248019456863403 5.389998912811279 128 128 128
-1.277571439743042 -0.37729018926620483 5.210675239562988 128 128 128
-1.197572946548462 -0.36521095037460327 5.068049907684326 128 128 128
0.04001935198903084 -0.33806508779525757 4.570770740509033 128 128 128
0.6675754189491272 -0.4334738552570343 5.3878960609436035 128 128 128
2.352829933166504 -0.7645882368087769 8.414485931396484 128 128 128
2.641827344894409 -0.8009310364723206 8.654455184936523 128 128 128
2.894963264465332 -0.8405678868293762 8.983330726623535 128 128 128
3.0315921306610107 -0.8650489449501038 9.159727096557617 128 128 128
3.1269514560699463 -0.8740313649177551 9.212756156921387 128 128 128
3.162397861480713 -0.8676663041114807 9.088335037231445 128 128 128
5.38655948638916 -1.2692148685455322 12.701228141784668 128 128 128
5.820883274078369 -1.3338980674743652 13.19677734375 128 128 128
5.949775218963623 -1.3508015871047974 13.22762680053711 128 128 128
-0.18011201918125153 -0.3047792315483093 4.823131561279297 128 128 128
-0.1351354569196701 -0.3062410354614258 4.814535617828369 128 128 128
-0.0887976810336113 -0.3034570813179016 4.735167980194092 128 128 128
-0.04471207037568092 -0.2992945611476898 4.640198707580566 128 128 128
-0.0010892649879679084 -0.2999361455440521 4.606734752655029 128 128 128
0.4755980372428894 -0.3737744987010956 5.369517803192139 128 128 128
0.7343769669532776 -0.40141844749450684 5.527254104614258 128 128 128
0.7985613942146301 -0.41220822930336 5.646899700164795 128 128 128
2.96427845954895 -0.7657104730606079 8.956494331359863 128 128 128
3.042677879333496 -0.7741902470588684 8.95611572265625 128 128 128
5.238643646240234 -1.144673228263855 12.595820426940918 128 128 128
5.409571170806885 -1.1699905395507812 12.740382194519043 128 128 128
5.532190322875977 -1.1827659606933594 12.770377159118652 128 128 128
5.838757038116455 -1.2311979532241821 13.219976425170898 128 128 128
5.8924479484558105 -1.204211711883545 12.855438232421875 128 128 128
21.342849731445312 -3.3687024116516113 32.31943893432617 128 128 128
22.383424758911133 -3.5105278491973877 33.464439392089844 128 128 128
22.52676010131836 -3.497323751449585 33.263648986816406 128 128 128
-0.5772517323493958 -0.25614067912101746 4.82064151763916 128 128 128
-0.5280286073684692 -0.25413185358047485 4.776919841766357 128 128 128
-0.4720287024974823 -0.24888558685779572 4.665629863739014 128 128 128
-0.42595958709716797 -0.24642658233642578 4.6157426834106445 128 128 128
-0.3770439326763153 -0.24234911799430847 4.52961540222168 128 128 128
-0.18750299513339996 -0.2720032334327698 4.977138519287109 128 128 128
-0.09326948970556259 -0.2692829966545105 4.856417179107666 128 128 128
-0.05076975375413895 -0.2748558521270752 4.931406497955322 128 128 128
0.08305757492780685 -0.27746447920799255 4.856845378875732 128 128 128
0.126669779419899 -0.2785755693912506 4.832406044006348 128 128 128
0.17266052961349487 -0.2836417853832245 4.864100933074951 128 128 128
0.7577190399169922 -0.3639812767505646 5.7236328125 128 128 128
0.8128317594528198 -0.3709489405155182 5.7373857498168945 128 128 128
0.8692113161087036 -0.37704959511756897 5.776843547821045 128 128 128
2.6974236965179443 -0.682002604007721 9.073203086853027 128 128 128
2.7505650520324707 -0.6808459758758545 8.99363899230957 128 128 128
2.802846908569336 -0.6776721477508545 8.920859336853027 128 128 128
2.857800245285034 -0.6768115162849426 8.856748580932617 128 128 128
3.155853509902954 -0.7069669961929321 9.062845230102539 128 128 128
5.256426811218262 -1.030015230178833 12.371938705444336 128 128 128
5.514363765716553 -1.0654280185699463 12.726213455200195 128 128 128
5.768737316131592 -1.0998332500457764 13.0582857131958 128 128 128
5.984525203704834 -1.1275906562805176 13.290526390075684 128 128 128
6.196930408477783 -1.1531317234039307 13.508203506469727 128 128 128
6.304523944854736 -1.1595933437347412 13.492846488952637 128 128 128
18.647836685180664 -2.908238172531128 31.421106338500977 128 128 128
19.086153030395508 -2.9502758979797363 31.708765029907227 128 128 128
18.789867401123047 -2.8707587718963623 30.790611267089844 128 128 128
19.12666130065918 -2.8895349502563477 30.92026138305664 128 128 128
19.793394088745117 -2.963172197341919 31.568925857543945 128 128 128
20.56093978881836 -3.05130934715271 32.35871124267578 128 128 128
20.411272048950195 -2.9974026679992676 31.706626892089844 128 128 128
20.568763732910156 -2.998145580291748 31.536911010742188 128 128 128
20.881561279296875 -3.0200226306915283 31.607648849487305 128 128 128
-1.1835798025131226 -0.2691020667552948 5.876295566558838 128 128 128
-1.092788577079773 -0.25801146030426025 5.665207386016846 128 128 128
-0.9672929048538208 -0.2498423010110855 5.534219264984131 128 128 128
-0.8818882703781128 -0.23925718665122986 5.319421768188477 128 128 128
-0.811567485332489 -0.23246616125106812 5.181952953338623 128 128 128
-0.7513512969017029 -0.22775155305862427 5.0894246101379395 128 128 128
-0.6967285871505737 -0.2247447818517685 5.029544353485107 128 128 128
-0.6440395712852478 -0.22334834933280945 4.992710113525391 128 128 128
-0.5827129483222961 -0.21767613291740417 4.863544940948486 128 128 128
-0.5215276479721069 -0.21081745624542236 4.708162307739258 128 128 128
-0.4806852638721466 -0.211243137717247 4.717262268066406 128 128 128
-0.43008142709732056 -0.2109735608100891 4.676363945007324 128 128 128
-0.054131776094436646 -0.23688875138759613 5.030823707580566 128 128 128
-0.004857590887695551 -0.23821716010570526 4.9785380363464355 128 128 128
0.03781905770301819 -0.23548509180545807 4.899609088897705 128 128 128
0.08274713158607483 -0.23986993730068207 4.949142932891846 128 128 128
0.12718543410301208 -0.2423783391714096 4.962355136871338 128 128 128
0.17610731720924377 -0.24895398318767548 5.0209808349609375 128 128 128
0.3895300030708313 -0.28348955512046814 5.509766101837158 128 128 128
0.49686047434806824 -0.29450955986976624 5.633688926696777 128 128 128
0.5525643229484558 -0.30104732513427734 5.677457809448242 128 128 128
0.6042624115943909 -0.3047546148300171 5.694665908813477 128 128 128
0.6616050601005554 -0.31124451756477356 5.75520658493042 128 128 128
0.7101529240608215 -0.3128829896450043 5.748132228851318 128 128 128
0.7380276322364807 -0.30721455812454224 5.567413330078125 128 128 128
0.7974647283554077 -0.314695805311203 5.639743328094482 128 128 128
1.0244524478912354 -0.35342270135879517 6.094031810760498 128 128 128
3.1485118865966797 -0.6390880942344666 9.261164665222168 128 128 128
5.045017719268799 -0.921991229057312 12.624673843383789 128 128 128
5.134966850280762 -0.9257538318634033 12.582051277160645 128 128 128
5.441234111785889 -0.9678757786750793 13.061141014099121 128 128 128
5.52764892578125 -0.9733021855354309 12.999725341796875 128 128 128
5.570375442504883 -0.9666367769241333 12.846264839172363 128 128 128
10.423056602478027 -1.5849546194076538 19.80624771118164 128 128 128
10.453303337097168 -1.5710912942886353 19.23478126525879 128 128 128
10.894701957702637 -1.6208620071411133 19.74138832092285 128 128 128
10.818495750427246 -1.5886751413345337 19.31269645690918 128 128 128
17.05224609375 -2.4106926918029785 28.718116760253906 128 128 128
17.76165008544922 -2.4882473945617676 29.49501609802246 128 128 128
17.91409683227539 -2.4888815879821777 29.33707046508789 128 128 128
18.020240783691406 -2.4752838611602783 29.11421775817871 128 128 128
-1.9213311672210693 -0.2708127498626709 6.59686279296875 128 128 128
-1.4672019481658936 -0.231522798538208 5.941664695739746 128 128 128
-1.3757272958755493 -0.22322778403759003 5.785243034362793 128 128 128
-1.2779027223587036 -0.21383900940418243 5.594492435455322 128 128 128
-1.1962881088256836 -0.205976203083992 5.4273810386657715 128 128 128
-1.118217945098877 -0.21598568558692932 5.809108734130859 128 128 128
-1.034849762916565 -0.2079387903213501 5.627312183380127 128 128 128
-0.961388349533081 -0.20280854403972626 5.511259078979492 128 128 128
-0.7818661332130432 -0.19350233674049377 5.309469699859619 128 128 128
-0.7172696590423584 -0.18841207027435303 5.1833295822143555 128 128 128
-0.6600683331489563 -0.1860070824623108 5.115151882171631 128 128 128
-0.19108042120933533 -0.19365011155605316 5.101128101348877 128 128 128
0.08577720075845718 -0.20301057398319244 5.051821708679199 128 128 128
0.3425637185573578 -0.23541288077831268 5.613743305206299 128 128 128
0.4944261610507965 -0.24497193098068237 5.622763633728027 128 128 128
0.5539255142211914 -0.25296223163604736 5.701272010803223 128 128 128
0.6071325540542603 -0.2575860619544983 5.717101097106934 128 128 128
0.6687818765640259 -0.26481935381889343 5.819706916809082 128 128 128
0.7212006449699402 -0.26836711168289185 5.829222679138184 128 128 128
2.8194329738616943 -0.5337139964103699 9.221941947937012 128 128 128
2.971411943435669 -0.5467992424964905 9.194291114807129 128 128 128
3.0951642990112305 -0.5585334300994873 9.334051132202148 128 128 128
4.814091682434082 -0.7887000441551208 12.29702091217041 128 128 128
5.0088605880737305 -0.8079648613929749 12.525772094726562 128 128 128
5.151105880737305 -0.8150586485862732 12.621514320373535 128 128 128
5.23588752746582 -0.8214824795722961 12.562787055969238 128 128 128
5.4593505859375 -0.8512592911720276 12.83049201965332 128 128 128
5.62429141998291 -0.8634005188941956 12.96418285369873 128 128 128
9.445019721984863 -1.304438591003418 18.21982192993164 128 128 128
18.37474822998047 -2.2780239582061768 29.665735244750977 128 128 128
18.63526725769043 -2.2957923412323 29.68031883239746 128 128 128
19.02882957458496 -2.323380947113037 29.908008575439453 128 128 128
19.42513656616211 -2.3517448902130127 30.133522033691406 128 128 128
23.257184982299805 -2.7512197494506836 34.720497131347656 128 128 128
-2.1574366092681885 -0.237080916762352 7.209446907043457 128 128 128
-1.5533431768417358 -0.1877661645412445 6.079989910125732 128 128 128
-1.4523452520370483 -0.1797044277191162 5.887270927429199 128 128 128
0.5746452212333679 -0.21178436279296875 5.922131061553955 128 128 128
0.6190259456634521 -0.21144601702690125 5.859407901763916 128 128 128
2.3081679344177246 -0.40759366750717163 8.780068397521973 128 128 128
2.8235864639282227 -0.45719021558761597 9.224837303161621 128 128 128
2.8745615482330322 -0.45445165038108826 9.14408016204834 128 128 128
3.171738624572754 -0.4895475208759308 9.560827255249023 128 128 128
4.9330596923828125 -0.6995061039924622 12.888724327087402 128 128 128
4.923142910003662 -0.6905651688575745 12.300203323364258 128 128 128
5.067265033721924 -0.7016634345054626 12.3985013961792 128 128 128
9.656506538391113 -1.1707874536514282 18.620283126831055 128 128 128
10.13705825805664 -1.2214224338531494 19.23102378845215 128 128 128
10.32046890258789 -1.2267149686813354 19.276153564453125 128 128 128
10.388163566589355 -1.2181739807128906 19.107080459594727 128 128 128
11.893529891967773 -1.3686219453811646 20.583147048950195 128 128 128
-2.413102388381958 -0.18917474150657654 7.020660877227783 128 128 128
-2.152825117111206 -0.17142170667648315 6.595522880554199 128 128 128
-2.088681697845459 -0.16785357892513275 6.5737690925598145 128 128 128
-1.933508038520813 -0.15626536309719086 6.2677507400512695 128 128 128
-1.1114344596862793 -0.10988516360521317 5.266942501068115 128 128 128
-0.8007922172546387 -0.10638882964849472 5.41815710067749 128 128 128
0.31121668219566345 -0.14656025171279907 5.9922919273376465 128 128 128
0.36599355936050415 -0.15038764476776123 5.972561359405518 128 128 128
0.41867849230766296 -0.15241312980651855 5.988919258117676 128 128 128
0.4775434732437134 -0.15763646364212036 6.041079044342041 128 128 128
0.5253337025642395 -0.15844690799713135 5.9833269119262695 128 128 128
0.5757383704185486 -0.16109314560890198 5.946434020996094 128 128 128
0.6241284012794495 -0.1627289205789566 5.910669803619385 128 128 128
0.677740216255188 -0.1648091822862625 5.942379474639893 128 128 128
0.7398924231529236 -0.17061039805412292 6.01422119140625 128 128 128
2.390160083770752 -0.34478095173835754 9.08501148223877 128 128 128
2.583664894104004 -0.35242927074432373 8.948501586914062 128 128 128
2.651646852493286 -0.3594372868537903 8.9095458984375 128 128 128
2.7289540767669678 -0.3641927242279053 8.913166046142578 128 128 128
2.975327968597412 -0.3930087983608246 9.449908256530762 128 128 128
3.2008442878723145 -0.4118494987487793 9.641499519348145 128 128 128
4.781264781951904 -0.572662889957428 12.481194496154785 128 128 128
5.185835361480713 -0.605116069316864 12.966885566711426 128 128 128
5.356700420379639 -0.6220850348472595 13.110282897949219 128 128 128
5.50355339050293 -0.6386739611625671 13.186732292175293 128 128 128
5.778306484222412 -0.6506696939468384 13.050788879394531 128 128 128
10.097233772277832 -1.0595221519470215 19.457242965698242 128 128 128
10.211376190185547 -1.062713623046875 19.362712860107422 128 128 128
10.537104606628418 -1.0847604274749756 19.66912078857422 128 128 128
10.446155548095703 -1.0671230554580688 19.197084426879883 128 128 128
10.68401050567627 -1.08865225315094 19.32982635498047 128 128 128
11.213513374328613 -1.1379776000976562 19.98001480102539 128 128 128
17.693044662475586 -1.7328007221221924 29.752399444580078 128 128 128
18.049516677856445 -1.7695800065994263 29.917461395263672 128 128 128
19.040769577026367 -1.825336217880249 30.7159366607666 128 128 128
19.812551498413086 -1.886012077331543 31.533620834350586 128 128 128
-2.4330174922943115 -0.1297517865896225 7.271722793579102 128 128 128
0.36661624908447266 -0.0998249351978302 5.990217208862305 128 128 128
0.41498690843582153 -0.10096810758113861 5.930243492126465 128 128 128
0.6972998380661011 -0.12028650939464569 6.075460433959961 128 128 128
1.6284434795379639 -0.1889655590057373 7.139310836791992 128 128 128
2.374135732650757 -0.2646523416042328 9.020877838134766 128 128 128
2.4248204231262207 -0.2632726728916168 8.932284355163574 128 128 128
2.683178186416626 -0.2861783802509308 9.288960456848145 128 128 128
2.764432907104492 -0.2910165786743164 9.294897079467773 128 128 128
2.892443895339966 -0.3076387643814087 9.435420036315918 128 128 128
3.01462984085083 -0.3130336105823517 9.315230369567871 128 128 128
4.7019147872924805 -0.46173685789108276 12.25997257232666 128 128 128
4.835676670074463 -0.47073566913604736 12.335506439208984 128 128 128
5.047208309173584 -0.4838280975818634 12.607708930969238 128 128 128
5.23898458480835 -0.49691078066825867 12.816967010498047 128 128 128
5.409885883331299 -0.5089438557624817 12.966090202331543 128 128 128
5.541446685791016 -0.5206663012504578 13.011821746826172 128 128 128
5.75045919418335 -0.5353797078132629 13.240326881408691 128 128 128
5.952407360076904 -0.5549261569976807 13.436494827270508 128 128 128
10.255181312561035 -0.8901485204696655 19.133764266967773 128 128 128
11.026562690734863 -0.9510257244110107 19.6358699798584 128 128 128
18.448043823242188 -1.5093191862106323 29.747941970825195 128 128 128
20.168785095214844 -1.663379430770874 32.07155227661133 128 128 128
21.76677131652832 -1.7930854558944702 34.150638580322266 128 128 128
1.5765206813812256 -0.12417783588171005 7.184786796569824 128 128 128
2.440613269805908 -0.18712085485458374 9.287766456604004 128 128 128
2.899181842803955 -0.22015388309955597 9.470846176147461 128 128 128
2.9679551124572754 -0.22345098853111267 9.43327522277832 128 128 128
4.696406364440918 -0.3495807349681854 12.82638931274414 128 128 128
4.864897727966309 -0.3673848509788513 12.680669784545898 128 128 128
5.09361457824707 -0.3810478746891022 12.992165565490723 128 128 128
5.2976250648498535 -0.396171897649765 13.22317123413086 128 128 128
5.4647216796875 -0.40298372507095337 13.363173484802246 128 128 128
5.667173385620117 -0.418262243270874 13.573111534118652 128 128 128
5.780205249786377 -0.4223628640174866 13.571549415588379 128 128 128
6.103417873382568 -0.4491676390171051 14.043586730957031 128 128 128
10.836057662963867 -0.7744910717010498 20.200178146362305 128 128 128
10.838050842285156 -0.7703851461410522 19.892000198364258 128 128 128
19.552186965942383 -1.3490715026855469 31.498687744140625 128 128 128
-2.6917057037353516 -0.0006429857457987964 8.675346374511719 128 128 128
-2.407698392868042 0.004412438254803419 8.002681732177734 128 128 128
-2.055194139480591 0.009737946093082428 7.243769645690918 128 128 128
-0.5461504459381104 0.030289549380540848 5.292693138122559 128 128 128
-0.4902440011501312 0.030337197706103325 5.166717052459717 128 128 128
0.9566059112548828 -0.02346201241016388 7.2619733810424805 128 128 128
1.016924500465393 -0.025319131091237068 7.251114368438721 128 128 128
1.3268046379089355 -0.04594625160098076 7.193600654602051 128 128 128
1.4096331596374512 -0.051284633576869965 7.292877674102783 128 128 128
1.4351729154586792 -0.05421585962176323 7.101966857910156 128 128 128
1.7227638959884644 -0.07341213524341583 7.5356550216674805 128 128 128
2.49873948097229 -0.11410729587078094 9.491637229919434 128 128 128
2.610267162322998 -0.1227281391620636 9.594115257263184 128 128 128
2.725459098815918 -0.12815530598163605 9.714204788208008 128 128 128
2.751361846923828 -0.12820254266262054 9.521612167358398 128 128 128
2.880929946899414 -0.14107707142829895 9.666769027709961 128 128 128
4.658690929412842 -0.2443019598722458 12.416594505310059 128 128 128
4.857146263122559 -0.2503872215747833 12.66743278503418 128 128 128
5.151386737823486 -0.26727715134620667 13.141719818115234 128 128 128
5.237773418426514 -0.2740332782268524 13.075666427612305 128 128 128
5.34566593170166 -0.27922147512435913 13.06943416595459 128 128 128
5.596357345581055 -0.29695427417755127 13.13155746459961 128 128 128
9.613507270812988 -0.5284591317176819 19.44852066040039 128 128 128
-2.8772192001342773 0.07352912425994873 9.04076099395752 128 128 128
-2.6878068447113037 0.07418977469205856 8.679975509643555 128 128 128
-2.4607763290405273 0.073429636657238 8.1763277053833 128 128 128
-2.3320236206054688 0.07463735342025757 7.974438667297363 128 128 128
-2.1739656925201416 0.0750788077712059 7.665519714355469 128 128 128
-1.7053166627883911 0.07791243493556976 6.867613792419434 128 128 128
-1.0937749147415161 0.0739535316824913 5.609377861022949 128 128 128
-0.5268787145614624 0.07870544493198395 5.5870466232299805 128 128 128
-0.2888818085193634 0.08000650256872177 5.820775032043457 128 128 128
-0.12328214943408966 0.0728093609213829 5.640951633453369 128 128 128
1.1508184671401978 0.029553230851888657 7.2926836013793945 128 128 128
1.2385120391845703 0.02656169980764389 7.436500549316406 128 128 128
1.2753885984420776 0.02137155644595623 7.26950740814209 128 128 128
1.350266456604004 0.017823919653892517 7.331151962280273 128 128 128
1.4237537384033203 0.012251545675098896 7.370102405548096 128 128 128
1.4827885627746582 0.0090197017416358 7.347458839416504 128 128 128
2.4310920238494873 -0.030149659141898155 9.236442565917969 128 128 128
4.463892459869385 -0.12674079835414886 12.17161750793457 128 128 128
5.231835842132568 -0.16582408547401428 13.04723834991455 128 128 128
5.491349697113037 -0.1697883903980255 13.422000885009766 128 128 128
5.726024150848389 -0.19012120366096497 13.695357322692871 128 128 128
5.861344814300537 -0.1924830973148346 13.747417449951172 128 128 128
5.908092975616455 -0.20104071497917175 13.580288887023926 128 128 128
8.848265647888184 -0.3225865662097931 18.530529022216797 128 128 128
-2.6235098838806152 0.14361555874347687 8.4661865234375 128 128 128
-2.485278844833374 0.14324548840522766 8.249076843261719 128 128 128
-0.40813449025154114 0.13489919900894165 6.0552449226379395 128 128 128
-0.35033613443374634 0.1328222006559372 5.949955940246582 128 128 128
-0.29170235991477966 0.13002057373523712 5.883007049560547 128 128 128
-0.13173826038837433 0.12597568333148956 5.837340831756592 128 128 128
-0.07642406225204468 0.12193386256694794 5.734509468078613 128 128 128
-0.023217380046844482 0.11817371100187302 5.647764682769775 128 128 128
0.0283920057117939 0.11557634174823761 5.616803169250488 128 128 128
0.07929187268018723 0.11455311626195908 5.646493434906006 128 128 128
0.9477527737617493 0.10307455062866211 7.2269062995910645 128 128 128
1.0855326652526855 0.09677298367023468 7.295327663421631 128 128 128
1.17496919631958 0.09314088523387909 7.441691875457764 128 128 128
1.2569628953933716 0.08842334151268005 7.527963638305664 128 128 128
1.3165974617004395 0.08837254345417023 7.517040729522705 128 128 128
1.3949958086013794 0.08124388754367828 7.562664031982422 128 128 128
2.4744272232055664 0.05143481492996216 9.402946472167969 128 128 128
2.529514789581299 0.04436976835131645 9.301718711853027 128 128 128
4.67713737487793 -0.008951790630817413 13.067933082580566 128 128 128
4.8664164543151855 -0.020486652851104736 13.270867347717285 128 128 128
4.9708147048950195 -0.029780564829707146 13.24234390258789 128 128 128
5.022533893585205 -0.03352643921971321 13.087350845336914 128 128 128
5.147244453430176 -0.04391860589385033 13.114437103271484 128 128 128
5.321344375610352 -0.05317128822207451 13.266657829284668 128 128 128
5.493760108947754 -0.06249089539051056 13.408703804016113 128 128 128
5.617277145385742 -0.06864344328641891 13.432348251342773 128 128 128
9.227803230285645 -0.18062283098697662 18.974523544311523 128 128 128
9.30184555053711 -0.18201430141925812 18.80620574951172 128 128 128
-0.552618145942688 0.18005557358264923 5.794851779937744 128 128 128
-0.43003883957862854 0.19483435153961182 6.314835071563721 128 128 128
-0.3683878779411316 0.19249767065048218 6.295843124389648 128 128 128
-0.3073038160800934 0.18849381804466248 6.1710944175720215 128 128 128
-0.2406003624200821 0.18054836988449097 5.976339340209961 128 128 128
-0.13106481730937958 0.1768769919872284 5.944491386413574 128 128 128
-0.022603197023272514 0.1735910028219223 5.9494242668151855 128 128 128
1.0807077884674072 0.17217101156711578 7.722137451171875 128 128 128
1.1945565938949585 0.1629033386707306 7.589809417724609 128 128 128
1.2481310367584229 0.1561560332775116 7.502422332763672 128 128 128
1.3242897987365723 0.15214312076568604 7.552995681762695 128 128 128
1.4336745738983154 0.14366069436073303 7.441840171813965 128 128 128
2.552269220352173 0.13634727895259857 9.696412086486816 128 128 128
2.6192562580108643 0.1288243532180786 9.629650115966797 128 128 128
4.568610191345215 0.10411407053470612 13.059228897094727 128 128 128
9.052485466003418 0.013106999918818474 19.293123245239258 128 128 128
9.194561958312988 0.002128570806235075 19.245769500732422 128 128 128
9.243683815002441 -0.011594724841415882 19.005474090576172 128 128 128
9.585699081420898 -0.02760426513850689 19.36351776123047 128 128 128
9.762362480163574 -0.036632586270570755 19.38890266418457 128 128 128
-3.5643937587738037 0.3409077227115631 10.574814796447754 128 128 128
-3.3050079345703125 0.3272782564163208 10.049654960632324 128 128 128
-2.349236011505127 0.2865948975086212 8.235419273376465 128 128 128
0.3798966407775879 0.23042502999305725 6.47892427444458 128 128 128
0.4363883435726166 0.22666987776756287 6.449970722198486 128 128 128
0.5341416001319885 0.2138100564479828 6.23800802230835 128 128 128
1.4813618659973145 0.20960918068885803 7.666358470916748 128 128 128
2.743213176727295 0.22395986318588257 10.090558052062988 128 128 128
2.8028481006622314 0.218204066157341 9.997279167175293 128 128 128
2.8240866661071777 0.2042599618434906 9.76088809967041 128 128 128
9.973328590393066 0.1370607614517212 19.803918838500977 128 128 128
-3.2864041328430176 0.41243237257003784 10.009942054748535 128 128 128
-3.1333699226379395 0.40768763422966003 9.798870086669922 128 128 128
-2.9455058574676514 0.3965165317058563 9.455313682556152 128 128 128
-2.70784592628479 0.37866178154945374 8.939654350280762 128 128 128
-2.3849551677703857 0.3627395033836365 8.373461723327637 128 128 128
-2.2707431316375732 0.35920295119285583 8.221110343933105 128 128 128
-2.1265838146209717 0.3497256934642792 7.941819190979004 128 128 128
-1.9979358911514282 0.34350815415382385 7.725237846374512 128 128 128
-1.8590011596679688 0.3331873416900635 7.435241222381592 128 128 128
-1.762560248374939 0.32934531569480896 7.2968926429748535 128 128 128
-0.03195847198367119 0.3178540766239166 6.860687255859375 128 128 128
0.027508936822414398 0.30936238169670105 6.698030948638916 128 128 128
0.08617974817752838 0.3037170469760895 6.60900354385376 128 128 128
0.1481572836637497 0.30450597405433655 6.6775689125061035 128 128 128
0.2044026255607605 0.29487472772598267 6.521462440490723 128 128 128
0.26828861236572266 0.295736700296402 6.6084747314453125 128 128 128
0.322464257478714 0.2872561812400818 6.482457637786865 128 128 128
0.375946044921875 0.28532105684280396 6.4540910720825195 128 128 128
0.443500816822052 0.2855926752090454 6.554584503173828 128 128 128
0.5068536996841431 0.2866111099720001 6.626634120941162 128 128 128
1.4036084413528442 0.2785874307155609 7.616528034210205 128 128 128
1.4697948694229126 0.2737889587879181 7.609662055969238 128 128 128
-2.8603224754333496 0.463419646024704 9.186553001403809 128 128 128
-2.534557819366455 0.44264739751815796 8.626548767089844 128 128 128
-2.412644863128662 0.43724650144577026 8.459050178527832 128 128 128
-2.2607500553131104 0.4253312051296234 8.170943260192871 128 128 128
-2.0461878776550293 0.40186789631843567 7.651192665100098 128 128 128
-1.8541769981384277 0.39566320180892944 7.427464962005615 128 128 128
-1.7444539070129395 0.387643963098526 7.234116077423096 128 128 128
-1.4655548334121704 0.41083693504333496 7.45980167388916 128 128 128
-1.3199570178985596 0.38986292481422424 7.0472493171691895 128 128 128
-1.212026834487915 0.37810423970222473 6.8088250160217285 128 128 128
-1.1240185499191284 0.36901572346687317 6.615023612976074 128 128 128
0.02887248620390892 0.3827590346336365 7.013685703277588 128 128 128
0.09516458213329315 0.3791794180870056 7.008333206176758 128 128 128
0.15320636332035065 0.376205176115036 6.956693172454834 128 128 128
0.21627123653888702 0.36587125062942505 6.840498447418213 128 128 128
0.27513453364372253 0.36065295338630676 6.78195333480835 128 128 128
0.32449156045913696 0.3509574830532074 6.611227989196777 128 128 128
0.3850744962692261 0.3479170501232147 6.610811710357666 128 128 128
0.4416370987892151 0.34388646483421326 6.576228141784668 128 128 128
0.499717116355896 0.3383338153362274 6.539935111999512 128 128 128
6.071455955505371 0.4110797941684723 14.207876205444336 128 128 128
-2.4869065284729004 0.522996187210083 8.708070755004883 128 128 128
-1.8351998329162598 0.45230284333229065 7.3376030921936035 128 128 128
-1.724384069442749 0.4425477683544159 7.14107608795166 128 128 128
-1.1730505228042603 0.44333308935165405 6.91176176071167 128 128 128
-1.1036463975906372 0.4416566789150238 6.865909099578857 128 128 128
0.15284648537635803 0.43166810274124146 6.913697242736816 128 128 128
0.21557177603244781 0.43509641289711 6.987826824188232 128 128 128
0.27769845724105835 0.4297585189342499 6.9446563720703125 128 128 128
0.3387131989002228 0.42800602316856384 6.942420482635498 128 128 128
0.4024728238582611 0.4228074848651886 6.92022705078125 128 128 128
0.46059614419937134 0.4128522574901581 6.822224140167236 128 128 128
-0.4625577926635742 0.48209306597709656 6.577665328979492 128 128 128
3.7462477684020996 0.6479926109313965 11.898698806762695 128 128 128
3.8374571800231934 0.6362043619155884 11.854439735412598 128 128 128
4.0202765464782715 0.6435471773147583 12.098570823669434 128 128 128
-0.46994927525520325 0.5468654632568359 6.7013020515441895 128 128 128
-0.4068489670753479 0.5431632399559021 6.66107702255249 128 128 128
0.6667031645774841 0.6084884405136108 7.8885817527771 128 128 128
1.8884731531143188 0.6607601642608643 9.391185760498047 128 128 128
1.9505947828292847 0.649566113948822 9.295452117919922 128 128 128
3.3976809978485107 0.7638270258903503 11.769835472106934 128 128 128
3.544771432876587 0.7634676694869995 11.910941123962402 128 128 128
3.6775357723236084 0.7687861323356628 12.021456718444824 128 128 128
4.203858852386475 0.7609373331069946 12.340546607971191 128 128 128
4.290463447570801 0.7489980459213257 12.279566764831543 128 128 128
17.534530639648438 1.52402925491333 32.054019927978516 128 128 128
-0.42622554302215576 0.6221215724945068 6.9063615798950195 128 128 128
-0.11724404990673065 0.6643844246864319 7.444045543670654 128 128 128
-0.04875161871314049 0.6744799613952637 7.582065105438232 128 128 128
0.6209208369255066 0.7067092657089233 8.221892356872559 128 128 128
0.6882159113883972 0.6935343146324158 8.119032859802246 128 128 128
0.8822551369667053 0.6675318479537964 7.917292594909668 128 128 128
1.6875581741333008 0.7817849516868591 9.686498641967773 128 128 128
1.7708853483200073 0.7740641832351685 9.665282249450684 128 128 128
1.8601062297821045 0.7719601392745972 9.690401077270508 128 128 128
1.9797348976135254 0.7780299186706543 9.850505828857422 128 128 128
2.031076669692993 0.7587625980377197 9.67796802520752 128 128 128
2.103463649749756 0.7499752640724182 9.622687339782715 128 128 128
2.1618223190307617 0.7338491082191467 9.49974250793457 128 128 128
2.2712197303771973 0.7418516278266907 9.62586784362793 128 128 128
3.345820903778076 0.8844993114471436 11.948932647705078 128 128 128
3.4790639877319336 0.8852047324180603 12.049420356750488 128 128 128
3.5958645343780518 0.8515903949737549 11.749995231628418 128 128 128
3.8792803287506104 0.8773109316825867 12.304020881652832 128 128 128
4.033832550048828 0.8858893513679504 12.463374137878418 128 128 128
4.168547630310059 0.8611502647399902 12.237568855285645 128 128 128
6.413781642913818 1.0794861316680908 16.315139770507812 128 128 128
6.6851983070373535 1.0629675388336182 16.297618865966797 128 128 128
-0.055155061185359955 0.7415425777435303 7.594034671783447 128 128 128
0.014269043691456318 0.7241217494010925 7.434657096862793 128 128 128
0.7035495638847351 0.7814592719078064 8.317590713500977 128 128 128
0.7574098110198975 0.757193386554718 8.094038963317871 128 128 128
0.8520006537437439 0.7724544405937195 8.299538612365723 128 128 128
0.9152947068214417 0.7632703185081482 8.222229957580566 128 128 128
0.9917582869529724 0.7626984119415283 8.25074291229248 128 128 128
1.1103705167770386 0.733514666557312 8.027505874633789 128 128 128
1.181686282157898 0.7326939105987549 8.041791915893555 128 128 128
1.8654842376708984 0.8553471565246582 9.711602210998535 128 128 128
1.934167504310608 0.8502686619758606 9.65587329864502 128 128 128
3.765493631362915 1.0297375917434692 12.653264045715332 128 128 128
3.986544609069824 1.0487329959869385 13.007397651672363 128 128 128
4.063230514526367 1.0374910831451416 12.90450668334961 128 128 128
18.629398345947266 2.0986127853393555 32.998802185058594 128 128 128
-0.12130273878574371 0.7881736755371094 7.420800685882568 128 128 128
-0.052394744008779526 0.7920651435852051 7.477208137512207 128 128 128
0.016554614529013634 0.7985788583755493 7.557075023651123 128 128 128
0.08580507338047028 0.8014408349990845 7.601631164550781 128 128 128
0.15562409162521362 0.7909788489341736 7.529891014099121 128 128 128
0.21096858382225037 0.7649352550506592 7.27852725982666 128 128 128
1.1168537139892578 0.8059608340263367 8.073356628417969 128 128 128
1.1676596403121948 0.7907921075820923 7.943743705749512 128 128 128
3.5203073024749756 1.1461750268936157 12.569774627685547 128 128 128
3.630267858505249 1.1408970355987549 12.574628829956055 128 128 128
6.575765132904053 1.4519500732421875 17.124391555786133 128 128 128
6.625925064086914 1.418857216835022 16.870807647705078 128 128 128
6.73868989944458 1.4001466035842896 16.78477668762207 128 128 128
6.739136695861816 1.3654125928878784 16.439250946044922 128 128 128
7.480206489562988 1.396799087524414 17.16516876220703 128 128 128
0.01565674878656864 0.8638017773628235 7.570505619049072 128 128 128
0.08224213868379593 0.8636725544929504 7.5769476890563965 128 128 128
0.14753971993923187 0.8498255610466003 7.466907024383545 128 128 128
1.1859338283538818 1.0925055742263794 9.941376686096191 128 128 128
6.640524387359619 1.5674643516540527 16.90452766418457 128 128 128
6.729936122894287 1.5493371486663818 16.771015167236328 128 128 128
7.0395379066467285 1.5327014923095703 16.81546974182129 128 128 128
7.249905586242676 1.5369973182678223 16.9683895111084 128 128 128
0.2506113052368164 1.0759860277175903 8.812040328979492 128 128 128
0.39533737301826477 1.0265036821365356 8.452034950256348 128 128 128
1.4030225276947021 1.1252222061157227 9.607999801635742 128 128 128
2.630107879638672 1.3640110492706299 12.085415840148926 128 128 128
2.6967079639434814 1.341299057006836 11.919624328613281 128 128 128
7.002495288848877 1.7553216218948364 17.435123443603516 128 128 128
0.17556248605251312 1.1654938459396362 8.923076629638672 128 128 128
0.24494414031505585 1.146893858909607 8.774471282958984 128 128 128
0.32870912551879883 1.1354553699493408 8.724241256713867 128 128 128
0.4040795564651489 1.1280871629714966 8.681058883666992 128 128 128
0.4756147861480713 1.1198453903198242 8.623729705810547 128 128 128
2.354647159576416 1.4410911798477173 11.776429176330566 128 128 128
2.45862078666687 1.4378225803375244 11.784719467163086 128 128 128
2.5680198669433594 1.4374366998672485 11.817441940307617 128 128 128
2.697880268096924 1.4469391107559204 11.936043739318848 128 128 128
2.9528281688690186 1.3976203203201294 11.689133644104004 128 128 128
3.0222010612487793 1.3708646297454834 11.545738220214844 128 128 128
3.133878707885742 1.3731738328933716 11.594724655151367 128 128 128
4.104104995727539 1.673279047012329 14.259382247924805 128 128 128
4.541491508483887 1.7867907285690308 15.308782577514648 128 128 128
4.685132026672363 1.7797431945800781 15.334854125976562 128 128 128
6.934678077697754 1.889862298965454 17.26810646057129 128 128 128
7.189908504486084 1.8103424310684204 16.81504249572754 128 128 128
0.4040011465549469 1.21493661403656 8.768781661987305 128 128 128
2.338292360305786 1.537014365196228 11.71792984008789 128 128 128
2.472564697265625 1.545825481414795 11.848255157470703 128 128 128
2.549138069152832 1.5228465795516968 11.717632293701172 128 128 128
2.7485029697418213 1.5672175884246826 12.126361846923828 128 128 128
2.8377511501312256 1.5536001920700073 12.058053970336914 128 128 128
2.9077670574188232 1.533366084098816 11.924627304077148 128 128 128
2.9999048709869385 1.5214624404907227 11.875875473022461 128 128 128
4.270209789276123 1.8657031059265137 14.830127716064453 128 128 128
4.420046806335449 1.8657917976379395 14.896464347839355 128 128 128
4.584000587463379 1.871166467666626 15.005817413330078 128 128 128
4.6882781982421875 1.850876808166504 14.91671085357666 128 128 128
4.984256744384766 1.9089354276657104 15.43626880645752 128 128 128
5.08217191696167 1.8816553354263306 15.314072608947754 128 128 128
5.158845901489258 1.8558166027069092 15.153674125671387 128 128 128
-0.4701297879219055 1.2769309282302856 8.56126880645752 128 128 128
-0.2981181740760803 1.226046085357666 8.236077308654785 128 128 128
-0.22711452841758728 1.2398631572723389 8.332484245300293 128 128 128
-0.15262801945209503 1.2364745140075684 8.313385963439941 128 128 128
4.368462085723877 2.033721685409546 15.158854484558105 128 128 128
4.508393287658691 2.0259454250335693 15.175843238830566 128 128 128
4.678044319152832 2.039456367492676 15.309832572937012 128 128 128
4.795127868652344 2.0274202823638916 15.264034271240234 128 128 128
5.039146900177002 2.061161756515503 15.599360466003418 128 128 128
5.064968585968018 2.002570152282715 15.253006935119629 128 128 128
3.1944446563720703 1.7630534172058105 12.206696510314941 128 128 128
5.035876274108887 2.191222906112671 15.583243370056152 128 128 128
5.207065105438232 2.1987204551696777 15.691512107849121 128 128 128
0.17716312408447266 -0.5157705545425415 0.982417643070221 128 128 128
0.15500643849372864 -0.4819004535675049 0.9484331011772156 128 128 128
0.8856478333473206 -0.6423718333244324 1.2906020879745483 128 128 128
0.17459259927272797 -0.45879408717155457 0.96659255027771 128 128 128
0.1912224441766739 -0.4596610367298126 0.9682918787002563 128 128 128
0.24095307290554047 -0.4602634906768799 0.9693484902381897 128 128 128
0.2613331973552704 -0.4669210910797119 0.9834733009338379 128 128 128
-0.13529832661151886 -0.43500760197639465 0.9730395078659058 128 128 128
0.204262837767601 -0.4646740257740021 1.0336781740188599 128 128 128
0.23656336963176727 -0.47760146856307983 1.1035878658294678 128 128 128
0.18412624299526215 -0.42433321475982666 1.0206713676452637 128 128 128
0.24547383189201355 -0.4416426718235016 1.0615718364715576 128 128 128
-0.3167653977870941 -0.3811478912830353 0.9809825420379639 128 128 128
-0.29992595314979553 -0.3799155056476593 0.9792227745056152 128 128 128
0.19098514318466187 -0.4033132493495941 1.0548162460327148 128 128 128
0.2036317139863968 -0.39310696721076965 1.027826189994812 128 128 128
0.23023006319999695 -0.41080442070961 1.0744062662124634 128 128 128
0.4002094864845276 -0.44786328077316284 1.172336220741272 128 128 128
-0.3171006739139557 -0.3651482164859772 0.9822373986244202 128 128 128
-0.20200403034687042 -0.3655652105808258 0.9832166433334351 128 128 128
0.6423996686935425 -0.44155603647232056 1.1837475299835205 128 128 128
0.7293916940689087 -0.46491217613220215 1.2474299669265747 128 128 128
0.7429379820823669 -0.4608999788761139 1.2354538440704346 128 128 128
0.7906102538108826 -0.483068585395813 1.2963372468948364 128 128 128
0.8070961236953735 -0.4804472327232361 1.288184642791748 128 128 128
0.1912783682346344 -0.38646310567855835 1.057460069656372 128 128 128
0.2503008544445038 -0.39555972814559937 1.081804871559143 128 128 128
0.4031994640827179 -0.43155765533447266 1.1814833879470825 128 128 128
-0.2678911089897156 -0.3492288887500763 0.9833974838256836 128 128 128
-0.236379474401474 -0.35155025124549866 0.989657998085022 128 128 128
0.6226481795310974 -0.43578916788101196 1.223111867904663 128 128 128
0.6589723825454712 -0.4461366534233093 1.2529795169830322 128 128 128
0.6578994393348694 -0.4321935176849365 1.212601661682129 128 128 128
0.7338929772377014 -0.44712257385253906 1.2554421424865723 128 128 128
0.7403994798660278 -0.4391656517982483 1.231539011001587 128 128 128
0.7872916460037231 -0.459952175617218 1.2912609577178955 128 128 128
0.8303561210632324 -0.4597766697406769 1.2908536195755005 128 128 128
0.19172756373882294 -0.370235800743103 1.0627471208572388 128 128 128
-0.2829754650592804 -0.33112919330596924 0.9787479043006897 128 128 128
0.43414026498794556 -0.37720590829849243 1.1091830730438232 128 128 128
0.5432941317558289 -0.3947151303291321 1.1629960536956787 128 128 128
0.6317579746246338 -0.421085923910141 1.2409913539886475 128 128 128
0.6258150935173035 -0.4039454162120819 1.1901904344558716 128 128 128
0.7189957499504089 -0.43117696046829224 1.267030954360962 128 128 128
0.24567002058029175 -0.35167571902275085 1.0589282512664795 128 128 128
-0.23585136234760284 -0.32960692048072815 1.0241690874099731 128 128 128
-0.2176385372877121 -0.3287072479724884 1.019765019416809 128 128 128
0.2707890570163727 -0.3101530969142914 0.9588162899017334 128 128 128
0.4719851016998291 -0.3594128489494324 1.111053466796875 128 128 128
0.6353933811187744 -0.4032399654388428 1.2486183643341064 128 128 128
0.07932327687740326 -0.34688490629196167 1.1019638776779175 128 128 128
0.09759239107370377 -0.34675729274749756 1.1042895317077637 128 128 128
0.11602076888084412 -0.3464248478412628 1.1018600463867188 128 128 128
0.13592462241649628 -0.3500020205974579 1.1119117736816406 128 128 128
0.16329213976860046 -0.3698567748069763 1.175053596496582 128 128 128
0.20174886286258698 -0.3683733642101288 1.1700764894485474 128 128 128
0.22783982753753662 -0.334389328956604 1.0606834888458252 128 128 128
0.2824862599372864 -0.3586137890815735 1.1373780965805054 128 128 128
-0.19955483078956604 -0.31040382385253906 1.0152314901351929 128 128 128
0.25044453144073486 -0.2895999848842621 0.9438020586967468 128 128 128
0.27664875984191895 -0.30084359645843506 0.9805316925048828 128 128 128
0.31842005252838135 -0.3088504672050476 1.007786750793457 128 128 128
0.412117600440979 -0.3695469796657562 1.2074670791625977 128 128 128
0.4303584694862366 -0.35197269916534424 1.1488348245620728 128 128 128
0.13346990942955017 -0.32524871826171875 1.0937920808792114 128 128 128
0.16093645989894867 -0.34483110904693604 1.1568927764892578 128 128 128
0.17826645076274872 -0.3409704267978668 1.144355297088623 128 128 128
0.2068709284067154 -0.3574218451976776 1.1999306678771973 128 128 128
-0.24968191981315613 -0.2915600538253784 1.011168122291565 128 128 128
-0.23236992955207825 -0.29167938232421875 1.0098865032196045 128 128 128
-0.21718095242977142 -0.2943357229232788 1.0182502269744873 128 128 128
0.2757189869880676 -0.3011832535266876 1.0386484861373901 128 128 128
0.2756575345993042 -0.2826397716999054 0.9757633209228516 128 128 128
0.4395899474620819 -0.3399546146392822 1.1737360954284668 128 128 128
0.44260263442993164 -0.3276516795158386 1.1311556100845337 128 128 128
0.5219070315361023 -0.3635530173778534 1.2535282373428345 128 128 128
0.5241213440895081 -0.3503493666648865 1.2097785472869873 128 128 128
0.19163088500499725 -0.34559932351112366 1.2298545837402344 128 128 128
0.8899140954017639 -0.37543541193008423 1.3319635391235352 128 128 128
0.9823867678642273 -0.4046008586883545 1.43436861038208 128 128 128
-0.21573089063167572 -0.2756637632846832 1.0116994380950928 128 128 128
-0.20066550374031067 -0.2779868543148041 1.021345615386963 128 128 128
-0.1841243952512741 -0.2794627547264099 1.0248931646347046 128 128 128
0.16607381403446198 -0.1961812824010849 0.7180623412132263 128 128 128
0.4555993676185608 -0.3175346255302429 1.1644164323806763 128 128 128
0.4602493643760681 -0.3080720007419586 1.128126859664917 128 128 128
0.524114191532135 -0.3442946970462799 1.2589731216430664 128 128 128
0.09890514612197876 -0.2940536439418793 1.1125519275665283 128 128 128
0.1199493333697319 -0.30008432269096375 1.1348729133605957 128 128 128
0.1722448617219925 -0.3271673023700714 1.236826777458191 128 128 128
-0.23265331983566284 -0.2584614157676697 1.0115517377853394 128 128 128
-0.21428711712360382 -0.2568167448043823 1.0050517320632935 128 128 128
-0.19673524796962738 -0.2564237713813782 1.001656413078308 128 128 128
-0.041407644748687744 -0.2871859073638916 1.1211148500442505 128 128 128
0.09607551991939545 -0.10643818229436874 0.41518434882164 128 128 128
0.2808477580547333 -0.2714375853538513 1.0586130619049072 128 128 128
0.3159240484237671 -0.28683099150657654 1.1197410821914673 128 128 128
-0.022707408294081688 -0.2788781523704529 1.127280831336975 128 128 128
-0.0037250900641083717 -0.2746678590774536 1.1099439859390259 128 128 128
0.0975433960556984 -0.2721792459487915 1.096105694770813 128 128 128
0.11816056817770004 -0.2774205505847931 1.1170405149459839 128 128 128
0.18578916788101196 -0.295591801404953 1.1898043155670166 128 128 128
0.7144034504890442 -0.3220827579498291 1.297439455986023 128 128 128
0.31260019540786743 -0.26573342084884644 1.1083593368530273 128 128 128
0.322103887796402 -0.2581540644168854 1.0779646635055542 128 128 128
0.4158756732940674 -0.3252731263637543 1.3535560369491577 128 128 128
0.4351910948753357 -0.29256001114845276 1.2169855833053589 128 128 128
0.44528722763061523 -0.2859257459640503 1.1893925666809082 128 128 128
0.03572459891438484 -0.2735588550567627 1.182017207145691 128 128 128
0.056556738913059235 -0.2772642970085144 1.2018697261810303 128 128 128
0.07966174185276031 -0.2546716630458832 1.1029208898544312 128 128 128
0.09216679632663727 -0.23993144929409027 1.036016821861267 128 128 128
0.13475021719932556 -0.254116415977478 1.0993221998214722 128 128 128
0.5742321014404297 -0.30164626240730286 1.3004945516586304 128 128 128
-0.23405425250530243 -0.23487110435962677 1.0564478635787964 128 128 128
-0.181101456284523 -0.2349475622177124 1.0580146312713623 128 128 128
0.31191277503967285 -0.3362771272659302 1.5096898078918457 128 128 128
0.3181735575199127 -0.2673635184764862 1.1998685598373413 128 128 128
0.4447018802165985 -0.3626173436641693 1.6237505674362183 128 128 128
0.9281046390533447 -0.3073650300502777 1.3717533349990845 128 128 128
0.9774124622344971 -0.31981053948402405 1.4269258975982666 128 128 128
-0.04076213389635086 -0.23672719299793243 1.105130672454834 128 128 128
-0.02292902022600174 -0.24445010721683502 1.1420294046401978 128 128 128
0.05463509261608124 -0.24988536536693573 1.1631660461425781 128 128 128
0.07812267541885376 -0.23174022138118744 1.0814447402954102 128 128 128
0.09650535881519318 -0.23238855600357056 1.0841182470321655 128 128 128
0.11769090592861176 -0.2385900765657425 1.112529993057251 128 128 128
0.13824333250522614 -0.24190978705883026 1.1278762817382812 128 128 128
-0.23300181329250336 -0.21604807674884796 1.0518519878387451 128 128 128
-0.2169174998998642 -0.21802707016468048 1.05936861038208 128 128 128
-0.19694039225578308 -0.21582873165607452 1.047601580619812 128 128 128
-0.18223606050014496 -0.21900935471057892 1.0646082162857056 128 128 128
-0.16828589141368866 -0.22413690388202667 1.0900896787643433 128 128 128
0.25574737787246704 -0.2789849638938904 1.350518822669983 128 128 128
0.2747897207736969 -0.2281333953142166 1.1070960760116577 128 128 128
0.30266526341438293 -0.23518513143062592 1.139840841293335 128 128 128
0.9066795110702515 -0.292362242937088 1.409927487373352 128 128 128
0.9242446422576904 -0.29042425751686096 1.4006901979446411 128 128 128
0.940579891204834 -0.28766170144081116 1.3901612758636475 128 128 128
0.9798884987831116 -0.29631975293159485 1.4304776191711426 128 128 128
0.015318033285439014 -0.2243741899728775 1.1359219551086426 128 128 128
0.035129182040691376 -0.23138870298862457 1.1668566465377808 128 128 128
0.0556674599647522 -0.23527605831623077 1.1869263648986816 128 128 128
0.07569276541471481 -0.2356451004743576 1.188745141029358 128 128 128
0.5809657573699951 -0.25115537643432617 1.2674086093902588 128 128 128
0.7052342295646667 -0.26300719380378723 1.320513367652893 128 128 128
-0.2326115220785141 -0.199075847864151 1.0496262311935425 128 128 128
0.18721982836723328 -0.22737686336040497 1.199906349182129 128 128 128
0.21544446051120758 -0.2358870655298233 1.2458933591842651 128 128 128
0.31857243180274963 -0.22727879881858826 1.1989949941635132 128 128 128
0.3208652138710022 -0.2154041826725006 1.1376656293869019 128 128 128
-0.058112237602472305 -0.1958608478307724 1.0810343027114868 128 128 128
0.42144230008125305 -0.2239590734243393 1.23613703250885 128 128 128
0.4374002516269684 -0.212184876203537 1.1671546697616577 128 128 128
0.5285192131996155 -0.2302359938621521 1.2689309120178223 128 128 128
-0.25064024329185486 -0.18171997368335724 1.0513079166412354 128 128 128
0.20782411098480225 -0.20853020250797272 1.2053241729736328 128 128 128
0.2669622302055359 -0.18518924713134766 1.073006510734558 128 128 128
0.26862186193466187 -0.17458605766296387 1.0106595754623413 128 128 128
0.7637453079223633 -0.2370644211769104 1.3656561374664307 128 128 128
0.7780000567436218 -0.23443391919136047 1.3506397008895874 128 128 128
-0.05753514915704727 -0.1759786754846573 1.0676286220550537 128 128 128
-0.003940276801586151 -0.18375249207019806 1.1155322790145874 128 128 128
0.014757066033780575 -0.18641969561576843 1.128516435623169 128 128 128
0.3939094841480255 -0.19973036646842957 1.214849591255188 128 128 128
0.9943646788597107 -0.2401973456144333 1.4512805938720703 128 128 128
-0.2350354790687561 -0.17171049118041992 1.1025185585021973 128 128 128
0.21160036325454712 -0.17399819195270538 1.1164512634277344 128 128 128
0.6701138615608215 -0.20997346937656403 1.3385133743286133 128 128 128
0.7030951380729675 -0.21298998594284058 1.359007477760315 128 128 128
0.7476832866668701 -0.21643348038196564 1.377929925918579 128 128 128
0.7611410021781921 -0.21400853991508484 1.3605371713638306 128 128 128
-0.0224086195230484 -0.16252292692661285 1.0970004796981812 128 128 128
-0.0041550095193088055 -0.16321873664855957 1.0994783639907837 128 128 128
0.014614701271057129 -0.16514728963375092 1.114829659461975 128 128 128
0.051481667906045914 -0.16311852633953094 1.1023049354553223 128 128 128
0.4156499207019806 -0.1895146667957306 1.2794592380523682 128 128 128
0.5290383696556091 -0.19651466608047485 1.3214343786239624 128 128 128
0.9856699705123901 -0.21503618359565735 1.4381228685379028 128 128 128
-0.24836207926273346 -0.15059706568717957 1.079392671585083 128 128 128
0.1812945008277893 -0.16314324736595154 1.1679742336273193 128 128 128
0.21492336690425873 -0.15859884023666382 1.1380515098571777 128 128 128
0.591708779335022 -0.18770180642604828 1.338148593902588 128 128 128
0.6166515946388245 -0.18174125254154205 1.2965134382247925 128 128 128
-0.12368340790271759 -0.14398851990699768 1.097989559173584 128 128 128
-0.10703960806131363 -0.1464436799287796 1.1163851022720337 128 128 128
-0.2620229125022888 -0.13025102019309998 1.061260461807251 128 128 128
-0.2471749484539032 -0.13190726935863495 1.0740327835083008 128 128 128
-0.23057319223880768 -0.13286463916301727 1.080487608909607 128 128 128
0.07387155294418335 -0.1429121196269989 1.1646583080291748 128 128 128
0.09400422126054764 -0.14364348351955414 1.1714812517166138 128 128 128
0.11479460448026657 -0.14607788622379303 1.1876035928726196 128 128 128
0.1356455534696579 -0.1475880891084671 1.1983195543289185 128 128 128
0.17472605407238007 -0.13718442618846893 1.12115478515625 128 128 128
0.5170886516571045 -0.17375685274600983 1.408584475517273 128 128 128
0.5055960416793823 -0.16254425048828125 1.317423701286316 128 128 128
0.5820615887641907 -0.16247324645519257 1.316044569015503 128 128 128
-0.16088616847991943 -0.12601180374622345 1.0995982885360718 128 128 128
-0.14291547238826752 -0.12688159942626953 1.1014831066131592 128 128 128
0.330732524394989 -0.1416918933391571 1.2441596984863281 128 128 128
0.746852457523346 -0.15887494385242462 1.3754909038543701 128 128 128
0.07149743288755417 -0.12000509351491928 1.130932331085205 128 128 128
0.09055563062429428 -0.12057454884052277 1.1346395015716553 128 128 128
0.11296175420284271 -0.12410962581634521 1.1691724061965942 128 128 128
0.13085801899433136 -0.1138964518904686 1.0743824243545532 128 128 128
0.4593018591403961 -0.13580773770809174 1.282212495803833 128 128 128
0.5203338861465454 -0.13858278095722198 1.2985739707946777 128 128 128
0.5210922956466675 -0.13275688886642456 1.2496064901351929 128 128 128
1.0009156465530396 -0.15853935480117798 1.4781968593597412 128 128 128
0.18266093730926514 -0.1219027116894722 1.2469757795333862 128 128 128
0.2653786242008209 -0.11559028178453445 1.1912988424301147 128 128 128
0.2967740297317505 -0.10852310806512833 1.1193411350250244 128 128 128
0.6785737872123718 -0.13309930264949799 1.3544726371765137 128 128 128
0.7567271590232849 -0.13332100212574005 1.3518526554107666 128 128 128
-0.24371111392974854 -0.09455293416976929 1.058633804321289 128 128 128
0.0051713380962610245 -0.1041305810213089 1.1635773181915283 128 128 128
0.052702296525239944 -0.10193674266338348 1.1389533281326294 128 128 128
0.09092438966035843 -0.10153189301490784 1.137560486793518 128 128 128
0.3979637622833252 -0.11494040489196777 1.291231632232666 128 128 128
0.4144171476364136 -0.1135954037308693 1.2757254838943481 128 128 128
0.42751172184944153 -0.1114133819937706 1.2523019313812256 128 128 128
0.9518489837646484 -0.13267581164836884 1.4594018459320068 128 128 128
-0.06956437230110168 -0.09025721997022629 1.1075085401535034 128 128 128
0.18422934412956238 -0.10088573396205902 1.2525280714035034 128 128 128
0.22272972762584686 -0.09462843835353851 1.1776461601257324 128 128 128
0.24193961918354034 -0.0940604880452156 1.172620415687561 128 128 128
0.5862267017364502 -0.10798977315425873 1.32452392578125 128 128 128
0.6866489052772522 -0.10844322293996811 1.3255661725997925 128 128 128
0.024376461282372475 -0.084666408598423 1.1619058847427368 128 128 128
0.0892743170261383 -0.08178643137216568 1.1232603788375854 128 128 128
0.3564118444919586 -0.09071432799100876 1.2642226219177246 128 128 128
0.4287259876728058 -0.09073534607887268 1.2547709941864014 128 128 128
0.444225013256073 -0.08978103846311569 1.238904595375061 128 128 128
0.8192790746688843 -0.10381358861923218 1.3995651006698608 128 128 128
-0.15586936473846436 -0.07287642359733582 1.1275694370269775 128 128 128
0.15344120562076569 -0.07550818473100662 1.1804325580596924 128 128 128
0.17041289806365967 -0.07469601929187775 1.1648941040039062 128 128 128
0.19327127933502197 -0.07134866714477539 1.1216485500335693 128 128 128
0.22021310031414032 -0.07379788905382156 1.1626980304718018 128 128 128
0.5842875242233276 -0.0884719043970108 1.372314691543579 128 128 128
0.587782084941864 -0.08592773228883743 1.3277605772018433 128 128 128
0.024089746177196503 -0.0659743994474411 1.1694025993347168 128 128 128
0.08889544010162354 -0.06320346146821976 1.1237820386886597 128 128 128
0.11022534966468811 -0.06455609202384949 1.1499454975128174 128 128 128
0.34817132353782654 -0.0679032951593399 1.2326695919036865 128 128 128
0.4116581678390503 -0.06696656346321106 1.2037962675094604 128 128 128
0.419648140668869 -0.06500174105167389 1.1708625555038452 128 128 128
-0.2262955904006958 -0.052535224705934525 1.1024978160858154 128 128 128
-0.12315201759338379 -0.0525331124663353 1.0852898359298706 128 128 128
0.1533978432416916 -0.05610968545079231 1.1843005418777466 128 128 128
0.21782924234867096 -0.053814273327589035 1.151574730873108 128 128 128
0.4852150082588196 -0.06006797403097153 1.2634106874465942 128 128 128
0.5205694437026978 -0.06150475889444351 1.3000664710998535 128 128 128
0.5987958312034607 -0.06288816034793854 1.3022589683532715 128 128 128
-0.31118473410606384 -0.043190982192754745 1.0749226808547974 128 128 128
0.6596503257751465 -0.05556299537420273 1.4101978540420532 128 128 128
0.6567814946174622 -0.053922105580568314 1.3546910285949707 128 128 128
0.73167484998703 -0.056093066930770874 1.3883366584777832 128 128 128
0.744304895401001 -0.05511219799518585 1.3691750764846802 128 128 128
-0.12265709787607193 -0.033692799508571625 1.083008885383606 128 128 128
-0.10598354041576385 -0.0344897098839283 1.0954703092575073 128 128 128
0.11171749979257584 -0.03556280583143234 1.1618086099624634 128 128 128
0.1314828097820282 -0.03566654771566391 1.165621280670166 128 128 128
0.15008528530597687 -0.03510124236345291 1.1559616327285767 128 128 128
0.431838721036911 -0.03998822346329689 1.3301236629486084 128 128 128
0.44784286618232727 -0.03948153555393219 1.311732530593872 128 128 128
0.5026987791061401 -0.03860445320606232 1.2540981769561768 128 128 128
0.8778707981109619 -0.04777783900499344 1.4776161909103394 128 128 128
0.9489479064941406 -0.04636253044009209 1.4545098543167114 128 128 128
-0.2746489942073822 -0.024061519652605057 1.039087176322937 128 128 128
-0.033642176538705826 -0.025822333991527557 1.1348671913146973 128 128 128
0.2601954936981201 -0.024968711659312248 1.166036605834961 128 128 128
0.2903488576412201 -0.025946710258722305 1.2124125957489014 128 128 128
0.35278820991516113 -0.025427155196666718 1.1779429912567139 128 128 128
0.6201355457305908 -0.03097064234316349 1.3484985828399658 128 128 128
-0.2628597915172577 -0.015996741130948067 1.0993366241455078 128 128 128
0.04453619197010994 -0.017133967950940132 1.1988658905029297 128 128 128
0.08382262289524078 -0.016778692603111267 1.186679720878601 128 128 128
0.10403657704591751 -0.016894379630684853 1.1928939819335938 128 128 128
0.12865717709064484 -0.015585057437419891 1.139313817024231 128 128 128
0.3597649037837982 -0.016604363918304443 1.2752916812896729 128 128 128
0.8111536502838135 -0.021795064210891724 1.4255685806274414 128 128 128
-0.3092969059944153 -0.007305102422833443 1.0675195455551147 128 128 128
-0.0634661316871643 -0.007559968624264002 1.1472928524017334 128 128 128
0.004308806266635656 -0.006545138079673052 1.1264384984970093 128 128 128
0.26469680666923523 -0.005514660384505987 1.188030481338501 128 128 128
0.3486108183860779 -0.005495020188391209 1.164967656135559 128 128 128
0.4965646266937256 -0.0071518924087285995 1.3521571159362793 128 128 128
0.5042529702186584 -0.007343668024986982 1.311837077140808 128 128 128
0.5144745111465454 -0.006741687655448914 1.2846159934997559 128 128 128
0.5675491094589233 -0.007861990481615067 1.331085205078125 128 128 128
0.5860368609428406 -0.008081676438450813 1.322069764137268 128 128 128
-0.2795945703983307 0.0020504756830632687 1.0917229652404785 128 128 128
0.06430892646312714 0.00354280904866755 1.1833539009094238 128 128 128
0.3530994951725006 0.004755703266710043 1.2522634267807007 128 128 128
-0.08385097980499268 0.01245475746691227 1.1686416864395142 128 128 128
-0.014745370484888554 0.012104501016438007 1.1212389469146729 128 128 128
0.1576949805021286 0.014344780705869198 1.2117613554000854 128 128 128
0.2391343116760254 0.014090483076870441 1.159355640411377 128 128 128
0.4946412742137909 0.014969038777053356 1.2889174222946167 128 128 128
0.5980228781700134 0.014053615741431713 1.3003511428833008 128 128 128
0.023632127791643143 0.022442152723670006 1.1476479768753052 128 128 128
0.042196501046419144 0.021976331248879433 1.1503077745437622 128 128 128
0.12603384256362915 0.022323446348309517 1.1157947778701782 128 128 128
0.32599857449531555 0.025256777182221413 1.228270173072815 128 128 128
0.37378990650177 0.02544775791466236 1.2475582361221313 128 128 128
-0.13819047808647156 0.030728258192539215 1.130713939666748 128 128 128
0.15348172187805176 0.0337575301527977 1.1808998584747314 128 128 128
0.1707521677017212 0.033254001289606094 1.167213797569275 128 128 128
0.24163813889026642 0.03393036499619484 1.1754542589187622 128 128 128
0.26005005836486816 0.033785976469516754 1.1670469045639038 128 128 128
0.5015778541564941 0.0369962640106678 1.3062306642532349 128 128 128
0.5172123908996582 0.035996951162815094 1.2888158559799194 128 128 128
-0.30974525213241577 0.038798585534095764 1.1004407405853271 128 128 128
-0.2961329519748688 0.03897546976804733 1.117730975151062 128 128 128
-0.04549088329076767 0.0426633358001709 1.1862365007400513 128 128 128
-0.0064366525039076805 0.042924780398607254 1.2042986154556274 128 128 128
0.02340630441904068 0.041427526623010635 1.1387059688568115 128 128 128
-0.11882486194372177 0.04963195323944092 1.126292109489441 128 128 128
0.1730531007051468 0.05360470339655876 1.179088830947876 128 128 128
0.4425569772720337 0.05886993929743767 1.2952120304107666 128 128 128
0.4563409984111786 0.057951655238866806 1.2738231420516968 128 128 128
0.546886146068573 0.05628231540322304 1.2582032680511475 128 128 128
-0.34344443678855896 0.05660372972488403 1.0899330377578735 128 128 128
-0.29229703545570374 0.056974995881319046 1.1028939485549927 128 128 128
0.02294381894171238 0.05991671234369278 1.1293003559112549 128 128 128
0.04173636808991432 0.06029454618692398 1.1432604789733887 128 128 128
0.596027135848999 0.06829485297203064 1.2950623035430908 128 128 128
0.08353330940008163 0.0729624330997467 1.1819149255752563 128 128 128
0.10368471592664719 0.07327737659215927 1.185294508934021 128 128 128
0.16867786645889282 0.07156997174024582 1.1493289470672607 128 128 128
0.3010709881782532 0.07849091291427612 1.2545921802520752 128 128 128
0.44499000906944275 0.07716803252696991 1.2410463094711304 128 128 128
0.5001135468482971 0.07690291851758957 1.2465590238571167 128 128 128
-0.3287222385406494 0.07518450915813446 1.1006191968917847 128 128 128
-0.06311100721359253 0.07937224209308624 1.141956090927124 128 128 128
0.022543890401721 0.07964875549077988 1.1467986106872559 128 128 128
0.21908679604530334 0.0860227644443512 1.2157831192016602 128 128 128
0.6141002178192139 0.089764304459095 1.2880477905273438 128 128 128
0.0816950798034668 0.09103329479694366 1.1610244512557983 128 128 128
0.3207392394542694 0.09900796413421631 1.2478108406066895 128 128 128
0.3544900417327881 0.09936284273862839 1.253664255142212 128 128 128
0.37357664108276367 0.09913001954555511 1.2495875358581543 128 128 128
0.4443466365337372 0.0975518450140953 1.237643837928772 128 128 128
-0.3258168399333954 0.09299544245004654 1.0909074544906616 128 128 128
-0.0814431682229042 0.09646191447973251 1.1233104467391968 128 128 128
-0.06319120526313782 0.09733227640390396 1.1328577995300293 128 128 128
0.04159770905971527 0.09828679263591766 1.13568115234375 128 128 128
0.2143554985523224 0.10423041135072708 1.190899133682251 128 128 128
0.45433953404426575 0.11033438891172409 1.265228271484375 128 128 128
0.5142338275909424 0.1112399697303772 1.2810267210006714 128 128 128
0.0820242166519165 0.11077959835529327 1.1615592241287231 128 128 128
0.29682454466819763 0.11897727102041245 1.2374165058135986 128 128 128
0.37284860014915466 0.11990348994731903 1.2472953796386719 128 128 128
0.14215528964996338 0.12237285077571869 1.1773922443389893 128 128 128
0.17368659377098083 0.12369934469461441 1.1876795291900635 128 128 128
0.44621339440345764 0.12981335818767548 1.245027780532837 128 128 128
0.4658900499343872 0.12902335822582245 1.2401697635650635 128 128 128
0.5467948913574219 0.1305132955312729 1.2582210302352905 128 128 128
0.06088545545935631 0.12812715768814087 1.1465152502059937 128 128 128
0.31282752752304077 0.13791681826114655 1.220796823501587 128 128 128
0.3787069320678711 0.13543355464935303 1.1994338035583496 128 128 128
0.6881168484687805 0.14739355444908142 1.3252205848693848 128 128 128
-0.025590717792510986 0.1360330730676651 1.1369327306747437 128 128 128
0.16857118904590607 0.13955485820770264 1.154123067855835 128 128 128
0.46882495284080505 0.15073533356189728 1.247646450996399 128 128 128
-0.025731099769473076 0.15063658356666565 1.172499418258667 128 128 128
-0.00624394416809082 0.1512642353773117 1.1774969100952148 128 128 128
0.04133211076259613 0.14634574949741364 1.139055848121643 128 128 128
0.060381930321455 0.14604924619197845 1.1353354454040527 128 128 128
0.08077805489301682 0.1481328308582306 1.1494134664535522 128 128 128
0.23351667821407318 0.1533760279417038 1.182910680770874 128 128 128
0.28523388504981995 0.15446215867996216 1.1905781030654907 128 128 128
0.30222439765930176 0.17418928444385529 1.2610219717025757 128 128 128
0.32311469316482544 0.1736946702003479 1.2574938535690308 128 128 128
0.38093218207359314 0.16651664674282074 1.2059557437896729 128 128 128
0.012876513414084911 0.1666308343410492 1.1472426652908325 128 128 128
0.06035779416561127 0.1645854115486145 1.130583643913269 128 128 128
0.23701883852481842 0.17594069242477417 1.2014282941818237 128 128 128
0.03388524800539017 0.1861879527568817 1.2110167741775513 128 128 128
0.31752654910087585 0.19145293533802032 1.235804796218872 128 128 128
0.3714342713356018 0.19216269254684448 1.240950345993042 128 128 128
0.06890340894460678 -0.11687415093183517 0.30792659521102905 128 128 128
0.05871817469596863 -0.10896886885166168 0.30976447463035583 128 128 128
0.09716196358203888 -0.10182885080575943 0.3002150356769562 128 128 128
-0.08819244056940079 -0.08597806841135025 0.26085364818573 128 128 128
0.09588921070098877 -0.0924026295542717 0.2971712350845337 128 128 128
0.016862967982888222 -0.09630829095840454 0.32059788703918457 128 128 128
0.025276901200413704 -0.0971839427947998 0.32475754618644714 128 128 128
0.09676394611597061 -0.08266938477754593 0.3013632297515869 128 128 128
0.013676056638360023 -0.08150824904441833 0.3407285213470459 128 128 128
0.09842686355113983 -0.06964991986751556 0.3179951608181 128 128 128
0.10843458026647568 -0.06446965783834457 0.3087870478630066 128 128 128
0.06761685758829117 -0.05625095218420029 0.3301410675048828 128 128 128
0.0007567732827737927 -0.05849225074052811 0.37002500891685486 128 128 128
0.012666908092796803 -0.05604638531804085 0.3610285222530365 128 128 128
0.02434219792485237 -0.05432138964533806 0.35581091046333313 128 128 128
0.11865565180778503 -0.037960559129714966 0.32022443413734436 128 128 128
0.13862945139408112 -0.036806728690862656 0.3162977993488312 128 128 128
-0.029082106426358223 -0.0571003295481205 0.40731707215309143 128 128 128
-0.0026524493005126715 -0.05340541899204254 0.39672479033470154 128 128 128
0.08902141451835632 -0.0326077938079834 0.33266541361808777 128 128 128
-0.06866753101348877 -0.05156831070780754 0.4220224916934967 128 128 128
-0.10043670982122421 -0.03667778521776199 0.3857278525829315 128 128 128
-0.01570795848965645 -0.032400816679000854 0.4010929763317108 128 128 128
0.03308452293276787 -0.0223911851644516 0.36998701095581055 128 128 128
0.15518593788146973 -0.005558475852012634 0.3161916434764862 128 128 128
-0.002911944407969713 -0.017432555556297302 0.3846357762813568 128 128 128
0.04658352583646774 -0.011779806576669216 0.35834601521492004 128 128 128
0.2025594860315323 -0.00044887588592246175 0.31132790446281433 128 128 128
0.09828907996416092 -0.004311406519263983 0.3415669798851013 128 128 128
0.1286872923374176 0.000860599975567311 0.331770122051239 128 128 128
0.05528944730758667 0.0006793549982830882 0.3600612282752991 128 128 128
-0.031179584562778473 -0.0007927222759462893 0.40755364298820496 128 128 128
-0.006149968598037958 0.0011978782713413239 0.4027787744998932 128 128 128
0.07693252712488174 0.014020094648003578 0.35204246640205383 128 128 128
0.11705034226179123 0.01703675463795662 0.34127455949783325 128 128 128
-0.017768608406186104 0.023063842207193375 0.40020933747291565 128 128 128
0.07678664475679398 0.04456637427210808 0.36934763193130493 128 128 128
0.0652979239821434 0.05283366143703461 0.37235286831855774 128 128 128
0.04500770568847656 -0.14340579509735107 0.2680497467517853 128 128 128
0.0631752610206604 -0.11496204137802124 0.2690284848213196 128 128 128
0.046957921236753464 -0.10672933608293533 0.2788401246070862 128 128 128
0.06516210734844208 -0.08430620282888412 0.25965097546577454 128 128 128
0.046641767024993896 -0.08525008708238602 0.2705264687538147 128 128 128
0.12231966108083725 -0.0698384940624237 0.2625589370727539 128 128 128
0.11433079093694687 -0.0683966726064682 0.26482486724853516 128 128 128
0.07569492608308792 -0.06629704684019089 0.2600128948688507 128 128 128
0.028259072452783585 -0.06451384723186493 0.2631382346153259 128 128 128
0.06534910202026367 -0.055958908051252365 0.25331610441207886 128 128 128
0.08668052405118942 -0.030269918963313103 0.2531699538230896 128 128 128
0.07829859107732773 -0.009952141903340816 0.2523408830165863 128 128 128
0.20151975750923157 -0.00028944204677827656 0.29565224051475525 128 128 128
0.08819291740655899 -0.0026338277384638786 0.2561809718608856 128 128 128
0.09727691113948822 -0.0023356585297733545 0.2631818652153015 128 128 128
0.20291142165660858 0.007757889572530985 0.29442518949508667 128 128 128
0.1099575012922287 0.005545446649193764 0.26732543110847473 128 128 128
0.09058094024658203 0.006715110037475824 0.25729480385780334 128 128 128
0.13591434061527252 0.016696447506546974 0.2847979962825775 128 128 128
0.005216512363404036 0.004482357297092676 0.08114060759544373 128 128 128
0.10452062636613846 0.026770703494548798 0.27295228838920593 128 128 128
0.0596037395298481 0.02604183554649353 0.24069906771183014 128 128 128
0.08869954198598862 -0.1858247071504593 0.4667168855667114 128 128 128
0.08931957930326462 -0.17472496628761292 0.4695955216884613 128 128 128
0.12382297962903976 -0.16089877486228943 0.46584004163742065 128 128 128
0.13682684302330017 -0.162537083029747 0.4703123867511749 128 128 128
0.21745610237121582 -0.16008764505386353 0.4653964340686798 128 128 128
0.2710551619529724 -0.1613541692495346 0.4702744781970978 128 128 128
-0.1436244547367096 -0.13799111545085907 0.41398176550865173 128 128 128
0.04115050658583641 -0.1485947072505951 0.46116936206817627 128 128 128
0.053489286452531815 -0.15049967169761658 0.4674372971057892 128 128 128
0.08941784501075745 -0.15099433064460754 0.47048163414001465 128 128 128
0.11249833554029465 -0.1498318761587143 0.4678511321544647 128 128 128
0.13602125644683838 -0.1496516317129135 0.46772974729537964 128 128 128
0.20588773488998413 -0.1510578691959381 0.47486433386802673 128 128 128
-0.1463189274072647 -0.12990669906139374 0.4214845597743988 128 128 128
0.1251603066921234 -0.13872472941875458 0.47143933176994324 128 128 128
0.13645899295806885 -0.13794605433940887 0.4694509506225586 128 128 128
0.25103384256362915 -0.1369384080171585 0.4700045883655548 128 128 128
0.029555050656199455 -0.12534311413764954 0.4631471037864685 128 128 128
0.04149659350514412 -0.125859797000885 0.4662594795227051 128 128 128
0.14610342681407928 -0.12411946803331375 0.462894469499588 128 128 128
-0.012325078248977661 -0.10582558810710907 0.4291045069694519 128 128 128
0.017832450568675995 -0.11414331197738647 0.46436983346939087 128 128 128
0.053686659783124924 -0.11540703475475311 0.47121661901474 128 128 128
0.11347514390945435 -0.1154174879193306 0.473102867603302 128 128 128
0.16072940826416016 -0.11459850519895554 0.4719409644603729 128 128 128
-0.02820344641804695 -0.09985332936048508 0.4507993161678314 128 128 128
0.006077797617763281 -0.10460589081048965 0.47590208053588867 128 128 128
0.05433797836303711 -0.10474202781915665 0.47844642400741577 128 128 128
0.06611747294664383 -0.10436441004276276 0.47627609968185425 128 128 128
0.17237089574337006 -0.10244830697774887 0.4716022312641144 128 128 128
-0.07210569828748703 -0.0972699448466301 0.49266183376312256 128 128 128
-0.0293924231082201 -0.09133720397949219 0.4663717448711395 128 128 128
0.1122981607913971 -0.09037133306264877 0.46942174434661865 128 128 128
0.12456423789262772 -0.09068498015403748 0.4710264801979065 128 128 128
0.23913758993148804 -0.08958312124013901 0.47082284092903137 128 128 128
-0.018426649272441864 -0.08294548094272614 0.48579370975494385 128 128 128
0.053596705198287964 -0.08008414506912231 0.47393110394477844 128 128 128
0.137228861451149 -0.07933789491653442 0.47416621446609497 128 128 128
0.1590237021446228 -0.07771072536706924 0.4682232439517975 128 128 128
-0.15081267058849335 -0.07476769387722015 0.4565405547618866 128 128 128
-0.03896571323275566 -0.0719866156578064 0.4415850043296814 128 128 128
0.01776856556534767 -0.06884501874446869 0.47536030411720276 128 128 128
0.03335902467370033 -0.0678919181227684 0.47205156087875366 128 128 128
0.11562477052211761 -0.0663226917386055 0.4682270586490631 128 128 128
-0.15212857723236084 -0.06369391828775406 0.46158039569854736 128 128 128
-0.12323878705501556 -0.061086785048246384 0.44250380992889404 128 128 128
-0.1082523912191391 -0.0591130368411541 0.4268881678581238 128 128 128
-0.08863154798746109 -0.051652319729328156 0.4535829424858093 128 128 128
0.005889606662094593 -0.04704028740525246 0.49543240666389465 128 128 128
0.018002569675445557 -0.04607595503330231 0.4874495267868042 128 128 128
0.030125107616186142 -0.0457276850938797 0.4847731590270996 128 128 128
0.08115863800048828 -0.04382222890853882 0.47520750761032104 128 128 128
0.1277012825012207 -0.043117448687553406 0.4698539078235626 128 128 128
0.20886392891407013 -0.04323219135403633 0.4845433235168457 128 128 128
-0.053900860249996185 -0.04239414259791374 0.47889313101768494 128 128 128
-0.019252926111221313 -0.0354689285159111 0.5026856660842896 128 128 128
0.018232561647892 -0.03436031937599182 0.492742657661438 128 128 128
0.04519740119576454 -0.03250277787446976 0.4742775559425354 128 128 128
0.06932595372200012 -0.0323786623775959 0.47588422894477844 128 128 128
0.11646350473165512 -0.03277016058564186 0.48943623900413513 128 128 128
0.20966576039791107 -0.022891491651535034 0.4870566129684448 128 128 128
0.07011019438505173 -0.0207851342856884 0.48147204518318176 128 128 128
0.11451610177755356 -0.019979432225227356 0.4821098744869232 128 128 128
0.009827740490436554 -0.017704160884022713 0.4818759858608246 128 128 128
0.12819401919841766 -0.011767302639782429 0.4885696768760681 128 128 128
0.14062637090682983 -0.011929373256862164 0.48851296305656433 128 128 128
0.15317751467227936 -0.011475586332380772 0.48981571197509766 128 128 128
0.18793964385986328 -0.010913989506661892 0.4840291142463684 128 128 128
0.1985054910182953 -0.010933257639408112 0.4900699853897095 128 128 128
0.23289786279201508 -0.010606968775391579 0.48442840576171875 128 128 128
-0.05634615942835808 -0.0066278232261538506 0.5029789209365845 128 128 128
-0.030881308019161224 -0.006506613455712795 0.49806976318359375 128 128 128
0.1530836820602417 0.000751094485167414 0.48981061577796936 128 128 128
0.1633886992931366 0.0007079034694470465 0.48355793952941895 128 128 128
0.17388083040714264 0.0008205096237361431 0.47890231013298035 128 128 128
0.1413237303495407 0.012744774110615253 0.49180254340171814 128 128 128
0.04660584777593613 0.015235322527587414 0.4891170859336853 128 128 128
0.05858399346470833 0.01522806566208601 0.48627936840057373 128 128 128
0.11814451962709427 0.01612057164311409 0.4811718165874481 128 128 128
0.15371868014335632 0.025166839361190796 0.49204593896865845 128 128 128
0.04785258322954178 0.02813764289021492 0.5017196536064148 128 128 128
0.12913888692855835 0.03735027462244034 0.49316948652267456 128 128 128
0.18764610588550568 0.03756800666451454 0.48432332277297974 128 128 128
0.04656817018985748 0.03956681117415428 0.4879671633243561 128 128 128
-0.0018196558812633157 0.04286772012710571 0.48723745346069336 128 128 128
0.1659088432788849 0.04870617389678955 0.4798993468284607 128 128 128
0.010386871173977852 0.05454263463616371 0.48215603828430176 128 128 128
0.14200863242149353 0.062115706503391266 0.4945773184299469 128 128 128
0.010403282940387726 0.06739941984415054 0.4869740307331085 128 128 128
