ply
format ascii 1.0
element vertex 2529
property float x
property float y
property float z
property uchar red
property uchar green
property uchar blue
end_header
0.7543802261352539 -1.4852240085601807 5.018496513366699 128 128 128
0.7806701064109802 -1.4599205255508423 4.937745571136475 128 128 128
0.7928853034973145 -1.4119168519973755 4.778940200805664 128 128 128
1.8102076053619385 -1.6162045001983643 5.384326457977295 128 128 128
0.29006117582321167 -1.7945175170898438 6.1040143966674805 128 128 128
0.7124066948890686 -1.43728768825531 4.989584445953369 128 128 128
0.7294327020645142 -1.3929983377456665 4.840521335601807 128 128 128
0.7583223581314087 -1.3749830722808838 4.78218936920166 128 128 128
0.8013468980789185 -1.3218591213226318 4.606445789337158 128 128 128
0.8101975321769714 -1.277372121810913 4.451946258544922 128 128 128
0.8356478214263916 -1.2650525569915771 4.413508892059326 128 128 128
0.20265072584152222 -1.8545105457305908 6.460212230682373 128 128 128
0.2533888518810272 -1.8433449268341064 6.4363627433776855 128 128 128
0.2911452054977417 -1.7461761236190796 6.103739261627197 128 128 128
0.3199380040168762 -1.6378810405731201 5.736510276794434 128 128 128
0.357880175113678 -1.594620704650879 5.5929155349731445 128 128 128
0.3855660557746887 -1.5222313404083252 5.3483686447143555 128 128 128
0.5989714860916138 -1.4074734449386597 5.002366065979004 128 128 128
0.6170487999916077 -1.3574378490447998 4.831323146820068 128 128 128
0.6940896511077881 -1.285933256149292 4.600948333740234 128 128 128
0.8323642611503601 -1.2220251560211182 4.391631603240967 128 128 128
0.8280633091926575 -1.1681393384933472 4.199478626251221 128 128 128
0.2426804006099701 -1.7140103578567505 6.1565842628479 128 128 128
0.28628021478652954 -1.6563009023666382 5.947702407836914 128 128 128
0.3221791386604309 -1.5924431085586548 5.730324745178223 128 128 128
0.5628359913825989 -1.485336184501648 5.419057369232178 128 128 128
0.5670295357704163 -1.3873120546340942 5.070792198181152 128 128 128
0.6012338995933533 -1.3700411319732666 5.014657974243164 128 128 128
0.6279953718185425 -1.341591477394104 4.922083377838135 128 128 128
0.6497527360916138 -1.3050225973129272 4.795512676239014 128 128 128
0.6813707947731018 -1.2896844148635864 4.742640495300293 128 128 128
0.6905229091644287 -1.2366312742233276 4.552218914031982 128 128 128
0.703976571559906 -1.198354959487915 4.419366359710693 128 128 128
0.7229146361351013 -1.1731541156768799 4.334275722503662 128 128 128
0.7398604154586792 -1.1468420028686523 4.242705821990967 128 128 128
0.7685684561729431 -1.1396127939224243 4.218772888183594 128 128 128
0.7874176502227783 -1.1186236143112183 4.141872406005859 128 128 128
1.2873505353927612 -1.3808557987213135 5.088397026062012 128 128 128
1.362099289894104 -1.4201349020004272 5.225604057312012 128 128 128
1.716439962387085 -1.7366465330123901 6.379033088684082 128 128 128
2.718888521194458 -2.269845962524414 8.261909484863281 128 128 128
0.154668390750885 -1.810462236404419 6.665381908416748 128 128 128
0.19962859153747559 -1.7148849964141846 6.320711135864258 128 128 128
0.24158361554145813 -1.6498569250106812 6.096375465393066 128 128 128
0.568810224533081 -1.3443723917007446 5.0550689697265625 128 128 128
0.6236627101898193 -1.2869335412979126 4.858517169952393 128 128 128
0.6342450976371765 -1.232046365737915 4.663200378417969 128 128 128
0.64841628074646 -1.1897393465042114 4.5135817527771 128 128 128
0.6710237264633179 -1.1635169982910156 4.415952682495117 128 128 128
0.698674738407135 -1.0948703289031982 4.165966033935547 128 128 128
0.7192499041557312 -1.076198935508728 4.100446701049805 128 128 128
1.6069616079330444 -1.671268343925476 6.354512691497803 128 128 128
1.725851058959961 -1.7413082122802734 6.609367370605469 128 128 128
1.7673373222351074 -1.7321680784225464 6.563126564025879 128 128 128
2.0388412475585938 -1.7814699411392212 6.710567474365234 128 128 128
2.1917049884796143 -1.8696774244308472 7.029072284698486 128 128 128
0.48102059960365295 -1.414249300956726 5.458207130432129 128 128 128
0.5108547210693359 -1.371861219406128 5.302703857421875 128 128 128
0.5353341102600098 -1.3234970569610596 5.125006675720215 128 128 128
0.560878336429596 -1.2836816310882568 4.977532863616943 128 128 128
0.5787122249603271 -1.2341872453689575 4.795286178588867 128 128 128
0.644051730632782 -1.0793365240097046 4.224558353424072 128 128 128
1.3260294198989868 -1.4165408611297607 5.577009201049805 128 128 128
1.396517276763916 -1.4464261531829834 5.687926769256592 128 128 128
1.4494714736938477 -1.4580345153808594 5.7255353927612305 128 128 128
4.247206687927246 -3.4031484127044678 13.20808219909668 128 128 128
4.396390914916992 -3.43277907371521 13.313405990600586 128 128 128
0.5267946124076843 -1.3687574863433838 5.458059787750244 128 128 128
0.5302488207817078 -1.2702261209487915 5.080437183380127 128 128 128
0.5560541749000549 -1.232210636138916 4.933536052703857 128 128 128
0.5679810643196106 -1.1735832691192627 4.712116241455078 128 128 128
0.5866361260414124 -1.1328023672103882 4.55289888381958 128 128 128
0.6004960536956787 -1.089270830154419 4.385350227355957 128 128 128
1.1735892295837402 -1.2129169702529907 4.940094470977783 128 128 128
1.3271080255508423 -1.3270695209503174 5.395290851593018 128 128 128
1.4182522296905518 -1.3761740922927856 5.586104869842529 128 128 128
1.961817979812622 -1.6472585201263428 6.628983497619629 128 128 128
3.435575246810913 -2.730179786682129 10.963098526000977 128 128 128
3.4167113304138184 -2.433678388595581 9.784982681274414 128 128 128
0.4324282705783844 -1.4662528038024902 6.002436637878418 128 128 128
0.5206931233406067 -1.3096129894256592 5.39658260345459 128 128 128
0.556147575378418 -1.1901426315307617 4.9181671142578125 128 128 128
1.060497522354126 -1.2603538036346436 5.32185697555542 128 128 128
1.1504026651382446 -1.1819944381713867 4.985520839691162 128 128 128
1.1751424074172974 -1.169385313987732 4.92786979675293 128 128 128
2.72853422164917 -2.205634355545044 9.190099716186523 128 128 128
3.1346263885498047 -2.210205316543579 9.197498321533203 128 128 128
0.4255426824092865 -1.3967312574386597 5.912052631378174 128 128 128
0.45937666296958923 -1.350544810295105 5.728861331939697 128 128 128
0.4790961444377899 -1.273762822151184 5.410506248474121 128 128 128
0.6452227830886841 -1.031081199645996 4.457524299621582 128 128 128
0.975154459476471 -1.1617625951766968 5.074213981628418 128 128 128
0.9118274450302124 -1.0429894924163818 4.55977725982666 128 128 128
0.94028639793396 -1.0351470708847046 4.529777526855469 128 128 128
1.0006749629974365 -1.0607818365097046 4.640313148498535 128 128 128
1.1129570007324219 -1.1036465167999268 4.8284912109375 128 128 128
3.0136375427246094 -2.1033148765563965 9.06752872467041 128 128 128
5.369946002960205 -3.4523606300354004 14.951092720031738 128 128 128
0.40144485235214233 -1.4409598112106323 6.294939041137695 128 128 128
0.43323951959609985 -1.3733826875686646 6.010951995849609 128 128 128
0.4691224694252014 -1.329699993133545 5.8259782791137695 128 128 128
0.5135827660560608 -1.1071646213531494 4.884772300720215 128 128 128
0.6396809220314026 -1.0454962253570557 4.670202732086182 128 128 128
0.6684024930000305 -1.0288405418395996 4.602473735809326 128 128 128
0.9412672519683838 -1.1789194345474243 5.3241143226623535 128 128 128
0.8371917009353638 -1.0018978118896484 4.530905723571777 128 128 128
0.8525985479354858 -0.9766668081283569 4.419959545135498 128 128 128
0.937781035900116 -0.9571897387504578 4.347580432891846 128 128 128
0.9598068594932556 -0.9463438987731934 4.299241542816162 128 128 128
2.251636028289795 -1.7855908870697021 8.020800590515137 128 128 128
4.2035393714904785 -2.737476110458374 12.28799057006836 128 128 128
0.3654263913631439 -1.4587512016296387 6.582150459289551 128 128 128
0.3843386173248291 -1.3338638544082642 6.037302494049072 128 128 128
0.42039725184440613 -1.287950873374939 5.840647220611572 128 128 128
0.45877549052238464 -1.2580980062484741 5.718351364135742 128 128 128
0.6333692669868469 -0.9395450949668884 4.363367080688477 128 128 128
0.9002563953399658 -0.9527007341384888 4.490984916687012 128 128 128
0.919988751411438 -0.9022197723388672 4.259038925170898 128 128 128
0.8820181488990784 -0.8343351483345032 3.936279535293579 128 128 128
1.9199870824813843 -1.5072931051254272 7.045641899108887 128 128 128
1.9484516382217407 -1.4889875650405884 6.944025993347168 128 128 128
7.246947288513184 -5.075039863586426 23.604978561401367 128 128 128
0.3560065031051636 -1.375781774520874 6.444076061248779 128 128 128
0.39756882190704346 -1.330299735069275 6.235459804534912 128 128 128
0.5609204769134521 -1.0423412322998047 4.969972133636475 128 128 128
0.5743056535720825 -0.992460310459137 4.744339942932129 128 128 128
0.5815622210502625 -0.9388294816017151 4.497574806213379 128 128 128
0.8307361602783203 -1.060773253440857 5.131191253662109 128 128 128
0.8931983709335327 -1.0841044187545776 5.259969234466553 128 128 128
0.8182490468025208 -0.9468871355056763 4.612748146057129 128 128 128
0.7979108691215515 -0.8813140988349915 4.297308921813965 128 128 128
0.7799951434135437 -0.8248336911201477 4.031408786773682 128 128 128
0.8190206289291382 -0.7994827032089233 3.9238016605377197 128 128 128
0.8296953439712524 -0.7806017398834229 3.83575177192688 128 128 128
1.4934746026992798 -1.1926004886627197 5.82509183883667 128 128 128
1.938004732131958 -1.5040122270584106 7.329528331756592 128 128 128
2.347320556640625 -1.770101547241211 8.606962203979492 128 128 128
2.3087377548217773 -1.6870276927947998 8.19454288482666 128 128 128
6.023809432983398 -4.267982482910156 20.721744537353516 128 128 128
10.277626037597656 -7.065428256988525 34.30671691894531 128 128 128
18.826553344726562 -12.586132049560547 61.089935302734375 128 128 128
0.056677401065826416 -2.2355103492736816 10.714064598083496 128 128 128
0.21696165204048157 -2.053007125854492 9.88170337677002 128 128 128
0.2871527075767517 -1.9761158227920532 9.550169944763184 128 128 128
0.320501446723938 -1.4100329875946045 6.836877346038818 128 128 128
0.6770399212837219 -1.4264229536056519 7.035168647766113 128 128 128
0.9396889805793762 -1.3695143461227417 6.849057197570801 128 128 128
0.847064197063446 -1.039228916168213 5.23132848739624 128 128 128
0.7975117564201355 -0.8448488712310791 4.285730361938477 128 128 128
0.7908803820610046 -0.7691299319267273 3.9236645698547363 128 128 128
1.264345407485962 -0.9678712487220764 4.927865028381348 128 128 128
1.435508370399475 -1.06731379032135 5.421298027038574 128 128 128
6.722453594207764 -4.5669732093811035 23.105724334716797 128 128 128
3.6454052925109863 -2.2584893703460693 11.472464561462402 128 128 128
0.36236923933029175 -1.305349349975586 6.60355281829834 128 128 128
0.6170984506607056 -1.6995116472244263 8.644400596618652 128 128 128
0.6603443622589111 -1.6257888078689575 8.297094345092773 128 128 128
0.5973629355430603 -0.9551342129707336 4.946771621704102 128 128 128
0.6113079786300659 -0.9122931957244873 4.728128910064697 128 128 128
0.8861722350120544 -1.240334391593933 6.454920291900635 128 128 128
0.8725060820579529 -1.1489225625991821 5.987152099609375 128 128 128
0.8226771950721741 -1.0227526426315308 5.347201824188232 128 128 128
2.6056807041168213 -1.8461965322494507 9.798742294311523 128 128 128
3.2790963649749756 -2.259335994720459 11.963711738586426 128 128 128
2.70316219329834 -1.6001527309417725 8.499542236328125 128 128 128
8.099379539489746 -4.502731800079346 24.119993209838867 128 128 128
10.335772514343262 -5.437726020812988 29.287334442138672 128 128 128
3.3998610973358154 -1.750414252281189 9.414647102355957 128 128 128
0.6021276116371155 -1.8174874782562256 9.652997970581055 128 128 128
0.6286869645118713 -1.6684813499450684 8.859295845031738 128 128 128
0.8509853482246399 -1.1427171230316162 6.194376468658447 128 128 128
0.9187111258506775 -1.1603939533233643 6.316975116729736 128 128 128
0.9442012906074524 -1.1255296468734741 6.136302947998047 128 128 128
0.8854356408119202 -0.8601837158203125 4.762614727020264 128 128 128
2.558029890060425 -1.839779019355774 10.258706092834473 128 128 128
3.533836603164673 -2.395435094833374 13.292231559753418 128 128 128
5.762509822845459 -3.055262804031372 17.159038543701172 128 128 128
3.0265300273895264 -1.5196102857589722 8.578231811523438 128 128 128
0.539905309677124 -1.815063238143921 10.048378944396973 128 128 128
0.9301538467407227 -1.474395990371704 8.3056058883667 128 128 128
0.9061894416809082 -1.333676815032959 7.531081676483154 128 128 128
0.8249091506004333 -0.7001058459281921 4.080399990081787 128 128 128
0.7797409892082214 -0.634871780872345 3.7070133686065674 128 128 128
1.6077345609664917 -1.171731948852539 6.871700286865234 128 128 128
1.4781806468963623 -1.045029640197754 6.127723217010498 128 128 128
1.9460041522979736 -1.2937833070755005 7.5459160804748535 128 128 128
2.7531349658966064 -1.7741631269454956 10.328718185424805 128 128 128
5.891810894012451 -3.0400474071502686 17.983440399169922 128 128 128
6.252740859985352 -3.1476328372955322 18.61362648010254 128 128 128
2.792839288711548 -1.1946067810058594 7.225551605224609 128 128 128
3.351917028427124 -1.3724216222763062 8.313260078430176 128 128 128
0.5098674893379211 -1.9597090482711792 11.35079288482666 128 128 128
0.555351734161377 -1.7949934005737305 10.403474807739258 128 128 128
0.9630584716796875 -1.355414867401123 8.037598609924316 128 128 128
0.9447322487831116 -1.2411940097808838 7.356912612915039 128 128 128
0.7885249853134155 -0.6663199067115784 4.062089443206787 128 128 128
0.7418889999389648 -0.5998706221580505 3.66640567779541 128 128 128
0.6669874787330627 -0.5169545412063599 3.1704745292663574 128 128 128
1.4275476932525635 -1.0234404802322388 6.3013811111450195 128 128 128
1.1720232963562012 -0.8111253976821899 4.999242782592773 128 128 128
1.1455897092819214 -0.7677100896835327 4.7297163009643555 128 128 128
6.2011260986328125 -3.1207611560821533 19.4299373626709 128 128 128
0.49069663882255554 -1.8107362985610962 10.981648445129395 128 128 128
0.98345947265625 -1.3228119611740112 8.218574523925781 128 128 128
0.8909584283828735 -0.7511208653450012 4.792215347290039 128 128 128
0.8326508402824402 -0.670198917388916 4.285703182220459 128 128 128
1.7379828691482544 -1.280343770980835 8.256888389587402 128 128 128
1.0941088199615479 -0.7177776098251343 4.665093898773193 128 128 128
0.8894727826118469 -0.5655158758163452 3.6755611896514893 128 128 128
-11.676839828491211 6.709308624267578 -43.530330657958984 128 128 128
27.6339111328125 -15.40617561340332 99.90630340576172 128 128 128
4.487211227416992 -2.326997995376587 15.264354705810547 128 128 128
4.488284111022949 -2.266530752182007 14.850435256958008 128 128 128
4.329162120819092 -2.119460344314575 13.935409545898438 128 128 128
5.920190334320068 -2.5811634063720703 17.201398849487305 128 128 128
2.4800326824188232 -1.0507348775863647 7.0355353355407715 128 128 128
1.0070993900299072 -1.6458675861358643 10.694022178649902 128 128 128
0.9535090923309326 -1.4257385730743408 9.313143730163574 128 128 128
1.0295137166976929 -1.0153608322143555 6.763761043548584 128 128 128
1.0724819898605347 -0.9478201866149902 6.352248191833496 128 128 128
1.226582407951355 -0.8227802515029907 5.605269432067871 128 128 128
0.7742637991905212 -0.49846336245536804 3.414142370223999 128 128 128
0.7989975810050964 -0.49537691473960876 3.4043898582458496 128 128 128
-1.317873477935791 0.7374331951141357 -5.067852020263672 128 128 128
-1.6433907747268677 0.8900967240333557 -6.121885776519775 128 128 128
-6.158215522766113 3.21994948387146 -22.235427856445312 128 128 128
2.5481605529785156 -1.2892296314239502 8.929930686950684 128 128 128
4.7077317237854 -1.9830466508865356 14.033797264099121 128 128 128
2.670996904373169 -0.9139111638069153 6.643545150756836 128 128 128
0.9792035222053528 -1.6698099374771118 11.495672225952148 128 128 128
1.0658924579620361 -1.652836799621582 11.390522003173828 128 128 128
1.1720064878463745 -1.1603827476501465 8.172989845275879 128 128 128
1.0783759355545044 -1.008986473083496 7.1002278327941895 128 128 128
1.8395055532455444 -1.27266526222229 9.112491607666016 128 128 128
-5.238452434539795 2.750317096710205 -20.14434814453125 128 128 128
3.656233787536621 -1.490163803100586 11.1915922164917 128 128 128
0.99934983253479 -1.7916290760040283 13.092827796936035 128 128 128
1.18622887134552 -1.1828815937042236 8.805148124694824 128 128 128
1.1129837036132812 -1.0387864112854004 7.784631252288818 128 128 128
1.124755620956421 -0.9920400381088257 7.429878234863281 128 128 128
11.028348922729492 -7.162012100219727 54.78776931762695 128 128 128
-3.4262168407440186 1.7495877742767334 -13.646928787231445 128 128 128
77.88995361328125 -38.40198516845703 300.0333557128906 128 128 128
-4.948270797729492 2.351677894592285 -18.476207733154297 128 128 128
2.5620129108428955 -1.0345205068588257 8.28084659576416 128 128 128
1.2277958393096924 -1.3149007558822632 10.445448875427246 128 128 128
4.808679580688477 -3.1977617740631104 26.094018936157227 128 128 128
1.426796793937683 -0.7537566423416138 6.284525394439697 128 128 128
2.075946807861328 -0.8093178868293762 6.90541934967041 128 128 128
2.2488350868225098 -0.8506441712379456 7.277229309082031 128 128 128
2.1332054138183594 -0.6976158022880554 6.083776950836182 128 128 128
1.4219683408737183 -1.3285640478134155 11.32824420928955 128 128 128
1.315571665763855 -1.146885871887207 9.827264785766602 128 128 128
1.378207802772522 -0.9934837818145752 8.66796875 128 128 128
3.4717934131622314 -2.2596681118011475 19.763463973999023 128 128 128
2.072258472442627 -1.1040582656860352 9.871603965759277 128 128 128
1.8948752880096436 -0.9720976948738098 8.6823148727417 128 128 128
1.625389575958252 -0.6106345653533936 5.5643157958984375 128 128 128
1.9197406768798828 -0.6003547310829163 5.614564895629883 128 128 128
2.0618762969970703 -0.5616357326507568 5.377511978149414 128 128 128
2.2688755989074707 -0.6032449007034302 5.790399551391602 128 128 128
1.9278982877731323 -1.3564531803131104 12.80864143371582 128 128 128
1.7589470148086548 -1.1717820167541504 11.072938919067383 128 128 128
3.9796602725982666 -2.040900945663452 19.73859977722168 128 128 128
2.2162628173828125 -1.0875872373580933 10.539690017700195 128 128 128
1.6969019174575806 -0.7994064092636108 7.750523567199707 128 128 128
1.1303969621658325 -0.43659406900405884 4.215858459472656 128 128 128
1.277553915977478 -0.47591811418533325 4.635341644287109 128 128 128
1.5686804056167603 -0.5648730397224426 5.5283050537109375 128 128 128
1.8507331609725952 -0.478596031665802 4.937798976898193 128 128 128
2.0501155853271484 -0.5158882141113281 5.35135555267334 128 128 128
5.065234184265137 -2.9216606616973877 30.27407455444336 128 128 128
2.491454839706421 -1.2761701345443726 13.465703964233398 128 128 128
3.1170096397399902 -1.5319373607635498 16.126876831054688 128 128 128
1.0963668823242188 -0.402713805437088 4.203032493591309 128 128 128
1.2383173704147339 -0.43980494141578674 4.617788314819336 128 128 128
1.3693737983703613 -0.4709334075450897 4.955620765686035 128 128 128
-66.98584747314453 73.81716918945312 -806.5490112304688 128 128 128
2.6477174758911133 -1.2254947423934937 14.267661094665527 128 128 128
1.293283462524414 -0.41996628046035767 4.808791160583496 128 128 128
2.1032421588897705 -0.47766736149787903 5.886460304260254 128 128 128
0.6692662239074707 -2.397402048110962 27.7496395111084 128 128 128
1.8447116613388062 -1.8523797988891602 22.27200698852539 128 128 128
1.61506986618042 -0.7949140071868896 10.123104095458984 128 128 128
4.926485538482666 -2.1562340259552 27.80446434020996 128 128 128
0.10895466059446335 6.758917331695557 -85.57675170898438 128 128 128
1.1217280626296997 -1.4594680070877075 19.463706970214844 128 128 128
1.3146350383758545 -0.42504894733428955 6.166019439697266 128 128 128
1.0271767377853394 -1.6810870170593262 25.194581985473633 128 128 128
1.3691387176513672 -1.8532638549804688 27.864002227783203 128 128 128
-5.582986354827881 16.433481216430664 -60.33513641357422 128 128 128
-1.3400837182998657 1.5891252756118774 -5.711334705352783 128 128 128
-1.128784418106079 1.2907745838165283 -4.646738529205322 128 128 128
-1.8177756071090698 3.5785892009735107 -13.504117012023926 128 128 128
-1.6749382019042969 2.3146767616271973 -8.674358367919922 128 128 128
-1.1070148944854736 1.223587989807129 -4.552347183227539 128 128 128
-1.0179647207260132 1.0881567001342773 -4.047091007232666 128 128 128
-0.5325869917869568 0.5216965079307556 -1.924915075302124 128 128 128
8.302488327026367 -6.609724998474121 24.19163703918457 128 128 128
-1.8146300315856934 4.960213661193848 -19.467390060424805 128 128 128
-2.060429573059082 5.155972480773926 -20.26371955871582 128 128 128
-2.13378643989563 3.818441152572632 -14.886146545410156 128 128 128
-2.1407785415649414 2.7406013011932373 -10.605975151062012 128 128 128
-1.312796950340271 1.4048285484313965 -5.391761302947998 128 128 128
-0.6869753003120422 0.6484507322311401 -2.480492353439331 128 128 128
-2.18162202835083 5.255532264709473 -21.373445510864258 128 128 128
-2.692552328109741 4.394355297088623 -17.704320907592773 128 128 128
-2.9873454570770264 4.605370998382568 -18.594755172729492 128 128 128
-2.798107147216797 3.601444959640503 -14.430520057678223 128 128 128
-1.9472906589508057 2.0073235034942627 -7.9800825119018555 128 128 128
-1.0422077178955078 0.9526791572570801 -3.7596640586853027 128 128 128
-0.959863007068634 0.850897490978241 -3.358555793762207 128 128 128
-4.813908576965332 3.4135289192199707 -13.346885681152344 128 128 128
-3.0507402420043945 6.530300617218018 -27.50609016418457 128 128 128
-2.7361669540405273 4.535682678222656 -18.972949981689453 128 128 128
-3.093477487564087 4.609770774841309 -19.22557258605957 128 128 128
-4.116546154022217 5.812463283538818 -24.28388023376465 128 128 128
-2.76344895362854 3.2879703044891357 -13.630290031433105 128 128 128
-2.4656107425689697 2.4432287216186523 -10.073238372802734 128 128 128
3.27828049659729 -2.681588888168335 10.883513450622559 128 128 128
-3.35371470451355 2.290177345275879 -9.30395221710205 128 128 128
3.263390302658081 -9.485353469848633 41.7662353515625 128 128 128
-3.1984522342681885 5.730698108673096 -24.97258186340332 128 128 128
-4.180922985076904 6.286654472351074 -27.290210723876953 128 128 128
-3.76432728767395 4.3123626708984375 -18.525449752807617 128 128 128
-3.9086999893188477 4.294547080993652 -18.455827713012695 128 128 128
-3.2589223384857178 3.1253154277801514 -13.309855461120605 128 128 128
3.695214033126831 -2.9222536087036133 12.277369499206543 128 128 128
10.044363021850586 -7.728470802307129 32.50285339355469 128 128 128
4.829301357269287 -3.517742156982422 14.851007461547852 128 128 128
-4.711342811584473 3.1024255752563477 -13.083815574645996 128 128 128
-6.172252655029297 3.9712557792663574 -16.749509811401367 128 128 128
1.8191672563552856 -8.731485366821289 40.22309112548828 128 128 128
3.204467296600342 -7.3989739418029785 33.67904281616211 128 128 128
3.2008025646209717 -6.766200065612793 30.8448486328125 128 128 128
-7.258439064025879 12.447870254516602 -56.40742874145508 128 128 128
3.339399576187134 -5.093871593475342 22.97968101501465 128 128 128
-8.413124084472656 11.557134628295898 -51.952022552490234 128 128 128
6.535069465637207 -4.861753940582275 21.187482833862305 128 128 128
5.890254974365234 -4.259152889251709 18.59395980834961 128 128 128
19.839101791381836 -13.9636869430542 61.0992317199707 128 128 128
-3.8246309757232666 2.4254844188690186 -10.647411346435547 128 128 128
0.21442651748657227 -3.6283457279205322 17.49927520751953 128 128 128
1.3942255973815918 -6.387510299682617 30.583589553833008 128 128 128
2.2346935272216797 -4.923479080200195 23.3430233001709 128 128 128
2.4022724628448486 -4.856586456298828 23.035076141357422 128 128 128
-10.79358959197998 18.85325813293457 -89.18802642822266 128 128 128
-46.256412506103516 58.1630973815918 -271.053466796875 128 128 128
-43.971805572509766 37.90769958496094 -173.2860107421875 128 128 128
1.661889910697937 -1.2567294836044312 5.678503513336182 128 128 128
1.3991036415100098 -1.0053423643112183 4.545126914978027 128 128 128
8.238675117492676 -5.442237377166748 24.757558822631836 128 128 128
1.5795818567276 -4.453146934509277 22.152612686157227 128 128 128
2.5893232822418213 -5.022087574005127 24.764225006103516 128 128 128
2.1102123260498047 -3.7829749584198 18.6545467376709 128 128 128
34.74846649169922 -51.30081558227539 251.56634521484375 128 128 128
2.0930659770965576 -1.5608187913894653 7.340734004974365 128 128 128
2.0029759407043457 -1.4563175439834595 6.841782093048096 128 128 128
1.7526806592941284 -1.2425458431243896 5.835899353027344 128 128 128
1.8590489625930786 -1.283621907234192 6.03379487991333 128 128 128
18.4793643951416 -12.094367980957031 57.07342529296875 128 128 128
5.580132484436035 -3.55289626121521 16.80337905883789 128 128 128
0.6522505283355713 -2.6891674995422363 14.013092994689941 128 128 128
2.1388192176818848 -3.6744842529296875 18.86568832397461 128 128 128
2.1346306800842285 -2.7096340656280518 13.767511367797852 128 128 128
2.1336944103240967 -1.5327510833740234 7.496884346008301 128 128 128
2.0954129695892334 -1.4685184955596924 7.174870014190674 128 128 128
1.9919136762619019 -1.357092261314392 6.635297775268555 128 128 128
1.8916490077972412 -1.2555487155914307 6.143441200256348 128 128 128
2.035632848739624 -1.317629098892212 6.456169605255127 128 128 128
-47.25376892089844 28.943538665771484 -142.51820373535156 128 128 128
-55.04789733886719 32.80326461791992 -161.857666015625 128 128 128
0.07331594824790955 -2.3750722408294678 13.126911163330078 128 128 128
0.18278755247592926 -2.3832128047943115 13.140685081481934 128 128 128
0.46813029050827026 -2.216022253036499 12.104385375976562 128 128 128
0.5406850576400757 -2.0926737785339355 11.436986923217773 128 128 128
1.214909315109253 -3.112210988998413 16.86323356628418 128 128 128
1.2506494522094727 -2.866774082183838 15.525154113769531 128 128 128
2.1686606407165527 -2.634793996810913 13.963531494140625 128 128 128
1.999343752861023 -2.2993831634521484 12.190078735351562 128 128 128
2.537865161895752 -1.7077845335006714 8.698301315307617 128 128 128
2.3339741230010986 -1.528692364692688 7.789885520935059 128 128 128
2.459852933883667 -1.4873836040496826 7.615350723266602 128 128 128
8.593131065368652 -5.058363914489746 25.97233009338379 128 128 128
20.902164459228516 -11.968992233276367 61.615745544433594 128 128 128
-102.46849822998047 57.12071228027344 -294.8431701660156 128 128 128
0.24367289245128632 -1.8812611103057861 10.825653076171875 128 128 128
1.2953014373779297 -2.8197126388549805 15.993810653686523 128 128 128
1.2145497798919678 -2.41265606880188 13.627326965332031 128 128 128
1.5597673654556274 -2.1410834789276123 11.941031455993652 128 128 128
1.6001471281051636 -2.0665032863616943 11.507737159729004 128 128 128
1.5200389623641968 -1.8463037014007568 10.286293029785156 128 128 128
1.7994545698165894 -1.8938652276992798 10.445757865905762 128 128 128
1.5485328435897827 -1.2101579904556274 6.524295806884766 128 128 128
1.7009629011154175 -1.188207983970642 6.337591171264648 128 128 128
1.67828369140625 -1.139841914176941 6.073592185974121 128 128 128
1.5877724885940552 -1.0486576557159424 5.58499813079834 128 128 128
1.6115946769714355 -1.0373708009719849 5.521448612213135 128 128 128
2.866018772125244 -1.751859426498413 9.333559036254883 128 128 128
3.088083028793335 -1.841580867767334 9.825174331665039 128 128 128
0.615379273891449 -1.5961726903915405 9.529402732849121 128 128 128
0.6713231801986694 -1.5346450805664062 9.166933059692383 128 128 128
1.5211858749389648 -1.8638660907745361 10.896145820617676 128 128 128
1.5672842264175415 -1.451297402381897 8.314420700073242 128 128 128
1.4654849767684937 -1.3003994226455688 7.440264701843262 128 128 128
1.7700529098510742 -1.1533803939819336 6.422760486602783 128 128 128
1.6316142082214355 -1.007887363433838 5.607847690582275 128 128 128
2.882096529006958 -1.7339515686035156 9.652629852294922 128 128 128
2.647958755493164 -1.5093402862548828 8.428182601928711 128 128 128
41.81830596923828 -20.803237915039062 117.6969985961914 128 128 128
0.3371765613555908 -1.6496142148971558 10.51600456237793 128 128 128
1.1599948406219482 -1.8897238969802856 11.7752685546875 128 128 128
1.0964394807815552 -1.651543140411377 10.262842178344727 128 128 128
1.159054160118103 -1.622868537902832 10.061240196228027 128 128 128
1.441297173500061 -1.6821399927139282 10.315388679504395 128 128 128
1.4511057138442993 -1.5190669298171997 9.274563789367676 128 128 128
1.3299447298049927 -1.331521987915039 8.08975601196289 128 128 128
1.6014231443405151 -1.4138644933700562 8.493496894836426 128 128 128
1.46478271484375 -1.2399883270263672 7.437129974365234 128 128 128
1.416691780090332 -1.153367042541504 6.90250301361084 128 128 128
1.6009103059768677 -1.183826208114624 7.001640319824219 128 128 128
1.548534631729126 -1.1078139543533325 6.539639949798584 128 128 128
1.4363021850585938 -0.9973102807998657 5.871220588684082 128 128 128
1.5130949020385742 -1.0186662673950195 5.987410068511963 128 128 128
1.946437120437622 -1.2118985652923584 7.073553085327148 128 128 128
1.6553088426589966 -1.002177357673645 5.848386764526367 128 128 128
1.729191780090332 -0.9917753338813782 5.792017459869385 128 128 128
4.056910037994385 -2.2618067264556885 13.230217933654785 128 128 128
4.192599296569824 -2.2777493000030518 13.343931198120117 128 128 128
4.198781967163086 -2.2237696647644043 13.055692672729492 128 128 128
3.7641077041625977 -1.938453197479248 11.41142749786377 128 128 128
86.80963134765625 -42.295536041259766 250.35491943359375 128 128 128
25.67345428466797 -12.188008308410645 72.37643432617188 128 128 128
0.24237646162509918 -1.5118217468261719 10.170953750610352 128 128 128
0.30932244658470154 -1.4161207675933838 9.529088020324707 128 128 128
0.3731258809566498 -1.3664414882659912 9.162179946899414 128 128 128
0.43174177408218384 -1.3186928033828735 8.811751365661621 128 128 128
0.47967585921287537 -1.2501091957092285 8.34287166595459 128 128 128
1.1551071405410767 -1.6436808109283447 10.7709321975708 128 128 128
1.3563481569290161 -1.351204752922058 8.66937255859375 128 128 128
1.5859483480453491 -1.3320739269256592 8.411004066467285 128 128 128
1.5490394830703735 -1.2505192756652832 7.874138355255127 128 128 128
1.4225504398345947 -1.1063461303710938 6.945376873016357 128 128 128
1.4009321928024292 -1.051893711090088 6.582466125488281 128 128 128
1.324201226234436 -0.9583346843719482 5.987486839294434 128 128 128
1.6657756567001343 -1.1383360624313354 7.050737380981445 128 128 128
1.4832956790924072 -0.9523124694824219 5.878536701202393 128 128 128
1.9169981479644775 -1.1326324939727783 6.958073139190674 128 128 128
1.9660323858261108 -1.1324419975280762 6.948925018310547 128 128 128
3.9600131511688232 -2.0504539012908936 12.627591133117676 128 128 128
4.506680011749268 -2.210953712463379 13.686769485473633 128 128 128
5.43915319442749 -2.5954670906066895 16.11614227294922 128 128 128
0.4266272485256195 -1.228342056274414 8.672589302062988 128 128 128
0.47902002930641174 -1.1790063381195068 8.30958080291748 128 128 128
0.5210826396942139 -1.1180148124694824 7.871944904327393 128 128 128
0.7309977412223816 -1.1622753143310547 8.070662498474121 128 128 128
0.7723549008369446 -1.124701738357544 7.797460079193115 128 128 128
0.8183994293212891 -1.1063181161880493 7.636058330535889 128 128 128
1.338541865348816 -1.2700470685958862 8.572144508361816 128 128 128
1.298527717590332 -1.1699498891830444 7.886345863342285 128 128 128
1.2642121315002441 -1.087906002998352 7.311957836151123 128 128 128
1.2367403507232666 -1.0207637548446655 6.834471702575684 128 128 128
1.4067898988723755 -1.0369864702224731 6.8651556968688965 128 128 128
1.4172264337539673 -1.0114694833755493 6.665616512298584 128 128 128
1.3612546920776367 -0.9384167790412903 6.1682329177856445 128 128 128
1.381760597229004 -0.9210075736045837 6.039900302886963 128 128 128
1.55513334274292 -0.9771667122840881 6.367832660675049 128 128 128
1.576789140701294 -0.9625189304351807 6.257672309875488 128 128 128
1.512559175491333 -0.8977710604667664 5.824770450592041 128 128 128
2.225654363632202 -1.2191364765167236 7.8806633949279785 128 128 128
2.101039171218872 -1.1209388971328735 7.2455549240112305 128 128 128
4.598042964935303 -2.321305990219116 15.043538093566895 128 128 128
3.3607256412506104 -1.6546297073364258 10.738865852355957 128 128 128
3.9020683765411377 -1.8651880025863647 12.139404296875 128 128 128
4.19614839553833 -1.9512174129486084 12.733811378479004 128 128 128
3.552365303039551 -1.6095826625823975 10.536812782287598 128 128 128
0.5100681185722351 -1.0256415605545044 7.6654486656188965 128 128 128
0.7568540573120117 -0.9004979133605957 6.553869724273682 128 128 128
1.0848208665847778 -1.2037394046783447 8.750154495239258 128 128 128
1.2819910049438477 -1.0417100191116333 7.409014701843262 128 128 128
1.4527289867401123 -0.9816421270370483 6.836431980133057 128 128 128
1.3105484247207642 -0.8053383231163025 5.554447174072266 128 128 128
1.7347655296325684 -0.9765655994415283 6.691939353942871 128 128 128
1.5997055768966675 -0.8543371558189392 5.834728240966797 128 128 128
2.2214226722717285 -1.123534083366394 7.6738409996032715 128 128 128
2.195553779602051 -1.0510098934173584 7.197444915771484 128 128 128
0.5486176013946533 -0.9332722425460815 7.361503601074219 128 128 128
0.5826895833015442 -0.8930985927581787 7.026841640472412 128 128 128
1.0707406997680664 -0.9934164881706238 7.617432117462158 128 128 128
1.235006332397461 -0.9101485013961792 6.830863952636719 128 128 128
1.727500081062317 -0.9181685447692871 6.670693874359131 128 128 128
1.6774178743362427 -0.8423005938529968 6.10965633392334 128 128 128
2.4845902919769287 -1.1854102611541748 8.588319778442383 128 128 128
2.5551023483276367 -1.1869897842407227 8.606724739074707 128 128 128
2.49605655670166 -1.1283689737319946 8.194731712341309 128 128 128
2.26383900642395 -0.9957845211029053 7.2472429275512695 128 128 128
2.313354253768921 -0.9891819357872009 7.219348907470703 128 128 128
5.419867992401123 -2.1951122283935547 16.129358291625977 128 128 128
0.5818494558334351 -0.8339577317237854 7.005613327026367 128 128 128
0.6162154078483582 -0.8058298230171204 6.74542760848999 128 128 128
0.6354942321777344 -0.7623115181922913 6.367138385772705 128 128 128
0.8168931007385254 -0.7500486969947815 6.161247253417969 128 128 128
1.209836483001709 -0.8064433932304382 6.41478967666626 128 128 128
1.3906768560409546 -0.7800244688987732 6.096210479736328 128 128 128
1.7697042226791382 -0.8872423768043518 6.8510565757751465 128 128 128
1.7719568014144897 -0.8392752408981323 6.47157096862793 128 128 128
1.8308297395706177 -0.8421575427055359 6.497404098510742 128 128 128
2.400263547897339 -1.0761849880218506 8.301331520080566 128 128 128
2.29305100440979 -0.9733699560165405 7.528345108032227 128 128 128
5.176815032958984 -1.9694113731384277 15.411966323852539 128 128 128
1.084580898284912 -0.7989000678062439 6.922604084014893 128 128 128
1.0623918771743774 -0.7474438548088074 6.44869327545166 128 128 128
1.259899616241455 -0.7869656085968018 6.6885552406311035 128 128 128
1.245713233947754 -0.7218281626701355 6.093585014343262 128 128 128
1.2461562156677246 -0.6986234784126282 5.872658729553223 128 128 128
1.2314878702163696 -0.6683835983276367 5.597804546356201 128 128 128
1.4613975286483765 -0.7707003355026245 6.424689769744873 128 128 128
1.4688613414764404 -0.7528173327445984 6.251079082489014 128 128 128
1.4852395057678223 -0.7360444664955139 6.10758113861084 128 128 128
1.4339678287506104 -0.690380871295929 5.715865135192871 128 128 128
1.8084419965744019 -0.8487890362739563 7.005672931671143 128 128 128
1.838523507118225 -0.8165953159332275 6.7259979248046875 128 128 128
1.873850703239441 -0.8104220628738403 6.672375679016113 128 128 128
1.9472925662994385 -0.8194332718849182 6.750370025634766 128 128 128
2.673968553543091 -1.0922331809997559 9.016223907470703 128 128 128
2.6589479446411133 -1.0567973852157593 8.738459587097168 128 128 128
5.5330705642700195 -1.914578914642334 16.08827018737793 128 128 128
0.3974704444408417 -0.6843517422676086 6.759516716003418 128 128 128
0.4538818597793579 -0.6833958625793457 6.739421367645264 128 128 128
0.8669437766075134 -0.7827363610267639 7.468919277191162 128 128 128
0.8796592354774475 -0.7465847730636597 7.08557653427124 128 128 128
1.0741667747497559 -0.7060304880142212 6.535614013671875 128 128 128
1.2702337503433228 -0.689008355140686 6.232672214508057 128 128 128
1.5347410440444946 -0.7133321166038513 6.3368306159973145 128 128 128
1.5401560068130493 -0.6935948729515076 6.156059741973877 128 128 128
1.5402709245681763 -0.6719534993171692 5.963116645812988 128 128 128
1.957982063293457 -0.8343525528907776 7.380330562591553 128 128 128
1.8590528964996338 -0.7500797510147095 6.629307270050049 128 128 128
1.9250385761260986 -0.7534453868865967 6.671106815338135 128 128 128
2.0638749599456787 -0.7859408855438232 6.967172622680664 128 128 128
3.0935230255126953 -1.1138113737106323 9.919122695922852 128 128 128
3.3569400310516357 -1.1765191555023193 10.506890296936035 128 128 128
0.44477036595344543 -0.6208286881446838 6.62686014175415 128 128 128
0.8732298612594604 -0.6829028129577637 7.0269904136657715 128 128 128
1.1533653736114502 -0.671252965927124 6.6916890144348145 128 128 128
1.3029979467391968 -0.6576550006866455 6.411405086517334 128 128 128
1.3345730304718018 -0.6478440761566162 6.308370590209961 128 128 128
1.2974926233291626 -0.6103032827377319 5.9178948402404785 128 128 128
1.5881540775299072 -0.6827352046966553 6.55576229095459 128 128 128
1.57370924949646 -0.6406036615371704 6.119106769561768 128 128 128
2.232117176055908 -0.8562726378440857 8.179248809814453 128 128 128
2.0851082801818848 -0.7773435711860657 7.428654193878174 128 128 128
2.0117440223693848 -0.7290078997612 6.973571300506592 128 128 128
3.0081610679626465 -1.0322322845458984 9.90445613861084 128 128 128
2.856163740158081 -0.9547474384307861 9.180124282836914 128 128 128
3.1596455574035645 -1.0273374319076538 9.909770965576172 128 128 128
3.2302494049072266 -1.020564079284668 9.882597923278809 128 128 128
3.466886043548584 -1.0646926164627075 10.353231430053711 128 128 128
1.1278945207595825 -0.5800058245658875 6.260624885559082 128 128 128
1.14927339553833 -0.5494601130485535 5.869568824768066 128 128 128
1.2923457622528076 -0.5597078204154968 5.8995041847229 128 128 128
1.284084677696228 -0.5225348472595215 5.4733805656433105 128 128 128
1.631269097328186 -0.6117588877677917 6.349013328552246 128 128 128
3.5304794311523438 -1.0270161628723145 10.817694664001465 128 128 128
3.7899858951568604 -1.0419485569000244 11.078935623168945 128 128 128
0.9341307282447815 -0.5776492953300476 7.073780536651611 128 128 128
0.9396428465843201 -0.5510879158973694 6.707484722137451 128 128 128
1.1166638135910034 -0.5253870487213135 6.210456848144531 128 128 128
1.3541412353515625 -0.4896652400493622 5.597382068634033 128 128 128
1.6438549757003784 -0.563758134841919 6.404557704925537 128 128 128
1.1892375946044922 -0.48846542835235596 6.348429203033447 128 128 128
1.3539713621139526 -0.4876025319099426 6.205793380737305 128 128 128
1.3256421089172363 -0.4613180458545685 5.860053062438965 128 128 128
1.346090316772461 -0.4551279544830322 5.757958889007568 128 128 128
1.3790353536605835 -0.4535316824913025 5.716060161590576 128 128 128
1.48152494430542 -0.397358775138855 6.355679035186768 128 128 128
2.5782105922698975 -0.5355576276779175 8.554672241210938 128 128 128
2.6430583000183105 -0.5324930548667908 8.546385765075684 128 128 128
2.002890110015869 -0.4053696095943451 7.40031099319458 128 128 128
2.9971723556518555 -0.5074352622032166 9.462041854858398 128 128 128
0.5294219851493835 -0.38837116956710815 1.32028067111969 128 128 128
0.5383065938949585 -0.3898744583129883 1.322307825088501 128 128 128
0.2655346691608429 -0.35469862818717957 1.2485626935958862 128 128 128
0.1552123874425888 -0.3590816259384155 1.239176630973816 128 128 128
0.23087520897388458 -0.3474907875061035 1.243688702583313 128 128 128
0.2956903874874115 -0.3420354723930359 1.2497984170913696 128 128 128
0.31997743248939514 -0.3416232168674469 1.2540607452392578 128 128 128
0.34669649600982666 -0.3438244163990021 1.2664419412612915 128 128 128
0.18806982040405273 -0.3437519669532776 1.242264986038208 128 128 128
0.3122667670249939 -0.3327225148677826 1.2579399347305298 128 128 128
0.34519338607788086 -0.3327808082103729 1.2643073797225952 128 128 128
0.35278159379959106 -0.3329709768295288 1.2651971578598022 128 128 128
0.38750556111335754 -0.3361033499240875 1.278188705444336 128 128 128
0.39541885256767273 -0.33650025725364685 1.2791478633880615 128 128 128
0.16152110695838928 -0.33978039026260376 1.2463600635528564 128 128 128
0.2128297984600067 -0.3310960531234741 1.2482928037643433 128 128 128
0.239300936460495 -0.329314261674881 1.2563878297805786 128 128 128
0.2628020942211151 -0.3253253102302551 1.2527494430541992 128 128 128
0.30420204997062683 -0.3238168954849243 1.2614113092422485 128 128 128
0.32924407720565796 -0.3237500488758087 1.2671196460723877 128 128 128
0.33694392442703247 -0.3232596516609192 1.2666199207305908 128 128 128
0.362250953912735 -0.32443609833717346 1.2739018201828003 128 128 128
0.369992196559906 -0.3244974613189697 1.2742812633514404 128 128 128
0.37783679366111755 -0.32455533742904663 1.274621844291687 128 128 128
0.38569509983062744 -0.3250542879104614 1.2759748697280884 128 128 128
0.1866350919008255 -0.3262079954147339 1.251173973083496 128 128 128
0.21229209005832672 -0.3220600485801697 1.2523328065872192 128 128 128
0.3268902897834778 -0.31234684586524963 1.2627471685409546 128 128 128
0.3617042601108551 -0.3144822120666504 1.275970220565796 128 128 128
0.3693414032459259 -0.3145855963230133 1.2763314247131348 128 128 128
0.42940762639045715 -0.32045096158981323 1.2952380180358887 128 128 128
0.4375644326210022 -0.321219801902771 1.2965545654296875 128 128 128
0.4459722638130188 -0.32232731580734253 1.2988464832305908 128 128 128
0.4541214406490326 -0.3231942653656006 1.3000755310058594 128 128 128
0.4711446762084961 -0.32549118995666504 1.3042234182357788 128 128 128
0.2783258259296417 -0.3056108355522156 1.2624986171722412 128 128 128
0.30221542716026306 -0.30350708961486816 1.2626941204071045 128 128 128
0.31955939531326294 -0.30354931950569153 1.268040418624878 128 128 128
0.32683032751083374 -0.30314210057258606 1.2673696279525757 128 128 128
0.35208451747894287 -0.30344775319099426 1.2730854749679565 128 128 128
0.35958486795425415 -0.30313920974731445 1.2723329067230225 128 128 128
0.36727485060691833 -0.30338773131370544 1.2731976509094238 128 128 128
0.39498963952064514 -0.3070131242275238 1.288072109222412 128 128 128
0.4028145968914032 -0.3073885440826416 1.2886732816696167 128 128 128
0.4107992649078369 -0.3077981173992157 1.2893872261047363 128 128 128
0.4189065992832184 -0.30861660838127136 1.2911659479141235 128 128 128
0.1763267070055008 -0.3102017641067505 1.2602794170379639 128 128 128
0.22858312726020813 -0.3019227385520935 1.2638276815414429 128 128 128
0.3190367519855499 -0.2935827374458313 1.270063042640686 128 128 128
0.3515678942203522 -0.2937716841697693 1.276053786277771 128 128 128
0.3853152394294739 -0.29580071568489075 1.2856719493865967 128 128 128
0.39272958040237427 -0.295746386051178 1.2847812175750732 128 128 128
0.40084362030029297 -0.29607918858528137 1.285643458366394 128 128 128
0.1852513551712036 -0.3003809154033661 1.2688930034637451 128 128 128
0.22741860151290894 -0.2920443117618561 1.2648214101791382 128 128 128
0.3104014992713928 -0.28457483649253845 1.273194432258606 128 128 128
0.3437245786190033 -0.28437405824661255 1.2799679040908813 128 128 128
0.3767886459827423 -0.2855840027332306 1.2872542142868042 128 128 128
0.4436235725879669 -0.2909596562385559 1.3014334440231323 128 128 128
0.45169878005981445 -0.29192960262298584 1.3028470277786255 128 128 128
0.4769119918346405 -0.29530271887779236 1.3083350658416748 128 128 128
0.4854535162448883 -0.2965611517429352 1.310300588607788 128 128 128
0.49397513270378113 -0.29795125126838684 1.3124206066131592 128 128 128
0.2009916454553604 -0.28659653663635254 1.2665945291519165 128 128 128
0.22679060697555542 -0.28251907229423523 1.2678406238555908 128 128 128
0.26940038800239563 -0.27829790115356445 1.274670124053955 128 128 128
0.3098597228527069 -0.2744116485118866 1.274775743484497 128 128 128
0.3664688169956207 -0.2736563980579376 1.2813358306884766 128 128 128
0.4167986214160919 -0.27717670798301697 1.2935948371887207 128 128 128
0.42462626099586487 -0.27786263823509216 1.29451584815979 128 128 128
0.18262824416160583 -0.28196826577186584 1.2752214670181274 128 128 128
0.1914452165365219 -0.27962127327919006 1.272722601890564 128 128 128
0.2430494874715805 -0.2710081934928894 1.2731817960739136 128 128 128
0.2525676190853119 -0.2708307206630707 1.2784488201141357 128 128 128
0.2682681977748871 -0.2678287625312805 1.274229884147644 128 128 128
0.2855893075466156 -0.2672024369239807 1.2796975374221802 128 128 128
0.32530879974365234 -0.2632509469985962 1.2766964435577393 128 128 128
0.358024924993515 -0.2633838951587677 1.2824280261993408 128 128 128
0.3915175497531891 -0.26522591710090637 1.2908718585968018 128 128 128
0.3994247317314148 -0.26576727628707886 1.292063593864441 128 128 128
0.2505996525287628 -0.25949373841285706 1.2735472917556763 128 128 128
0.2680051922798157 -0.25823909044265747 1.2781280279159546 128 128 128
0.28356024622917175 -0.2559908628463745 1.275558352470398 128 128 128
0.30107036232948303 -0.2550950050354004 1.279811978340149 128 128 128
0.32461923360824585 -0.2531605660915375 1.278464913368225 128 128 128
0.357904314994812 -0.25352826714515686 1.2859055995941162 128 128 128
0.3655254542827606 -0.2536364197731018 1.2862478494644165 128 128 128
0.3757900893688202 -0.25481489300727844 1.2933578491210938 128 128 128
0.38352617621421814 -0.2550690174102783 1.293838381767273 128 128 128
0.3916570246219635 -0.2555532455444336 1.2953532934188843 128 128 128
0.43186357617378235 -0.2578008472919464 1.2986458539962769 128 128 128
0.44031569361686707 -0.25890621542930603 1.3011445999145508 128 128 128
0.44868203997612 -0.26006048917770386 1.3034640550613403 128 128 128
0.4572767913341522 -0.26106423139572144 1.3053847551345825 128 128 128
0.16243013739585876 -0.2678804397583008 1.2856664657592773 128 128 128
0.18123671412467957 -0.26439180970191956 1.287394404411316 128 128 128
0.2166128009557724 -0.25678372383117676 1.2834193706512451 128 128 128
0.26708725094795227 -0.2483351230621338 1.2800296545028687 128 128 128
0.3236790597438812 -0.2427915781736374 1.2790093421936035 128 128 128
0.3495432138442993 -0.2435222864151001 1.2879642248153687 128 128 128
0.3650747239589691 -0.2430473417043686 1.2870898246765137 128 128 128
0.3727334141731262 -0.24310915172100067 1.2871381044387817 128 128 128
0.3809363543987274 -0.24366378784179688 1.2892932891845703 128 128 128
0.4233764410018921 -0.24687714874744415 1.2997528314590454 128 128 128
0.43146705627441406 -0.24794365465641022 1.3019161224365234 128 128 128
0.14287154376506805 -0.26474425196647644 1.2992852926254272 128 128 128
0.16181443631649017 -0.25972557067871094 1.2949937582015991 128 128 128
0.19949574768543243 -0.25254499912261963 1.2973260879516602 128 128 128
0.22490423917770386 -0.24631091952323914 1.2896944284439087 128 128 128
0.24999268352985382 -0.241405189037323 1.2854528427124023 128 128 128
0.2990201711654663 -0.23504559695720673 1.2828772068023682 128 128 128
0.31505832076072693 -0.23342379927635193 1.2816601991653442 128 128 128
0.340285986661911 -0.23323771357536316 1.2875869274139404 128 128 128
0.36403363943099976 -0.23256923258304596 1.2874455451965332 128 128 128
0.3980502188205719 -0.23479941487312317 1.2974450588226318 128 128 128
0.4060748815536499 -0.2353360652923584 1.2985658645629883 128 128 128
0.4123764932155609 -0.2349652647972107 1.294264793395996 128 128 128
0.44823530316352844 -0.23975646495819092 1.3087910413742065 128 128 128
0.4584657847881317 -0.2414880394935608 1.3149614334106445 128 128 128
0.4649902284145355 -0.24162553250789642 1.3113830089569092 128 128 128
0.47379395365715027 -0.24320150911808014 1.3148446083068848 128 128 128
0.2664420008659363 -0.229596808552742 1.2901458740234375 128 128 128
0.29824185371398926 -0.2246081531047821 1.2834452390670776 128 128 128
0.3317687213420868 -0.22310660779476166 1.2886172533035278 128 128 128
0.39499321579933167 -0.22316867113113403 1.2914060354232788 128 128 128
0.43025121092796326 -0.2271026223897934 1.30476975440979 128 128 128
0.43901631236076355 -0.22801776230335236 1.3071188926696777 128 128 128
0.28131991624832153 -0.21662186086177826 1.2871243953704834 128 128 128
0.35412758588790894 -0.21190232038497925 1.2888197898864746 128 128 128
0.3775315582752228 -0.21185514330863953 1.288893222808838 128 128 128
0.4206194579601288 -0.21544860303401947 1.3022315502166748 128 128 128
0.17728491127490997 -0.2285458892583847 1.3109893798828125 128 128 128
0.2741885781288147 -0.2086351215839386 1.2969189882278442 128 128 128
0.29020482301712036 -0.20613233745098114 1.2936679124832153 128 128 128
0.3218439221382141 -0.20284317433834076 1.2903002500534058 128 128 128
0.40318095684051514 -0.2033551186323166 1.2990658283233643 128 128 128
0.4090135395526886 -0.20302875339984894 1.2937756776809692 128 128 128
0.24826443195343018 -0.2030809074640274 1.3033891916275024 128 128 128
0.27296051383018494 -0.1982874870300293 1.297159194946289 128 128 128
0.30488646030426025 -0.19387534260749817 1.2919892072677612 128 128 128
0.32238540053367615 -0.19348876178264618 1.2977312803268433 128 128 128
0.3379916846752167 -0.1919538527727127 1.2945317029953003 128 128 128
0.36187314987182617 -0.19177332520484924 1.296421766281128 128 128 128
0.44155964255332947 -0.19588162004947662 1.3016884326934814 128 128 128
0.3037317395210266 -0.183412104845047 1.2920173406600952 128 128 128
0.4174221158027649 -0.18316538631916046 1.301323652267456 128 128 128
0.4608532190322876 -0.18866616487503052 1.3148126602172852 128 128 128
0.4689289331436157 -0.18982431292533875 1.3159573078155518 128 128 128
0.4774753749370575 -0.1912238448858261 1.31833016872406 128 128 128
0.4863114655017853 -0.1927313357591629 1.3211745023727417 128 128 128
0.2964460849761963 -0.17495110630989075 1.3011075258255005 128 128 128
0.311736524105072 -0.1727263182401657 1.2961031198501587 128 128 128
0.3275556266307831 -0.17122143507003784 1.29405677318573 128 128 128
0.3916730284690857 -0.1708831787109375 1.2975661754608154 128 128 128
0.39964908361434937 -0.17149010300636292 1.2989859580993652 128 128 128
0.3883094787597656 -0.1593422293663025 1.2900959253311157 128 128 128
0.3947490453720093 -0.13866503536701202 1.2923346757888794 128 128 128
0.3624096214771271 -0.12747043371200562 1.2925761938095093 128 128 128
0.3966759741306305 -0.1169755607843399 1.2811176776885986 128 128 128
0.430160790681839 -0.12051081657409668 1.2902649641036987 128 128 128
0.444181352853775 -0.9926312565803528 3.1243250370025635 128 128 128
0.30302301049232483 -0.899383008480072 2.952756643295288 128 128 128
0.33592551946640015 -0.9287120699882507 3.0380585193634033 128 128 128
0.37230971455574036 -0.9635909199714661 3.140808343887329 128 128 128
0.40704143047332764 -0.9909951090812683 3.218269109725952 128 128 128
0.6436646580696106 -0.9790125489234924 3.0868093967437744 128 128 128
0.6789495348930359 -0.9971247911453247 3.1339006423950195 128 128 128
0.7189694046974182 -1.019895076751709 3.1966075897216797 128 128 128
0.30278998613357544 -0.9385708570480347 3.1751201152801514 128 128 128
0.4549834430217743 -0.9529708027839661 3.1600396633148193 128 128 128
0.6178034543991089 -0.9816242456436157 3.197035074234009 128 128 128
0.6499045491218567 -0.9951243996620178 3.2292819023132324 128 128 128
0.6683557033538818 -0.9820859432220459 3.1830267906188965 128 128 128
0.028177693486213684 -0.754197895526886 2.7353150844573975 128 128 128
0.11272548139095306 -0.778292179107666 2.7783679962158203 128 128 128
0.13951225578784943 -0.8087100982666016 2.876347541809082 128 128 128
0.5540955066680908 -0.9643616080284119 3.2599873542785645 128 128 128
0.5938440561294556 -0.9880020618438721 3.330842971801758 128 128 128
0.6377643942832947 -1.0189372301101685 3.4226555824279785 128 128 128
0.6821244359016418 -1.0473719835281372 3.5068788528442383 128 128 128
0.7167598009109497 -0.949462890625 3.147101402282715 128 128 128
0.7532787919044495 -0.9670020341873169 3.1940762996673584 128 128 128
0.7946138978004456 -0.9892628192901611 3.2568814754486084 128 128 128
0.9211862683296204 -0.8973118662834167 2.889573097229004 128 128 128
0.9619275331497192 -0.9153842926025391 2.9405393600463867 128 128 128
0.006249567028135061 -0.6739217638969421 2.525092840194702 128 128 128
0.2850494384765625 -0.8907091021537781 3.1986849308013916 128 128 128
0.32273828983306885 -0.9254161715507507 3.31317400932312 128 128 128
0.359734445810318 -0.95677250623703 3.41228985786438 128 128 128
0.44673722982406616 -0.9204469323158264 3.2384185791015625 128 128 128
0.7025831341743469 -0.9628980159759521 3.304591417312622 128 128 128
0.8166030049324036 -0.9237322807312012 3.1164417266845703 128 128 128
0.8551352024078369 -0.939752995967865 3.1627650260925293 128 128 128
0.8921416401863098 -0.954014003276825 3.2017886638641357 128 128 128
0.9785315990447998 -0.8993188738822937 2.9770162105560303 128 128 128
0.1170118898153305 -0.742794930934906 2.8101234436035156 128 128 128
0.21186907589435577 -0.8637824058532715 3.228780508041382 128 128 128
0.24906136095523834 -0.9041323065757751 3.368927240371704 128 128 128
0.4942278265953064 -0.9758424758911133 3.541733741760254 128 128 128
0.5142005085945129 -0.9613510966300964 3.478952646255493 128 128 128
0.5549015402793884 -0.9856986999511719 3.5560667514801025 128 128 128
0.5948107838630676 -1.0052143335342407 3.617488384246826 128 128 128
0.6264917850494385 -0.9299726486206055 3.315345525741577 128 128 128
0.7202996611595154 -0.9500184655189514 3.363706588745117 128 128 128
0.9505015015602112 -0.8842061161994934 3.0322680473327637 128 128 128
0.9888160228729248 -0.8984125852584839 3.0730690956115723 128 128 128
0.1775020807981491 -0.9064925909042358 3.5206363201141357 128 128 128
0.21759642660617828 -0.9606040716171265 3.716529369354248 128 128 128
0.3531108796596527 -0.9318715333938599 3.5450851917266846 128 128 128
0.48628905415534973 -1.0389440059661865 3.9131946563720703 128 128 128
0.5428258180618286 -1.0874896049499512 4.087718486785889 128 128 128
0.6232920289039612 -0.9651424288749695 3.578005075454712 128 128 128
0.6616815328598022 -0.9836421012878418 3.631443738937378 128 128 128
0.6601607203483582 -0.9398897290229797 3.463118314743042 128 128 128
0.6967542767524719 -0.9515516757965088 3.4996120929718018 128 128 128
0.745421826839447 -0.9801690578460693 3.5946035385131836 128 128 128
0.7756489515304565 -0.9214537739753723 3.3457930088043213 128 128 128
0.8563027381896973 -0.9225947260856628 3.3306562900543213 128 128 128
0.9004547595977783 -0.9423598051071167 3.392915964126587 128 128 128
0.9332906603813171 -0.9023609161376953 3.218611240386963 128 128 128
0.6029925346374512 -0.9838445782661438 3.7920260429382324 128 128 128
0.7851893901824951 -0.8956077694892883 3.3647775650024414 128 128 128
0.8375454545021057 -0.9221690893173218 3.461561441421509 128 128 128
0.8366044163703918 -0.892691433429718 3.3428962230682373 128 128 128
0.8905083537101746 -0.9219728112220764 3.443753480911255 128 128 128
0.9112126231193542 -0.8464389443397522 3.125535488128662 128 128 128
0.9493361711502075 -0.859483003616333 3.165902614593506 128 128 128
0.25170111656188965 -0.9943059682846069 4.114905834197998 128 128 128
0.265030175447464 -0.9165760278701782 3.790635347366333 128 128 128
0.30890700221061707 -0.9586628675460815 3.951878547668457 128 128 128
0.3585662543773651 -1.0118473768234253 4.1549811363220215 128 128 128
0.4079635441303253 -1.051071286201477 4.306561470031738 128 128 128
0.46179598569869995 -1.0980594158172607 4.484605312347412 128 128 128
0.6357548832893372 -1.043052315711975 4.176970481872559 128 128 128
0.784217357635498 -0.9510163068771362 3.7334728240966797 128 128 128
0.776259183883667 -0.9045184254646301 3.5500404834747314 128 128 128
0.9351838231086731 -0.8574065566062927 3.286113739013672 128 128 128
0.9270379543304443 -0.8281259536743164 3.165512800216675 128 128 128
0.1869998574256897 -0.9268530607223511 4.017093658447266 128 128 128
0.24333283305168152 -1.0327043533325195 4.455694198608398 128 128 128
0.29015079140663147 -1.065999150276184 4.593164920806885 128 128 128
0.3629489541053772 -1.1837114095687866 5.08288049697876 128 128 128
0.5167036652565002 -1.014271855354309 4.275607109069824 128 128 128
0.5193297863006592 -0.9585052728652954 4.025941848754883 128 128 128
0.5588291883468628 -0.9726320505142212 4.072257041931152 128 128 128
0.6019511222839355 -0.9902929067611694 4.1356940269470215 128 128 128
0.6451457142829895 -1.0050737857818604 4.190068244934082 128 128 128
0.7698214650154114 -0.9248905181884766 3.785376787185669 128 128 128
0.8104117512702942 -0.9375998377799988 3.828185558319092 128 128 128
0.9198383688926697 -0.8283066153526306 3.309840202331543 128 128 128
0.9525606632232666 -0.8355741500854492 3.3287620544433594 128 128 128
0.9494167566299438 -0.8096540570259094 3.222423553466797 128 128 128
0.9884835481643677 -0.8222223520278931 3.263298511505127 128 128 128
0.40440744161605835 -1.021539568901062 4.535794734954834 128 128 128
0.4883400797843933 -1.1272664070129395 5.000222206115723 128 128 128
0.532004714012146 -1.1382455825805664 5.0282087326049805 128 128 128
0.507107138633728 -1.0123792886734009 4.452930927276611 128 128 128
0.5683131217956543 -1.0592058897018433 4.648922920227051 128 128 128
0.6363167762756348 -1.1114104986190796 4.870012283325195 128 128 128
0.7563853859901428 -0.9350486993789673 4.014104843139648 128 128 128
0.9267815351486206 -0.8214721083641052 3.4211504459381104 128 128 128
0.06691167503595352 -1.702090859413147 8.167779922485352 128 128 128
0.8072633147239685 -0.9887776970863342 4.4469475746154785 128 128 128
0.9093539714813232 -0.7906166911125183 3.4450180530548096 128 128 128
0.9477792978286743 -0.7986303567886353 3.478727340698242 128 128 128
0.460822194814682 -1.5851846933364868 7.841267108917236 128 128 128
0.38545504212379456 -1.1656826734542847 5.7495856285095215 128 128 128
0.6854614615440369 -0.9613913893699646 4.582066059112549 128 128 128
0.769944429397583 -1.0279054641723633 4.87868595123291 128 128 128
0.7475996613502502 -0.8703359365463257 4.094109058380127 128 128 128
0.808966338634491 -0.9021368622779846 4.236258506774902 128 128 128
0.8697842359542847 -0.9313933849334717 4.364260196685791 128 128 128
0.9138308167457581 -0.8256100416183472 3.800302505493164 128 128 128
0.9702606201171875 -0.7798444628715515 3.5469319820404053 128 128 128
1.0213677883148193 -0.6924681663513184 3.0819170475006104 128 128 128
0.13788564503192902 -1.4982761144638062 7.9569478034973145 128 128 128
0.2363574355840683 -1.7312933206558228 9.16529655456543 128 128 128
0.410845011472702 -2.2754440307617188 12.009207725524902 128 128 128
0.5628337264060974 -2.507376194000244 13.219931602478027 128 128 128
0.36770913004875183 -1.3783447742462158 7.210578441619873 128 128 128
0.46140363812446594 -1.4865347146987915 7.7750749588012695 128 128 128
0.47624513506889343 -1.2088181972503662 6.265393257141113 128 128 128
0.7164977788925171 -0.9485764503479004 4.757323741912842 128 128 128
0.7815331220626831 -0.8957452178001404 4.453461170196533 128 128 128
0.899810791015625 -0.7456870079040527 3.599992513656616 128 128 128
0.9468148350715637 -0.740175187587738 3.552403211593628 128 128 128
1.073224425315857 -0.6492712497711182 3.0024166107177734 128 128 128
1.0417534112930298 -0.6176334023475647 2.8483171463012695 128 128 128
0.7030430436134338 -0.9781400561332703 5.218356609344482 128 128 128
0.7212896943092346 -0.8991252779960632 4.765462875366211 128 128 128
0.9135947823524475 -0.718525767326355 3.6428446769714355 128 128 128
0.9552991390228271 -0.7275311350822449 3.6859171390533447 128 128 128
0.9442894458770752 -0.6802636981010437 3.424447536468506 128 128 128
0.6589367985725403 -0.9749637842178345 5.571942329406738 128 128 128
0.7258341908454895 -0.9492543339729309 5.374180793762207 128 128 128
0.7818153500556946 -0.8714588284492493 4.8821563720703125 128 128 128
0.7577888369560242 -0.8071884512901306 4.4979424476623535 128 128 128
0.8294325470924377 -0.8433555960655212 4.6907196044921875 128 128 128
0.8924455642700195 -0.8692604899406433 4.819699287414551 128 128 128
0.963100790977478 -0.6941086053848267 3.7056851387023926 128 128 128
0.9648782014846802 -0.6744555830955505 3.5968995094299316 128 128 128
1.0049086809158325 -0.6837126612663269 3.633606195449829 128 128 128
0.9844163656234741 -0.6366134881973267 3.3581881523132324 128 128 128
0.3753812909126282 -1.2234278917312622 7.698289394378662 128 128 128
0.47409787774086 -1.3140736818313599 8.259130477905273 128 128 128
0.7537974715232849 -0.9809510111808777 5.96002197265625 128 128 128
0.6655369400978088 -0.8176528215408325 4.928360939025879 128 128 128
0.7393425703048706 -0.8567259311676025 5.154791831970215 128 128 128
0.9630767703056335 -0.6349816918373108 3.5822911262512207 128 128 128
0.9582399725914001 -0.6139550805091858 3.4570627212524414 128 128 128
0.9876515865325928 -0.6013887524604797 3.361422538757324 128 128 128
0.4706680476665497 -1.0853662490844727 7.261986255645752 128 128 128
0.5191656947135925 -0.9472329616546631 6.269225597381592 128 128 128
0.6199285984039307 -0.8097731471061707 5.279731750488281 128 128 128
0.7535980939865112 -0.7377368211746216 4.70772123336792 128 128 128
0.995948851108551 -0.5847799181938171 3.482637882232666 128 128 128
0.9983389377593994 -0.5577917695045471 3.298670530319214 128 128 128
0.9930559992790222 -0.5427550077438354 3.1934194564819336 128 128 128
1.0390640497207642 -0.5551167130470276 3.254148006439209 128 128 128
0.6798806190490723 -0.6908637881278992 4.772507190704346 128 128 128
0.7109237313270569 -0.6214244961738586 4.2257490158081055 128 128 128
0.995779812335968 -0.49913495779037476 3.114629030227661 128 128 128
0.9930060505867004 -0.48719292879104614 3.0269553661346436 128 128 128
0.390266478061676 -0.6403443217277527 4.8946404457092285 128 128 128
0.4567912817001343 -0.6757122278213501 5.158383846282959 128 128 128
0.659542441368103 -0.6258856058120728 4.658076763153076 128 128 128
0.6305760145187378 -0.566140353679657 4.197570323944092 128 128 128
0.7364345788955688 -0.5714784264564514 4.183468818664551 128 128 128
0.468138724565506 -0.5443293452262878 4.469688892364502 128 128 128
0.8004642128944397 -0.5091512203216553 3.9815988540649414 128 128 128
0.8169936537742615 -0.5014331340789795 3.89644718170166 128 128 128
0.9304174780845642 -0.42901283502578735 3.156977653503418 128 128 128
0.2620881199836731 -0.43721359968185425 3.9008302688598633 128 128 128
0.8366870880126953 -0.44214507937431335 3.6994192600250244 128 128 128
0.9117819666862488 -0.36432430148124695 3.1921613216400146 128 128 128
0.5239005088806152 -0.3622388541698456 3.868631362915039 128 128 128
0.6887558102607727 -0.29142192006111145 3.3556196689605713 128 128 128
0.7090111970901489 -0.24888375401496887 3.199706554412842 128 128 128
0.5609101057052612 -0.2117028385400772 3.1974310874938965 128 128 128
0.6037991642951965 -0.2167137861251831 3.280397653579712 128 128 128
0.6789537668228149 -0.21629489958286285 3.2156195640563965 128 128 128
0.7286674976348877 -0.21711193025112152 3.1812641620635986 128 128 128
0.6930588483810425 -0.18351879715919495 3.1709704399108887 128 128 128
0.3551919758319855 -0.6534279584884644 2.2069270610809326 128 128 128
0.44315746426582336 -0.646612286567688 2.247631549835205 128 128 128
0.46208450198173523 -0.6450908780097961 2.241490364074707 128 128 128
0.48178428411483765 -0.644353985786438 2.2377207279205322 128 128 128
0.49885469675064087 -0.6410143971443176 2.224621534347534 128 128 128
0.5174168944358826 -0.6395918726921082 2.2177963256835938 128 128 128
0.5351558923721313 -0.6375004053115845 2.2083332538604736 128 128 128
0.5519337058067322 -0.6345793008804321 2.1956589221954346 128 128 128
0.47841164469718933 -0.6207028031349182 2.2201015949249268 128 128 128
0.4968034029006958 -0.6193422675132751 2.2136878967285156 128 128 128
0.5122358798980713 -0.6141921281814575 2.193298101425171 128 128 128
0.5319198966026306 -0.6140643358230591 2.1902313232421875 128 128 128
0.3879532217979431 -0.5842110514640808 2.157435178756714 128 128 128
0.4068962633609772 -0.5838664174079895 2.15573787689209 128 128 128
0.42583250999450684 -0.584003746509552 2.1555111408233643 128 128 128
0.49641868472099304 -0.5991961359977722 2.2075343132019043 128 128 128
0.515590488910675 -0.5984188318252563 2.2024312019348145 128 128 128
0.61612468957901 -0.5871114134788513 2.1435885429382324 128 128 128
0.4265272319316864 -0.5660519599914551 2.1559152603149414 128 128 128
0.445463091135025 -0.5651957988739014 2.151620388031006 128 128 128
0.46395623683929443 -0.5639275908470154 2.1453135013580322 128 128 128
0.4911986291408539 -0.5746269226074219 2.1844751834869385 128 128 128
0.5151728987693787 -0.5587390661239624 2.119623899459839 128 128 128
0.36079832911491394 -0.5352396368980408 2.1072473526000977 128 128 128
0.3875477910041809 -0.5471694469451904 2.153796672821045 128 128 128
0.4248208701610565 -0.5453346967697144 2.145429849624634 128 128 128
0.44307494163513184 -0.543872594833374 2.138590097427368 128 128 128
0.4602133333683014 -0.5415213108062744 2.1278727054595947 128 128 128
0.47722259163856506 -0.5398973226547241 2.1198222637176514 128 128 128
0.5153830647468567 -0.5409839749336243 2.119656562805176 128 128 128
0.5312618613243103 -0.538384735584259 2.1067652702331543 128 128 128
0.5481864809989929 -0.5370650291442871 2.0985143184661865 128 128 128
0.5650582313537598 -0.5362282991409302 2.0922601222991943 128 128 128
0.3581538200378418 -0.5136057138442993 2.0909976959228516 128 128 128
0.3763563930988312 -0.5123860239982605 2.0859363079071045 128 128 128
0.45744723081588745 -0.5203338861465454 2.114165782928467 128 128 128
0.4769256114959717 -0.5210534334182739 2.115206480026245 128 128 128
0.5623670816421509 -0.5157840251922607 2.0803229808807373 128 128 128
0.5954144597053528 -0.514438271522522 2.068582057952881 128 128 128
0.3006274402141571 -0.4943017363548279 2.0822606086730957 128 128 128
0.359641969203949 -0.4977022111415863 2.0978453159332275 128 128 128
0.3786255419254303 -0.4978236258029938 2.0981247425079346 128 128 128
0.39463213086128235 -0.4939853549003601 2.0814402103424072 128 128 128
0.45734426379203796 -0.5024082660675049 2.113234758377075 128 128 128
0.4747888147830963 -0.5010967254638672 2.1058523654937744 128 128 128
0.5116658806800842 -0.5008673071861267 2.099994421005249 128 128 128
0.5781036615371704 -0.4966178834438324 2.069819211959839 128 128 128
0.5955247282981873 -0.49691063165664673 2.0678975582122803 128 128 128
0.28104159235954285 -0.4752323031425476 2.0742924213409424 128 128 128
0.35780462622642517 -0.4762018322944641 2.081087827682495 128 128 128
0.39188748598098755 -0.4726908504962921 2.064589262008667 128 128 128
0.4089334011077881 -0.47110632061958313 2.0566840171813965 128 128 128
0.42881906032562256 -0.4731435179710388 2.0642828941345215 128 128 128
0.46662378311157227 -0.47460752725601196 2.0671541690826416 128 128 128
0.4836227297782898 -0.47377535700798035 2.0614335536956787 128 128 128
0.5274554491043091 -0.48098763823509216 2.0872507095336914 128 128 128
0.5730608701705933 -0.4746030867099762 2.0492441654205322 128 128 128
0.16152222454547882 -0.44084155559539795 1.9843249320983887 128 128 128
0.33106130361557007 -0.44845741987228394 2.034053087234497 128 128 128
0.41089120507240295 -0.4555063247680664 2.0640196800231934 128 128 128
0.46377652883529663 -0.45380520820617676 2.0511538982391357 128 128 128
0.47932174801826477 -0.45177894830703735 2.039780378341675 128 128 128
0.49581387639045715 -0.4508659839630127 2.0332157611846924 128 128 128
0.5415403842926025 -0.4599320590496063 2.0678043365478516 128 128 128
0.5572834610939026 -0.45841115713119507 2.0574400424957275 128 128 128
0.16070140898227692 -0.4204978048801422 1.9681602716445923 128 128 128
0.329842209815979 -0.42842286825180054 2.020447015762329 128 128 128
0.34816402196884155 -0.4290809631347656 2.023212432861328 128 128 128
0.389706552028656 -0.4343124032020569 2.046773672103882 128 128 128
0.40706828236579895 -0.4340333342552185 2.0442540645599365 128 128 128
0.4251222014427185 -0.43369531631469727 2.0412073135375977 128 128 128
0.44403451681137085 -0.4344419538974762 2.0428872108459473 128 128 128
0.4607851207256317 -0.43332743644714355 2.03550386428833 128 128 128
0.4982571005821228 -0.43521133065223694 2.0391488075256348 128 128 128
0.5127990245819092 -0.43281084299087524 2.02502179145813 128 128 128
0.5329965949058533 -0.435060054063797 2.0320348739624023 128 128 128
0.546258270740509 -0.4320708215236664 2.014772891998291 128 128 128
0.5633435845375061 -0.432248592376709 2.011979579925537 128 128 128
0.6081405282020569 -0.4291069805622101 1.9868298768997192 128 128 128
0.0201051477342844 -0.39632749557495117 1.9025084972381592 128 128 128
0.053847961127758026 -0.39618271589279175 1.9096531867980957 128 128 128
0.07088278234004974 -0.3953939974308014 1.909972906112671 128 128 128
0.14295433461666107 -0.40370896458625793 1.9642473459243774 128 128 128
0.16062909364700317 -0.40230900049209595 1.961111068725586 128 128 128
0.38088780641555786 -0.4074171483516693 1.9988958835601807 128 128 128
0.4713723361492157 -0.40952053666114807 1.999666690826416 128 128 128
0.494234561920166 -0.4143865704536438 2.0207252502441406 128 128 128
0.5266531705856323 -0.4131191372871399 2.0086612701416016 128 128 128
0.5440715551376343 -0.4136531352996826 2.008139133453369 128 128 128
0.5753909945487976 -0.41212520003318787 1.9932918548583984 128 128 128
0.036841120570898056 -0.3807338774204254 1.908716082572937 128 128 128
0.08967838436365128 -0.38504061102867126 1.9435800313949585 128 128 128
0.12524238228797913 -0.3858233094215393 1.9550336599349976 128 128 128
0.14276117086410522 -0.3860253393650055 1.9587503671646118 128 128 128
0.1789582222700119 -0.38661670684814453 1.968003273010254 128 128 128
0.3101571798324585 -0.3930167853832245 2.0119247436523438 128 128 128
0.3273925483226776 -0.3914424180984497 2.0042808055877686 128 128 128
0.3627236485481262 -0.3898579776287079 1.9956822395324707 128 128 128
0.38232311606407166 -0.391836941242218 2.004807949066162 128 128 128
0.4182366728782654 -0.39178961515426636 2.001565456390381 128 128 128
0.4325615167617798 -0.389072060585022 1.9857473373413086 128 128 128
0.4897172152996063 -0.3935409188270569 2.0007028579711914 128 128 128
0.5064043402671814 -0.3936883807182312 1.9989529848098755 128 128 128
0.5253797769546509 -0.39491039514541626 2.0012903213500977 128 128 128
0.542924702167511 -0.39537355303764343 1.9998657703399658 128 128 128
0.5587485432624817 -0.3948676586151123 1.993746280670166 128 128 128
0.5762142539024353 -0.39550817012786865 1.992881417274475 128 128 128
0.6207389831542969 -0.3930339515209198 1.9681999683380127 128 128 128
0.6476122736930847 -0.3998147249221802 1.9969868659973145 128 128 128
0.1603938639163971 -0.3682069182395935 1.9553813934326172 128 128 128
0.34551164507865906 -0.3733339011669159 1.997475028038025 128 128 128
0.39840883016586304 -0.3727697730064392 1.9912363290786743 128 128 128
0.4153033494949341 -0.372588574886322 1.9885807037353516 128 128 128
0.4326624870300293 -0.37232890725135803 1.985103964805603 128 128 128
0.4498680531978607 -0.37239158153533936 1.983156442642212 128 128 128
0.46679192781448364 -0.37231358885765076 1.980203628540039 128 128 128
0.4835745096206665 -0.3718157708644867 1.9742695093154907 128 128 128
0.5003976821899414 -0.37185394763946533 1.971292495727539 128 128 128
0.5737409591674805 -0.37681859731674194 1.9819096326828003 128 128 128
0.604003369808197 -0.3757687509059906 1.9687776565551758 128 128 128
0.6348613500595093 -0.3753145635128021 1.9570236206054688 128 128 128
0.6510976552963257 -0.3756321370601654 1.9525998830795288 128 128 128
0.6657794117927551 -0.37532904744148254 1.947828769683838 128 128 128
0.6805667281150818 -0.3750932514667511 1.9423130750656128 128 128 128
0.17764070630073547 -0.3487209677696228 1.9427837133407593 128 128 128
0.3266085386276245 -0.3555895984172821 1.9920662641525269 128 128 128
0.34401029348373413 -0.3552202880382538 1.9895435571670532 128 128 128
0.3609953820705414 -0.35386791825294495 1.9814025163650513 128 128 128
0.37898412346839905 -0.3545132875442505 1.983811855316162 128 128 128
0.4138193428516388 -0.35443273186683655 1.9801374673843384 128 128 128
0.4317214787006378 -0.35430020093917847 1.9770281314849854 128 128 128
0.4808347225189209 -0.35309162735939026 1.9621261358261108 128 128 128
0.5222308039665222 -0.35893651843070984 1.9880757331848145 128 128 128
0.5301641225814819 -0.3530194163322449 1.9512544870376587 128 128 128
0.6029525399208069 -0.35833749175071716 1.9631751775741577 128 128 128
0.6184032559394836 -0.35820627212524414 1.9582237005233765 128 128 128
0.6314303874969482 -0.356770783662796 1.9459229707717896 128 128 128
0.6467970609664917 -0.3566440939903259 1.9384896755218506 128 128 128
0.662061870098114 -0.35670143365859985 1.9341846704483032 128 128 128
0.6756120920181274 -0.3559471368789673 1.9268803596496582 128 128 128
0.36035916209220886 -0.3361510932445526 1.974866509437561 128 128 128
0.42790719866752625 -0.3346429169178009 1.9588743448257446 128 128 128
0.4627300500869751 -0.3354913294315338 1.9584523439407349 128 128 128
0.4796452224254608 -0.33569347858428955 1.9565759897232056 128 128 128
0.53665691614151 -0.3406194746494293 1.9742120504379272 128 128 128
0.5530097484588623 -0.3405821919441223 1.9696513414382935 128 128 128
0.5693569779396057 -0.3406955599784851 1.9659388065338135 128 128 128
0.5840243101119995 -0.3397037386894226 1.954257607460022 128 128 128
0.5989733338356018 -0.3393862545490265 1.9486942291259766 128 128 128
0.6158322095870972 -0.34007275104522705 1.9475871324539185 128 128 128
0.6458402872085571 -0.33973002433776855 1.9363958835601807 128 128 128
0.6595955491065979 -0.33903831243515015 1.928035855293274 128 128 128
0.6751958727836609 -0.3393307328224182 1.92305326461792 128 128 128
0.15737971663475037 -0.30978333950042725 1.9020981788635254 128 128 128
0.37851181626319885 -0.3201030194759369 1.9764864444732666 128 128 128
0.39435744285583496 -0.31897348165512085 1.967840313911438 128 128 128
0.4463547468185425 -0.31918245553970337 1.9619512557983398 128 128 128
0.4780101180076599 -0.31793591380119324 1.9479891061782837 128 128 128
0.5680375695228577 -0.32323122024536133 1.9597190618515015 128 128 128
0.5810084342956543 -0.3216805160045624 1.9460529088974 128 128 128
0.6597325801849365 -0.32269302010536194 1.925605058670044 128 128 128
0.674559473991394 -0.32267454266548157 1.9194172620773315 128 128 128
0.15805530548095703 -0.2928152084350586 1.8978520631790161 128 128 128
0.17498618364334106 -0.2926352918148041 1.898872971534729 128 128 128
0.410169780254364 -0.3011196255683899 1.9567090272903442 128 128 128
0.4283197820186615 -0.3016218841075897 1.9573004245758057 128 128 128
0.44503894448280334 -0.3016248643398285 1.9545464515686035 128 128 128
0.4618595242500305 -0.301704078912735 1.9519259929656982 128 128 128
0.4776851534843445 -0.3010829985141754 1.9441888332366943 128 128 128
0.49447378516197205 -0.30132007598876953 1.9419001340866089 128 128 128
0.5260888934135437 -0.3011208176612854 1.9329854249954224 128 128 128
0.5416448712348938 -0.3008624315261841 1.9265415668487549 128 128 128
0.5652351379394531 -0.30503079295158386 1.9478654861450195 128 128 128
0.5813263654708862 -0.30532076954841614 1.9455100297927856 128 128 128
0.5981324315071106 -0.305887371301651 1.9433468580245972 128 128 128
0.6119377017021179 -0.30506080389022827 1.9324308633804321 128 128 128
0.626754879951477 -0.3048575520515442 1.9251807928085327 128 128 128
0.6406862139701843 -0.3043825626373291 1.9176547527313232 128 128 128
0.6570116281509399 -0.30505794286727905 1.9148238897323608 128 128 128
0.6719838380813599 -0.3051973879337311 1.9117740392684937 128 128 128
0.35242411494255066 -0.279410183429718 1.9257537126541138 128 128 128
0.3925609588623047 -0.28385379910469055 1.9528204202651978 128 128 128
0.4093282222747803 -0.2837573289871216 1.949861764907837 128 128 128
0.42665979266166687 -0.2843674421310425 1.9516242742538452 128 128 128
0.5391310453414917 -0.28325551748275757 1.9167929887771606 128 128 128
0.5802381038665771 -0.28819581866264343 1.9390056133270264 128 128 128
0.5948312282562256 -0.28780990839004517 1.9312679767608643 128 128 128
0.6100758910179138 -0.2877422571182251 1.9239304065704346 128 128 128
0.6567873358726501 -0.2887125313282013 1.9141390323638916 128 128 128
0.6705809235572815 -0.28836795687675476 1.9063658714294434 128 128 128
0.6850367188453674 -0.2883821725845337 1.9004634618759155 128 128 128
0.7297765016555786 -0.2893586754798889 1.8879334926605225 128 128 128
0.3546133041381836 -0.2649995684623718 1.938184142112732 128 128 128
0.3726132810115814 -0.26533588767051697 1.9390523433685303 128 128 128
0.38998299837112427 -0.2659223675727844 1.941300630569458 128 128 128
0.40622982382774353 -0.2651599049568176 1.933228850364685 128 128 128
0.4428010582923889 -0.26710304617881775 1.9413247108459473 128 128 128
0.47404688596725464 -0.2660329043865204 1.9258357286453247 128 128 128
0.4899269640445709 -0.26583734154701233 1.919991374015808 128 128 128
0.5625380873680115 -0.2707884907722473 1.9367953538894653 128 128 128
0.5768426656723022 -0.2702138423919678 1.9270249605178833 128 128 128
0.5919632911682129 -0.27009713649749756 1.9197077751159668 128 128 128
0.608599841594696 -0.27085307240486145 1.9203225374221802 128 128 128
0.6242303848266602 -0.2711265981197357 1.915198564529419 128 128 128
0.6370783448219299 -0.27032536268234253 1.9034528732299805 128 128 128
0.6678550839424133 -0.27110543847084045 1.896304965019226 128 128 128
0.6836646795272827 -0.27174752950668335 1.89407217502594 128 128 128
0.26407501101493835 -0.24522283673286438 1.9129657745361328 128 128 128
0.36675408482551575 -0.24473853409290314 1.9051010608673096 128 128 128
0.4732970595359802 -0.2496023029088974 1.9241608381271362 128 128 128
0.5282937288284302 -0.2529517412185669 1.934887409210205 128 128 128
0.536603569984436 -0.24961531162261963 1.9048415422439575 128 128 128
0.552902102470398 -0.2500058114528656 1.9017553329467773 128 128 128
0.5760012269020081 -0.2534373998641968 1.9208173751831055 128 128 128
0.6356241106987 -0.2536158561706543 1.8972077369689941 128 128 128
0.6665807366371155 -0.2545350193977356 1.891924500465393 128 128 128
0.4003698229789734 -0.2287907898426056 1.8997344970703125 128 128 128
0.4543900191783905 -0.23187072575092316 1.914841890335083 128 128 128
0.4709334671497345 -0.232090026140213 1.9123082160949707 128 128 128
0.48603102564811707 -0.2316746711730957 1.9041091203689575 128 128 128
0.5357195734977722 -0.23299477994441986 1.898114800453186 128 128 128
0.5749847292900085 -0.2368140071630478 1.9173779487609863 128 128 128
0.588303804397583 -0.23617605865001678 1.9065455198287964 128 128 128
0.6655944585800171 -0.2381337434053421 1.8888359069824219 128 128 128
0.3977632522583008 -0.21147142350673676 1.887172818183899 128 128 128
0.4207113981246948 -0.21483926475048065 1.9135918617248535 128 128 128
0.4373248219490051 -0.2151152789592743 1.912306308746338 128 128 128
0.4538901746273041 -0.21511943638324738 1.9074337482452393 128 128 128
0.5033561587333679 -0.21623384952545166 1.9024382829666138 128 128 128
0.5191574692726135 -0.2164059579372406 1.8982009887695312 128 128 128
0.5550810694694519 -0.2187393754720688 1.9072362184524536 128 128 128
0.5710026621818542 -0.21911941468715668 1.9042272567749023 128 128 128
0.5822253823280334 -0.21773892641067505 1.8834575414657593 128 128 128
0.5960630774497986 -0.21756669878959656 1.8776754140853882 128 128 128
0.6121256351470947 -0.2182077169418335 1.8746223449707031 128 128 128
0.296315461397171 -0.1944621503353119 1.8881947994232178 128 128 128
0.3121381998062134 -0.1941385567188263 1.8837803602218628 128 128 128
0.3283323049545288 -0.19391506910324097 1.8802212476730347 128 128 128
0.3652656078338623 -0.19547252357006073 1.8913379907608032 128 128 128
0.4531914293766022 -0.19885824620723724 1.9051258563995361 128 128 128
0.4677259922027588 -0.19835016131401062 1.895384669303894 128 128 128
0.4834856688976288 -0.1983194798231125 1.8890275955200195 128 128 128
0.49862486124038696 -0.19840116798877716 1.8852903842926025 128 128 128
0.5149554014205933 -0.19881370663642883 1.8827977180480957 128 128 128
0.5548973679542542 -0.20249620079994202 1.9031651020050049 128 128 128
0.6174049973487854 -0.20410269498825073 1.8906159400939941 128 128 128
0.6311668157577515 -0.20401941239833832 1.8819828033447266 128 128 128
0.6614918112754822 -0.20498764514923096 1.8728537559509277 128 128 128
0.677055299282074 -0.20558655261993408 1.8718057870864868 128 128 128
0.34629786014556885 -0.17820468544960022 1.878913402557373 128 128 128
0.3797338604927063 -0.1789223998785019 1.8807741403579712 128 128 128
0.41860759258270264 -0.1818336546421051 1.9038021564483643 128 128 128
0.4349910020828247 -0.1818312257528305 1.898895502090454 128 128 128
0.482548326253891 -0.18216504156589508 1.886576771736145 128 128 128
0.49983930587768555 -0.18283966183662415 1.8865255117416382 128 128 128
0.5152902603149414 -0.1829882711172104 1.8813292980194092 128 128 128
0.621009111404419 -0.18923978507518768 1.8999683856964111 128 128 128
0.7052620053291321 -0.1904044896364212 1.8588087558746338 128 128 128
0.311907559633255 -0.1618843674659729 1.8761181831359863 128 128 128
0.32784411311149597 -0.16171181201934814 1.8721904754638672 128 128 128
0.34498438239097595 -0.1619742065668106 1.873005747795105 128 128 128
0.36190125346183777 -0.16208712756633759 1.871476411819458 128 128 128
0.39951056241989136 -0.16453805565834045 1.8925139904022217 128 128 128
0.4119040369987488 -0.1629381775856018 1.8693795204162598 128 128 128
0.43280479311943054 -0.16494832932949066 1.887431025505066 128 128 128
0.44763413071632385 -0.16463179886341095 1.878197193145752 128 128 128
0.4647546410560608 -0.1652917116880417 1.879982829093933 128 128 128
0.32704004645347595 -0.14564934372901917 1.8671492338180542 128 128 128
0.37816134095191956 -0.1463024765253067 1.8660534620285034 128 128 128
0.4316940903663635 -0.14853905141353607 1.8790991306304932 128 128 128
0.4477829039096832 -0.14881178736686707 1.8766396045684814 128 128 128
0.46391698718070984 -0.14908841252326965 1.8732125759124756 128 128 128
0.4454432725906372 -0.13238386809825897 1.8671092987060547 128 128 128
0.461738258600235 -0.1327277570962906 1.8641672134399414 128 128 128
0.5913866758346558 -0.3449006974697113 0.9595539569854736 128 128 128
0.28054898977279663 -0.34164929389953613 0.9544138312339783 128 128 128
0.28106048703193665 -0.3363352119922638 0.9635022878646851 128 128 128
0.315427303314209 -0.34012940526008606 0.9761887788772583 128 128 128
0.32453230023384094 -0.33899828791618347 0.9737275838851929 128 128 128
0.36666223406791687 -0.3386421203613281 0.9757949113845825 128 128 128
0.4087126851081848 -0.3379034399986267 0.9779688119888306 128 128 128
0.4665050506591797 -0.3404165804386139 0.9925107955932617 128 128 128
0.13695168495178223 -0.33072414994239807 0.9757129549980164 128 128 128
0.16938704252243042 -0.33288154006004333 0.979421079158783 128 128 128
0.17976073920726776 -0.33324912190437317 0.9801673889160156 128 128 128
0.18951500952243805 -0.3325161039829254 0.9777318239212036 128 128 128
0.2324136346578598 -0.3337724506855011 0.9799705743789673 128 128 128
0.24147987365722656 -0.33316874504089355 0.9789882898330688 128 128 128
0.27432557940483093 -0.3337479829788208 0.980269193649292 128 128 128
0.3060530722141266 -0.33446332812309265 0.9839915037155151 128 128 128
0.31587716937065125 -0.333497554063797 0.9815556406974792 128 128 128
0.3257025480270386 -0.3332401514053345 0.9817550182342529 128 128 128
0.35788583755493164 -0.3329079747200012 0.9827552437782288 128 128 128
0.3674907982349396 -0.3324379324913025 0.9825889468193054 128 128 128
0.40963688492774963 -0.3316386938095093 0.984630286693573 128 128 128
0.50810706615448 -0.3313310146331787 0.9979566931724548 128 128 128
0.5173422694206238 -0.33059653639793396 0.9977352023124695 128 128 128
0.13681256771087646 -0.3247758150100708 0.9835914373397827 128 128 128
0.18902269005775452 -0.3263700604438782 0.9856273531913757 128 128 128
0.19967086613178253 -0.3264223337173462 0.9851540327072144 128 128 128
0.22145897150039673 -0.32728296518325806 0.9868844747543335 128 128 128
0.2311321645975113 -0.32704588770866394 0.986636221408844 128 128 128
0.284557968378067 -0.32769227027893066 0.9889196157455444 128 128 128
0.3271815776824951 -0.32747554779052734 0.990053653717041 128 128 128
0.36884525418281555 -0.32657620310783386 0.9907893538475037 128 128 128
0.41028276085853577 -0.3254345953464508 0.9920390844345093 128 128 128
0.4463532865047455 -0.3278924226760864 1.003936529159546 128 128 128
0.4688170850276947 -0.32741501927375793 1.0053554773330688 128 128 128
0.5202823877334595 -0.32444530725479126 1.005224347114563 128 128 128
0.15687018632888794 -0.3185100853443146 0.9898620247840881 128 128 128
0.19942821562290192 -0.32014164328575134 0.992793619632721 128 128 128
0.22358663380146027 -0.3244039714336395 1.0053296089172363 128 128 128
0.23360706865787506 -0.32426536083221436 1.0052622556686401 128 128 128
0.2667839229106903 -0.3249480426311493 1.006879210472107 128 128 128
0.30986112356185913 -0.3249148428440094 1.008096694946289 128 128 128
0.31980815529823303 -0.32456713914871216 1.0079535245895386 128 128 128
0.35273271799087524 -0.3244902491569519 1.0096075534820557 128 128 128
0.3624229431152344 -0.32387298345565796 1.0088779926300049 128 128 128
0.3958664536476135 -0.32344797253608704 1.0101408958435059 128 128 128
0.40499746799468994 -0.3222433924674988 1.007717490196228 128 128 128
0.4467254877090454 -0.32043859362602234 1.0076360702514648 128 128 128
0.5210558772087097 -0.31747040152549744 1.010604977607727 128 128 128
0.1470281332731247 -0.31623923778533936 1.0128499269485474 128 128 128
0.19103747606277466 -0.31762441992759705 1.0134601593017578 128 128 128
0.201026052236557 -0.31748270988464355 1.0131973028182983 128 128 128
0.2343480885028839 -0.31821271777153015 1.0138359069824219 128 128 128
0.24386592209339142 -0.31756526231765747 1.0123724937438965 128 128 128
0.32094985246658325 -0.31818458437919617 1.0154039859771729 128 128 128
0.46455398201942444 -0.31749919056892395 1.0282514095306396 128 128 128
0.4984295666217804 -0.3168060779571533 1.0311909914016724 128 128 128
0.522400975227356 -0.31069329380989075 1.0169302225112915 128 128 128
0.5310319066047668 -0.3094581961631775 1.0150160789489746 128 128 128
0.2697809934616089 -0.3158114552497864 1.036046028137207 128 128 128
0.2799369990825653 -0.3150275945663452 1.0337204933166504 128 128 128
0.31396931409835815 -0.3160478174686432 1.0381721258163452 128 128 128
0.3569149672985077 -0.3139149844646454 1.033166527748108 128 128 128
0.3907386064529419 -0.31382760405540466 1.0357062816619873 128 128 128
0.4000009000301361 -0.31273889541625977 1.0335726737976074 128 128 128
0.44467511773109436 -0.3121953010559082 1.0372401475906372 128 128 128
0.4764745831489563 -0.31011512875556946 1.0350035429000854 128 128 128
0.4869660437107086 -0.3095055818557739 1.0347787141799927 128 128 128
0.4992934763431549 -0.30978184938430786 1.0375466346740723 128 128 128
0.5090124011039734 -0.30889081954956055 1.0365877151489258 128 128 128
0.5410502552986145 -0.30673468112945557 1.0354266166687012 128 128 128
0.5503277778625488 -0.305586040019989 1.033782958984375 128 128 128
0.15769881010055542 -0.30650192499160767 1.041265845298767 128 128 128
0.19183292984962463 -0.3077569305896759 1.04206120967865 128 128 128
0.2022443264722824 -0.3076505959033966 1.0416463613510132 128 128 128
0.2468133568763733 -0.3078087568283081 1.0399612188339233 128 128 128
0.3243705928325653 -0.3081898093223572 1.0429694652557373 128 128 128
0.3686262369155884 -0.30688679218292236 1.040824294090271 128 128 128
0.40144672989845276 -0.3060450553894043 1.0412323474884033 128 128 128
0.43528300523757935 -0.30533191561698914 1.0425832271575928 128 128 128
0.4775526523590088 -0.30308958888053894 1.0416299104690552 128 128 128
0.4954031705856323 -0.3070928454399109 1.0576506853103638 128 128 128
0.5421663522720337 -0.2998829185962677 1.0427013635635376 128 128 128
0.55222088098526 -0.2987789213657379 1.0410569906234741 128 128 128
0.5833133459091187 -0.2962952256202698 1.0395417213439941 128 128 128
0.13352572917938232 -0.29698607325553894 1.043573021888733 128 128 128
0.1678345650434494 -0.298945814371109 1.04610013961792 128 128 128
0.19309043884277344 -0.3038874864578247 1.061477780342102 128 128 128
0.20377174019813538 -0.30384498834609985 1.0611679553985596 128 128 128
0.22785986959934235 -0.30502942204475403 1.0630499124526978 128 128 128
0.23805034160614014 -0.3045351505279541 1.0616940259933472 128 128 128
0.2728549540042877 -0.3052884340286255 1.0633082389831543 128 128 128
0.28332749009132385 -0.3049997091293335 1.0629267692565918 128 128 128
0.3072383999824524 -0.30529505014419556 1.0634167194366455 128 128 128
0.3172743618488312 -0.30483919382095337 1.0629991292953491 128 128 128
0.3511393368244171 -0.3042881488800049 1.062558889389038 128 128 128
0.3861648440361023 -0.30399614572525024 1.0635972023010254 128 128 128
0.39602550864219666 -0.30343931913375854 1.063372254371643 128 128 128
0.4957049787044525 -0.2988426387310028 1.0604667663574219 128 128 128
0.5198878645896912 -0.2990869879722595 1.0655243396759033 128 128 128
0.5291733145713806 -0.2975638806819916 1.0621780157089233 128 128 128
0.5392192006111145 -0.29666954278945923 1.0612486600875854 128 128 128
0.5719397664070129 -0.2944735586643219 1.060356855392456 128 128 128
0.16931916773319244 -0.2960984408855438 1.0702786445617676 128 128 128
0.2038402408361435 -0.29663947224617004 1.0685585737228394 128 128 128
0.24813063442707062 -0.2965385317802429 1.0668045282363892 128 128 128
0.3294101059436798 -0.2973334491252899 1.0693482160568237 128 128 128
0.39622825384140015 -0.2957785427570343 1.0691227912902832 128 128 128
0.42368388175964355 -0.2986087501049042 1.0820443630218506 128 128 128
0.43068546056747437 -0.2948077917098999 1.0690058469772339 128 128 128
0.46451207995414734 -0.293662965297699 1.0695370435714722 128 128 128
0.48121941089630127 -0.2964681088924408 1.0816967487335205 128 128 128
0.4918041527271271 -0.2960318624973297 1.082274317741394 128 128 128
0.5298342108726501 -0.2902757227420807 1.0692120790481567 128 128 128
0.5718345642089844 -0.28683891892433167 1.065908670425415 128 128 128
0.1097303032875061 -0.2844454348087311 1.0715395212173462 128 128 128
0.2043038308620453 -0.2919178009033203 1.0879164934158325 128 128 128
0.27491769194602966 -0.29359614849090576 1.090550184249878 128 128 128
0.3219537138938904 -0.2941516041755676 1.0930633544921875 128 128 128
0.35632145404815674 -0.29280781745910645 1.0888392925262451 128 128 128
0.39053529500961304 -0.2923473119735718 1.0902410745620728 128 128 128
0.4261845350265503 -0.29164522886276245 1.0906319618225098 128 128 128
0.4599447250366211 -0.2900790572166443 1.0892950296401978 128 128 128
0.46858280897140503 -0.28865453600883484 1.0861244201660156 128 128 128
0.492208331823349 -0.2878109812736511 1.086303472518921 128 128 128
0.5256862044334412 -0.2860119938850403 1.0857510566711426 128 128 128
0.536355197429657 -0.2854880690574646 1.086197018623352 128 128 128
0.5503337979316711 -0.28592267632484436 1.0901117324829102 128 128 128
0.09833680093288422 -0.2823641896247864 1.1052852869033813 128 128 128
0.18021802604198456 -0.2833758592605591 1.0946440696716309 128 128 128
0.2271592915058136 -0.2845573425292969 1.0948625802993774 128 128 128
0.2615550756454468 -0.28470832109451294 1.0942561626434326 128 128 128
0.29702502489089966 -0.28507155179977417 1.0947840213775635 128 128 128
0.34801796078681946 -0.2882796823978424 1.1082276105880737 128 128 128
0.3835824131965637 -0.2877870798110962 1.108289122581482 128 128 128
0.47598445415496826 -0.2847987115383148 1.1079387664794922 128 128 128
0.49360185861587524 -0.28023412823677063 1.0932656526565552 128 128 128
0.5271245241165161 -0.2784993350505829 1.092994213104248 128 128 128
0.5354284644126892 -0.27649620175361633 1.0873796939849854 128 128 128
0.18144069612026215 -0.27896326780319214 1.1167757511138916 128 128 128
0.21747541427612305 -0.2803247570991516 1.1185941696166992 128 128 128
0.25302985310554504 -0.28034722805023193 1.1157938241958618 128 128 128
0.34812530875205994 -0.2803010940551758 1.115088701248169 128 128 128
0.3589588701725006 -0.2797771096229553 1.1140635013580322 128 128 128
0.3942137360572815 -0.2787608802318573 1.1119967699050903 128 128 128
0.41857439279556274 -0.2784102261066437 1.1124539375305176 128 128 128
0.42902615666389465 -0.27773070335388184 1.1115530729293823 128 128 128
0.45474106073379517 -0.27793166041374207 1.1149054765701294 128 128 128
0.48807311058044434 -0.27597156167030334 1.112628698348999 128 128 128
0.522515058517456 -0.27410030364990234 1.1112205982208252 128 128 128
0.5567755103111267 -0.27244219183921814 1.1118371486663818 128 128 128
0.13106293976306915 -0.26725390553474426 1.118639349937439 128 128 128
0.15620963275432587 -0.26980018615722656 1.12432062625885 128 128 128
0.18280865252017975 -0.2743188440799713 1.1394001245498657 128 128 128
0.2177758812904358 -0.2739420235157013 1.134321928024292 128 128 128
0.2439112812280655 -0.27611809968948364 1.140639066696167 128 128 128
0.25543463230133057 -0.2758917808532715 1.1393234729766846 128 128 128
0.31662705540657043 -0.2762034237384796 1.138113021850586 128 128 128
0.3879035711288452 -0.27467110753059387 1.1346036195755005 128 128 128
0.4482164680957794 -0.2732280194759369 1.134347677230835 128 128 128
0.506568968296051 -0.27080073952674866 1.1336829662322998 128 128 128
0.5758562684059143 -0.26676905155181885 1.1312255859375 128 128 128
0.6005674600601196 -0.26570847630500793 1.1323165893554688 128 128 128
0.6080384254455566 -0.2633976340293884 1.1253701448440552 128 128 128
0.1305711716413498 -0.2612919509410858 1.1377933025360107 128 128 128
0.2295699268579483 -0.2659304738044739 1.141699194908142 128 128 128
0.2556400001049042 -0.2677540183067322 1.1469990015029907 128 128 128
0.3635396659374237 -0.2668306827545166 1.1426479816436768 128 128 128
0.41596630215644836 -0.26854321360588074 1.1534008979797363 128 128 128
0.47686755657196045 -0.2667982578277588 1.153037428855896 128 128 128
0.483751505613327 -0.2633332312107086 1.1394118070602417 128 128 128
0.5178132057189941 -0.2612326145172119 1.136703372001648 128 128 128
0.5529145002365112 -0.2594204545021057 1.1361013650894165 128 128 128
0.576603353023529 -0.2580449879169464 1.1353647708892822 128 128 128
0.6100671887397766 -0.25561875104904175 1.1336647272109985 128 128 128
0.13145053386688232 -0.25608646869659424 1.1600267887115479 128 128 128
0.19496937096118927 -0.26026347279548645 1.1666712760925293 128 128 128
0.23060055077075958 -0.25968942046165466 1.1599783897399902 128 128 128
0.26874247193336487 -0.2612212598323822 1.1634949445724487 128 128 128
0.3313824534416199 -0.2618926763534546 1.164253830909729 128 128 128
0.35443761944770813 -0.26049140095710754 1.1582711935043335 128 128 128
0.45398232340812683 -0.25970786809921265 1.162863850593567 128 128 128
0.47828882932662964 -0.25842565298080444 1.1598706245422363 128 128 128
0.537249743938446 -0.25524675846099854 1.1563962697982788 128 128 128
0.6043742895126343 -0.24974273145198822 1.1481945514678955 128 128 128
0.32202377915382385 -0.2562256157398224 1.1866352558135986 128 128 128
0.35950812697410583 -0.25566786527633667 1.1836484670639038 128 128 128
0.3843321204185486 -0.25504037737846375 1.1812751293182373 128 128 128
0.44766518473625183 -0.25421300530433655 1.1825007200241089 128 128 128
0.5082970261573792 -0.25158002972602844 1.1793558597564697 128 128 128
0.5335025191307068 -0.2506978213787079 1.1796765327453613 128 128 128
0.5503612160682678 -0.24612373113632202 1.1628830432891846 128 128 128
0.5707108974456787 -0.24359609186649323 1.1565814018249512 128 128 128
0.6065763235092163 -0.24174532294273376 1.157056450843811 128 128 128
0.18147265911102295 -0.24444903433322906 1.1959221363067627 128 128 128
0.32500144839286804 -0.24948303401470184 1.2040904760360718 128 128 128
0.41430461406707764 -0.24869248270988464 1.2024214267730713 128 128 128
0.4409618675708771 -0.248768612742424 1.2048580646514893 128 128 128
0.45822611451148987 -0.24397233128547668 1.1843862533569336 128 128 128
0.48314377665519714 -0.24317529797554016 1.1839022636413574 128 128 128
0.5179383754730225 -0.2409725934267044 1.1797702312469482 128 128 128
0.543784499168396 -0.24015849828720093 1.1803581714630127 128 128 128
0.2729056477546692 -0.24002142250537872 1.2140716314315796 128 128 128
0.3627997636795044 -0.23981471359729767 1.2080785036087036 128 128 128
0.4768218696117401 -0.2374240756034851 1.2051292657852173 128 128 128
0.48870939016342163 -0.23695772886276245 1.205145239830017 128 128 128
0.563849151134491 -0.2334597408771515 1.20110285282135 128 128 128
0.5883670449256897 -0.23214544355869293 1.2004629373550415 128 128 128
0.2656998634338379 -0.23615401983261108 1.2527753114700317 128 128 128
0.3021191656589508 -0.23422378301620483 1.2389332056045532 128 128 128
0.3664628565311432 -0.23328563570976257 1.2306325435638428 128 128 128
0.39276131987571716 -0.23324978351593018 1.231050968170166 128 128 128
0.4190901517868042 -0.23283232748508453 1.2295457124710083 128 128 128
0.44443660974502563 -0.2323644757270813 1.2300572395324707 128 128 128
0.27685049176216125 -0.22557999193668365 1.2546356916427612 128 128 128
0.42356792092323303 -0.22570107877254486 1.2496274709701538 128 128 128
0.4301571846008301 -0.22230303287506104 1.2320387363433838 128 128 128
0.4490363895893097 -0.22508689761161804 1.2491929531097412 128 128 128
0.5271356701850891 -0.22260309755802155 1.2461429834365845 128 128 128
0.5527461767196655 -0.22121042013168335 1.2430477142333984 128 128 128
0.5689998269081116 -0.21675504744052887 1.2239086627960205 128 128 128
0.5942122340202332 -0.21533803641796112 1.2221421003341675 128 128 128
0.6409047245979309 -0.21165387332439423 1.2160738706588745 128 128 128
0.4522017240524292 -0.21698129177093506 1.2658653259277344 128 128 128
0.530672013759613 -0.21423819661140442 1.260404348373413 128 128 128
0.16895437240600586 -0.20536714792251587 1.298617959022522 128 128 128
0.33511707186698914 -0.2104111909866333 1.293675184249878 128 128 128
0.47180378437042236 -0.2093767523765564 1.287804126739502 128 128 128
0.5769950151443481 -0.20510274171829224 1.2798972129821777 128 128 128
0.4495485723018646 -0.20205190777778625 1.3114221096038818 128 128 128
0.4764510989189148 -0.20125892758369446 1.3083823919296265 128 128 128
0.4837920367717743 -0.19835302233695984 1.29068124294281 128 128 128
0.5880948901176453 -0.193833127617836 1.281915545463562 128 128 128
0.3413700461387634 -0.19391241669654846 1.3383338451385498 128 128 128
0.37031155824661255 -0.19435249269008636 1.3379579782485962 128 128 128
0.42516031861305237 -0.19346722960472107 1.3298953771591187 128 128 128
0.43474510312080383 -0.19140687584877014 1.315934419631958 128 128 128
0.4873785674571991 -0.18969453871250153 1.3094220161437988 128 128 128
0.3998982608318329 -0.18459215760231018 1.352351188659668 128 128 128
0.3578855097293854 -0.17405965924263 1.366865873336792 128 128 128
0.45684298872947693 -0.17335692048072815 1.3559900522232056 128 128 128
0.48311173915863037 -0.17223522067070007 1.3493021726608276 128 128 128
0.4355526864528656 -0.16555368900299072 1.3916667699813843 128 128 128
0.605380654335022 -0.14976172149181366 1.380212426185608 128 128 128
0.7145304083824158 -0.14369496703147888 1.3666727542877197 128 128 128
0.42080268263816833 -0.7870469689369202 2.5183842182159424 128 128 128
0.47027823328971863 -0.7609719038009644 2.4521753787994385 128 128 128
0.3398928642272949 -0.7822707891464233 2.546029567718506 128 128 128
0.38064560294151306 -0.7751598954200745 2.5330145359039307 128 128 128
0.4748515486717224 -0.7177540063858032 2.380924701690674 128 128 128
0.5489494800567627 -0.7340320944786072 2.4549474716186523 128 128 128
0.170729860663414 -0.788314700126648 2.595860004425049 128 128 128
0.3682328164577484 -0.7789762020111084 2.611239194869995 128 128 128
0.4105871617794037 -0.7730333209037781 2.6019179821014404 128 128 128
0.4603813886642456 -0.7442837953567505 2.524890184402466 128 128 128
0.4718068242073059 -0.7283543348312378 2.477944850921631 128 128 128
0.5081668496131897 -0.7186139822006226 2.4574012756347656 128 128 128
0.5185586214065552 -0.7040706276893616 2.415151357650757 128 128 128
0.6378388404846191 -0.67463219165802 2.361313581466675 128 128 128
0.06280747801065445 -0.8129414916038513 2.7286388874053955 128 128 128
0.08405839651823044 -0.7987212538719177 2.686931610107422 128 128 128
0.1502714455127716 -0.7871987223625183 2.6621580123901367 128 128 128
0.19505901634693146 -0.7844510078430176 2.661902904510498 128 128 128
0.25636112689971924 -0.7648751139640808 2.6130645275115967 128 128 128
0.298772931098938 -0.7565662264823914 2.590907335281372 128 128 128
0.314384788274765 -0.741928219795227 2.5486373901367188 128 128 128
0.3927046060562134 -0.7229825854301453 2.5045647621154785 128 128 128
0.4699349105358124 -0.7423873543739319 2.5930099487304688 128 128 128
0.5070207118988037 -0.7299771308898926 2.5608718395233154 128 128 128
0.5183546543121338 -0.7147570252418518 2.514261245727539 128 128 128
0.5545602440834045 -0.6781813502311707 2.4058964252471924 128 128 128
0.5831805467605591 -0.6624951958656311 2.3631134033203125 128 128 128
0.5899443626403809 -0.6481714844703674 2.3211231231689453 128 128 128
0.6210623383522034 -0.6187072396278381 2.234642505645752 128 128 128
0.7036417126655579 -0.6250256299972534 2.2827377319335938 128 128 128
0.704563319683075 -0.6104519963264465 2.2357940673828125 128 128 128
0.060083262622356415 -0.7999118566513062 2.7696852684020996 128 128 128
0.23984204232692719 -0.7677853107452393 2.6937689781188965 128 128 128
0.25845038890838623 -0.754845380783081 2.653728485107422 128 128 128
0.3276103138923645 -0.7566245794296265 2.677103281021118 128 128 128
0.3432305157184601 -0.7407712340354919 2.6273672580718994 128 128 128
0.3855765163898468 -0.7338721752166748 2.6114754676818848 128 128 128
0.4003663957118988 -0.7204760909080505 2.5722434520721436 128 128 128
0.4396122992038727 -0.7108481526374817 2.547637939453125 128 128 128
0.47216179966926575 -0.6933982968330383 2.4983835220336914 128 128 128
0.48460814356803894 -0.6806249618530273 2.4604928493499756 128 128 128
0.5174015760421753 -0.6666832566261292 2.421161413192749 128 128 128
0.47279030084609985 -0.7102023363113403 2.634094476699829 128 128 128
0.5163169503211975 -0.6757286787033081 2.5231447219848633 128 128 128
0.5580026507377625 -0.6462671160697937 2.4328219890594482 128 128 128
0.5615118145942688 -0.6266474723815918 2.3680522441864014 128 128 128
0.6715458631515503 -0.6115669012069702 2.353127956390381 128 128 128
0.6904652714729309 -0.5769211053848267 2.2413816452026367 128 128 128
0.7176613211631775 -0.5552906394004822 2.173682928085327 128 128 128
0.7291969656944275 -0.5513911843299866 2.1625828742980957 128 128 128
0.07525582611560822 -0.7284986972808838 2.6926450729370117 128 128 128
0.19173839688301086 -0.7355583310127258 2.7411625385284424 128 128 128
0.21179232001304626 -0.7246354222297668 2.7063276767730713 128 128 128
0.22955124080181122 -0.7090618014335632 2.65557861328125 128 128 128
0.5165415406227112 -0.6876579523086548 2.644016981124878 128 128 128
0.5633784532546997 -0.6603282690048218 2.5600385665893555 128 128 128
0.5988479256629944 -0.6255873441696167 2.4447476863861084 128 128 128
0.6251364946365356 -0.6084720492362976 2.3918442726135254 128 128 128
0.626883327960968 -0.5904650688171387 2.3304831981658936 128 128 128
0.6572107672691345 -0.5803713798522949 2.304535150527954 128 128 128
0.6521211266517639 -0.5591700077056885 2.229565382003784 128 128 128
0.6622559428215027 -0.535937488079071 2.150275230407715 128 128 128
0.7279718518257141 -0.5730557441711426 2.305548906326294 128 128 128
0.6919071674346924 -0.517681896686554 2.09389066696167 128 128 128
0.7003668546676636 -0.5119256973266602 2.0750927925109863 128 128 128
0.16423898935317993 -0.7085099220275879 2.731630802154541 128 128 128
0.20990636944770813 -0.7047520279884338 2.724043130874634 128 128 128
0.25571122765541077 -0.7032794952392578 2.7306182384490967 128 128 128
0.3463273346424103 -0.6956616044044495 2.7177841663360596 128 128 128
0.56191086769104 -0.6145021915435791 2.465104103088379 128 128 128
0.6451943516731262 -0.631132960319519 2.5554020404815674 128 128 128
0.6894461512565613 -0.5556723475456238 2.2968554496765137 128 128 128
0.8094910383224487 -0.5162410736083984 2.1681408882141113 128 128 128
0.3520604372024536 -0.6892462968826294 2.7933428287506104 128 128 128
0.36579400300979614 -0.6701493263244629 2.72061824798584 128 128 128
0.41460171341896057 -0.6725074052810669 2.737459897994995 128 128 128
0.45266056060791016 -0.6582321524620056 2.688366174697876 128 128 128
0.5339542031288147 -0.6419498920440674 2.6469430923461914 128 128 128
0.540656328201294 -0.622769296169281 2.576263666152954 128 128 128
0.5786764025688171 -0.614177405834198 2.5496151447296143 128 128 128
0.7276544570922852 -0.5848007798194885 2.4921586513519287 128 128 128
0.7160366177558899 -0.5129584074020386 2.2162106037139893 128 128 128
0.6650751233100891 -0.46446630358695984 2.013204336166382 128 128 128
0.7418341040611267 -0.5053074955940247 2.195406913757324 128 128 128
0.731087863445282 -0.4868699610233307 2.1199774742126465 128 128 128
0.7349418997764587 -0.459995299577713 2.00472354888916 128 128 128
0.2568711042404175 -0.6727941632270813 2.8092894554138184 128 128 128
0.5515860319137573 -0.6430376172065735 2.7520124912261963 128 128 128
0.5552565455436707 -0.6199392676353455 2.6584043502807617 128 128 128
0.6796918511390686 -0.5632389187812805 2.4693894386291504 128 128 128
0.6918981671333313 -0.4436167776584625 2.0035855770111084 128 128 128
0.15424826741218567 -0.6279988288879395 2.7057056427001953 128 128 128
0.6356127858161926 -0.6083933711051941 2.7306957244873047 128 128 128
0.7201113104820251 -0.5405879020690918 2.4747936725616455 128 128 128
0.7122448086738586 -0.4882470369338989 2.2596640586853027 128 128 128
0.7079260349273682 -0.4475698173046112 2.094717025756836 128 128 128
0.8110491037368774 -0.46207836270332336 2.167921781539917 128 128 128
0.22479046881198883 -0.6146259903907776 2.774702787399292 128 128 128
0.24407866597175598 -0.6038100123405457 2.7295169830322266 128 128 128
0.27336880564689636 -0.6173901557922363 2.7963356971740723 128 128 128
0.29060113430023193 -0.6035345196723938 2.7406160831451416 128 128 128
0.3184871971607208 -0.6120231747627258 2.780914545059204 128 128 128
0.3358898460865021 -0.6004436612129211 2.7328100204467773 128 128 128
0.37772953510284424 -0.5921480655670166 2.7053942680358887 128 128 128
0.7832286357879639 -0.5331063866615295 2.551922559738159 128 128 128
0.7664254903793335 -0.4918186366558075 2.373361110687256 128 128 128
0.8855522274971008 -0.48437386751174927 2.3645777702331543 128 128 128
0.07999838143587112 -0.5761657357215881 2.6959750652313232 128 128 128
0.15033642947673798 -0.5842878818511963 2.749746322631836 128 128 128
0.17125144600868225 -0.5762577652931213 2.7149393558502197 128 128 128
0.27403199672698975 -0.5987619161605835 2.8352560997009277 128 128 128
0.29151344299316406 -0.5852691531181335 2.7746810913085938 128 128 128
0.6190845966339111 -0.5728481411933899 2.7854270935058594 128 128 128
0.660991370677948 -0.5662179589271545 2.7665042877197266 128 128 128
0.05661610886454582 -0.5677476525306702 2.779900074005127 128 128 128
0.10331345349550247 -0.567603349685669 2.7901194095611572 128 128 128
0.19736610352993011 -0.5662529468536377 2.792036771774292 128 128 128
0.21513277292251587 -0.5509640574455261 2.726327419281006 128 128 128
0.27478060126304626 -0.5789986848831177 2.871270179748535 128 128 128
0.2890925407409668 -0.5591493844985962 2.7798690795898438 128 128 128
0.3717421591281891 -0.576518177986145 2.8797154426574707 128 128 128
0.4194522798061371 -0.574030339717865 2.876328706741333 128 128 128
0.4782542586326599 -0.5560219883918762 2.795578718185425 128 128 128
0.5167036652565002 -0.5716977715492249 2.8796279430389404 128 128 128
0.5309301614761353 -0.5596978664398193 2.8298261165618896 128 128 128
0.6994377970695496 -0.5355913043022156 2.7452232837677 128 128 128
0.7515478730201721 -0.5377485752105713 2.7666029930114746 128 128 128
0.853492021560669 -0.4441302418708801 2.3687121868133545 128 128 128
0.14889036118984222 -0.5431295037269592 2.8045334815979004 128 128 128
0.16805587708950043 -0.5287216305732727 2.7407689094543457 128 128 128
0.24339145421981812 -0.5410361289978027 2.8171370029449463 128 128 128
0.37150782346725464 -0.5525391697883606 2.8968887329101562 128 128 128
0.38415732979774475 -0.5355785489082336 2.8119280338287354 128 128 128
0.4404723346233368 -0.5450849533081055 2.8737425804138184 128 128 128
0.46687138080596924 -0.5470584630966187 2.8881757259368896 128 128 128
0.47865864634513855 -0.5316529273986816 2.8180086612701416 128 128 128
0.528808057308197 -0.5590904355049133 2.9666941165924072 128 128 128
0.5348249673843384 -0.5394406914710999 2.865316152572632 128 128 128
0.6826316714286804 -0.5575047731399536 2.9884815216064453 128 128 128
0.6805431246757507 -0.5348671674728394 2.874981164932251 128 128 128
0.7935996055603027 -0.561795711517334 3.0284316539764404 128 128 128
0.8589884042739868 -0.5877867341041565 3.1774191856384277 128 128 128
0.847430944442749 -0.5616245269775391 3.0393595695495605 128 128 128
0.8137284517288208 -0.5221688747406006 2.8341526985168457 128 128 128
0.8112198710441589 -0.4893815219402313 2.6703810691833496 128 128 128
0.8182385563850403 -0.46563106775283813 2.5510711669921875 128 128 128
0.7658038139343262 -0.42312362790107727 2.3290469646453857 128 128 128
0.8476712107658386 -0.4553738832473755 2.5119850635528564 128 128 128
0.7034344673156738 -0.3495546579360962 1.9513651132583618 128 128 128
0.005885180085897446 -0.5183145999908447 2.7995564937591553 128 128 128
0.14126504957675934 -0.4961060881614685 2.7046725749969482 128 128 128
0.16756564378738403 -0.5068287253379822 2.76206636428833 128 128 128
0.1875627040863037 -0.4974658787250519 2.7211272716522217 128 128 128
0.2416083812713623 -0.513774573802948 2.8237242698669434 128 128 128
0.26066336035728455 -0.504844069480896 2.772368907928467 128 128 128
0.32406821846961975 -0.5312560200691223 2.9268434047698975 128 128 128
0.34101739525794983 -0.5189511179924011 2.863964796066284 128 128 128
0.3874659836292267 -0.5149158239364624 2.8551185131073 128 128 128
0.42454901337623596 -0.5307633876800537 2.946701765060425 128 128 128
0.4354357123374939 -0.5135237574577332 2.857062816619873 128 128 128
0.4706997275352478 -0.5254133939743042 2.9280214309692383 128 128 128
0.5254379510879517 -0.5573039650917053 3.1057188510894775 128 128 128
0.5280359387397766 -0.5318127870559692 2.9762699604034424 128 128 128
0.5776688456535339 -0.5553007125854492 3.1085762977600098 128 128 128
0.5775155425071716 -0.5301429629325867 2.9744958877563477 128 128 128
0.5863080620765686 -0.5144945979118347 2.8963818550109863 128 128 128
0.7392240166664124 -0.5338744521141052 3.0262351036071777 128 128 128
0.8003547787666321 -0.558661937713623 3.166934013366699 128 128 128
0.8027800917625427 -0.5411648154258728 3.075312852859497 128 128 128
0.7788718342781067 -0.5071900486946106 2.8922178745269775 128 128 128
0.8603668808937073 -0.5262904167175293 3.0069453716278076 128 128 128
0.94113689661026 -0.5583820343017578 3.195659875869751 128 128 128
0.9187242984771729 -0.47147703170776367 2.732729911804199 128 128 128
0.848102867603302 -0.4120417535305023 2.4026994705200195 128 128 128
0.11974044889211655 -0.48116549849510193 2.7710769176483154 128 128 128
0.24203039705753326 -0.4906161427497864 2.848498582839966 128 128 128
0.2609752416610718 -0.4810360074043274 2.796159029006958 128 128 128
0.2875019609928131 -0.4852440357208252 2.828331232070923 128 128 128
0.32091400027275085 -0.4999898374080658 2.9167659282684326 128 128 128
0.33940908312797546 -0.49021056294441223 2.8681883811950684 128 128 128
0.35438913106918335 -0.47733524441719055 2.797328472137451 128 128 128
0.3887611925601959 -0.49073290824890137 2.8784327507019043 128 128 128
0.420340895652771 -0.4992101788520813 2.9305286407470703 128 128 128
0.5143071413040161 -0.5167839527130127 3.053377389907837 128 128 128
0.5358849167823792 -0.48778000473976135 2.895009994506836 128 128 128
0.5804271101951599 -0.5042917728424072 3.000708818435669 128 128 128
0.6353727579116821 -0.5285359025001526 3.148643732070923 128 128 128
0.6469149589538574 -0.5164173245429993 3.0779571533203125 128 128 128
0.7778900265693665 -0.4799477756023407 2.8959553241729736 128 128 128
0.8731451034545898 -0.5214626789093018 3.152681827545166 128 128 128
0.8308196663856506 -0.48006194829940796 2.9125192165374756 128 128 128
0.9276071786880493 -0.5202698111534119 3.1591150760650635 128 128 128
0.9377403259277344 -0.4821641445159912 2.942556381225586 128 128 128
0.9139943718910217 -0.44445502758026123 2.7254295349121094 128 128 128
0.33950087428092957 -0.4638000428676605 2.8807003498077393 128 128 128
0.385044127702713 -0.4596202075481415 2.8610777854919434 128 128 128
0.41538625955581665 -0.4659997522830963 2.9062225818634033 128 128 128
0.47425657510757446 -0.4749126732349396 2.9707491397857666 128 128 128
0.528921365737915 -0.45487937331199646 2.863922119140625 128 128 128
0.5787789821624756 -0.4742012619972229 2.998749256134033 128 128 128
0.7071892619132996 -0.49021056294441223 3.1231489181518555 128 128 128
0.6890342831611633 -0.4597632586956024 2.9346158504486084 128 128 128
1.0082415342330933 -0.5151771306991577 3.340634346008301 128 128 128
0.9314831495285034 -0.4632622301578522 3.0031092166900635 128 128 128
0.20958539843559265 -0.42215707898139954 2.767167806625366 128 128 128
0.3820175528526306 -0.4287509322166443 2.8454792499542236 128 128 128
0.41972973942756653 -0.442044734954834 2.9432168006896973 128 128 128
0.4358343780040741 -0.4332415759563446 2.8867886066436768 128 128 128
0.47974878549575806 -0.45034658908843994 3.010948657989502 128 128 128
0.5179129242897034 -0.4616203308105469 3.088315486907959 128 128 128
0.5268082022666931 -0.44541722536087036 2.9920780658721924 128 128 128
0.5859096646308899 -0.45069998502731323 3.0388247966766357 128 128 128
0.631702184677124 -0.44570192694664 3.014524459838867 128 128 128
0.700478196144104 -0.4733293950557709 3.213963270187378 128 128 128
0.6842620372772217 -0.44505631923675537 3.0234546661376953 128 128 128
0.7382565140724182 -0.44480741024017334 3.0366711616516113 128 128 128
0.8416895866394043 -0.44060927629470825 3.0399329662323 128 128 128
0.8856427073478699 -0.43488678336143494 3.013637065887451 128 128 128
0.9212057590484619 -0.42649558186531067 2.9626190662384033 128 128 128
0.8690621256828308 -0.38029173016548157 2.6468019485473633 128 128 128
0.2582985758781433 -0.3978201746940613 2.8000922203063965 128 128 128
0.2860448956489563 -0.4013933539390564 2.8426589965820312 128 128 128
0.30546626448631287 -0.3961154520511627 2.802729606628418 128 128 128
0.3827400803565979 -0.39937281608581543 2.8533709049224854 128 128 128
0.412617027759552 -0.40601009130477905 2.89579701423645 128 128 128
0.4286387264728546 -0.39729851484298706 2.8410532474517822 128 128 128
0.4690868556499481 -0.41021254658699036 2.945111036300659 128 128 128
0.5281869769096375 -0.39629772305488586 2.863448143005371 128 128 128
0.5684415102005005 -0.4079204499721527 2.9479269981384277 128 128 128
0.6765689849853516 -0.4246804118156433 3.101227045059204 128 128 128
0.7324404716491699 -0.424844354391098 3.1160409450531006 128 128 128
0.7119830250740051 -0.39825183153152466 2.9241690635681152 128 128 128
0.8862217664718628 -0.41771334409713745 3.0973734855651855 128 128 128
0.8405041694641113 -0.3718487024307251 2.768540859222412 128 128 128
0.8264827728271484 -0.3460281789302826 2.5740926265716553 128 128 128
0.28749969601631165 -0.3755083382129669 2.8578805923461914 128 128 128
0.5693628191947937 -0.37599021196365356 2.9460818767547607 128 128 128
0.6676684617996216 -0.38792216777801514 3.0541186332702637 128 128 128
0.6441846489906311 -0.36041292548179626 2.837578296661377 128 128 128
0.6817355751991272 -0.36605149507522583 2.8934619426727295 128 128 128
0.787697434425354 -0.34428641200065613 2.743579626083374 128 128 128
0.8527123928070068 -0.3603024482727051 2.879749298095703 128 128 128
0.7772455215454102 -0.2717488706111908 2.110041618347168 128 128 128
0.6400311589241028 -0.3424356281757355 2.9191577434539795 128 128 128
0.7307882308959961 -0.31366512179374695 2.697481393814087 128 128 128
0.7557376027107239 -0.312684029340744 2.6991991996765137 128 128 128
0.7928089499473572 -0.31061622500419617 2.668565034866333 128 128 128
0.7618958950042725 -0.2628754675388336 2.1955606937408447 128 128 128
0.7333506941795349 -0.2977682650089264 2.7833077907562256 128 128 128
0.7571249604225159 -0.28027334809303284 2.6129167079925537 128 128 128
0.4184964597225189 -0.25768551230430603 2.5975699424743652 128 128 128
0.47819530963897705 -0.26350879669189453 2.67997407913208 128 128 128
0.48772040009498596 -0.2566157579421997 2.6094095706939697 128 128 128
0.24501793086528778 -0.41650116443634033 1.444238543510437 128 128 128
0.26541003584861755 -0.4137832522392273 1.4365392923355103 128 128 128
0.06110961362719536 -0.4411531686782837 1.5331065654754639 128 128 128
0.18024925887584686 -0.4156867265701294 1.469036340713501 128 128 128
0.20165319740772247 -0.4094190299510956 1.4523062705993652 128 128 128
0.2882547378540039 -0.40316861867904663 1.4411005973815918 128 128 128
0.3581025004386902 -0.4223777651786804 1.499541997909546 128 128 128
0.12214051187038422 -0.41694626212120056 1.5033186674118042 128 128 128
0.16814224421977997 -0.4047553539276123 1.4699323177337646 128 128 128
0.18970099091529846 -0.39849406480789185 1.4534443616867065 128 128 128
0.2104852944612503 -0.39238184690475464 1.4369151592254639 128 128 128
0.24093212187290192 -0.3853845000267029 1.418154001235962 128 128 128
0.2870766222476959 -0.3897840678691864 1.4361697435379028 128 128 128
0.31150415539741516 -0.39394378662109375 1.4481825828552246 128 128 128
0.3390912413597107 -0.4004952907562256 1.467617154121399 128 128 128
0.36678987741470337 -0.40639594197273254 1.483798861503601 128 128 128
0.40548449754714966 -0.42332908511161804 1.5393931865692139 128 128 128
0.14569886028766632 -0.40098705887794495 1.4957045316696167 128 128 128
0.16849589347839355 -0.3949503004550934 1.4789117574691772 128 128 128
0.2102852761745453 -0.38058942556381226 1.4371768236160278 128 128 128
0.24363961815834045 -0.3778267502784729 1.4342989921569824 128 128 128
0.2646150588989258 -0.37633419036865234 1.4313461780548096 128 128 128
0.2874111533164978 -0.37786248326301575 1.4365586042404175 128 128 128
0.470316618680954 -0.4231352210044861 1.5793803930282593 128 128 128
0.14601774513721466 -0.39154329895973206 1.5075854063034058 128 128 128
0.16859032213687897 -0.38424399495124817 1.4845969676971436 128 128 128
0.21072621643543243 -0.3699004054069519 1.441537857055664 128 128 128
0.24396955966949463 -0.36662527918815613 1.4372638463974 128 128 128
0.2645748555660248 -0.3641168475151062 1.4303944110870361 128 128 128
0.28622937202453613 -0.3646794855594635 1.4318878650665283 128 128 128
0.31201687455177307 -0.36989784240722656 1.448360562324524 128 128 128
0.3651901185512543 -0.39148786664009094 1.524124264717102 128 128 128
0.3965406119823456 -0.39881160855293274 1.5473949909210205 128 128 128
0.47752097249031067 -0.41478416323661804 1.599866509437561 128 128 128
0.24319614470005035 -0.35350698232650757 1.4323512315750122 128 128 128
0.31184789538383484 -0.3576415181159973 1.4472157955169678 128 128 128
0.40075042843818665 -0.3890136778354645 1.5603865385055542 128 128 128
0.4937460422515869 -0.4015777111053467 1.6038800477981567 128 128 128
0.09457479417324066 -0.3733317255973816 1.5332142114639282 128 128 128
0.10777789354324341 -0.3737979233264923 1.5360565185546875 128 128 128
0.1432790458202362 -0.3638858497142792 1.499466061592102 128 128 128
0.24519945681095123 -0.3446369171142578 1.4449759721755981 128 128 128
0.3561379313468933 -0.3676008880138397 1.5334349870681763 128 128 128
0.4066222012042999 -0.38093194365501404 1.5807154178619385 128 128 128
0.4402998983860016 -0.38674572110176086 1.6039975881576538 128 128 128
0.46897435188293457 -0.3882938027381897 1.608852505683899 128 128 128
0.5275009274482727 -0.3914746046066284 1.620929479598999 128 128 128
0.5571447014808655 -0.3927497863769531 1.6271131038665771 128 128 128
0.5855035781860352 -0.39383572340011597 1.6300033330917358 128 128 128
0.14346523582935333 -0.35385292768478394 1.5122026205062866 128 128 128
0.2414362132549286 -0.3277868330478668 1.4236562252044678 128 128 128
0.3922866880893707 -0.36453330516815186 1.571569561958313 128 128 128
0.446535587310791 -0.3771393895149231 1.623069167137146 128 128 128
0.48214152455329895 -0.3730369508266449 1.6042283773422241 128 128 128
0.5156258344650269 -0.3773079514503479 1.6237980127334595 128 128 128
0.5341935157775879 -0.380731999874115 1.6386724710464478 128 128 128
0.5421962738037109 -0.3766214847564697 1.6212217807769775 128 128 128
0.559885561466217 -0.37971389293670654 1.6332706212997437 128 128 128
0.09230203181505203 -0.3445761799812317 1.5263983011245728 128 128 128
0.21556991338729858 -0.3329933285713196 1.4902657270431519 128 128 128
0.22949068248271942 -0.3343115746974945 1.4979547262191772 128 128 128
0.2436772584915161 -0.3192459046840668 1.4379059076309204 128 128 128
0.2590889036655426 -0.30925461649894714 1.3985286951065063 128 128 128
0.3983224034309387 -0.35524293780326843 1.591444492340088 128 128 128
0.44034090638160706 -0.3567137122154236 1.5969122648239136 128 128 128
0.4581078588962555 -0.3603877127170563 1.612252116203308 128 128 128
0.46953442692756653 -0.35841092467308044 1.6044020652770996 128 128 128
0.5149904489517212 -0.3618523180484772 1.6197737455368042 128 128 128
0.15755806863307953 -0.33373183012008667 1.546860933303833 128 128 128
0.1952807903289795 -0.3307121992111206 1.5352567434310913 128 128 128
0.2360648363828659 -0.31444767117500305 1.4680932760238647 128 128 128
0.2580931484699249 -0.29669591784477234 1.394494652748108 128 128 128
0.3378817141056061 -0.3333498537540436 1.5582406520843506 128 128 128
0.39310422539711 -0.34778454899787903 1.622056484222412 128 128 128
0.4032641351222992 -0.34482431411743164 1.6077768802642822 128 128 128
0.41470152139663696 -0.34236305952072144 1.5985438823699951 128 128 128
0.434440553188324 -0.34764713048934937 1.622199296951294 128 128 128
0.44364452362060547 -0.3436844050884247 1.6055489778518677 128 128 128
0.47261109948158264 -0.3450503945350647 1.6122127771377563 128 128 128
0.4988468289375305 -0.344212144613266 1.609339714050293 128 128 128
0.5172520279884338 -0.3475571870803833 1.6247680187225342 128 128 128
0.10469019412994385 -0.3197025954723358 1.5440109968185425 128 128 128
0.13041436672210693 -0.3190539479255676 1.5415898561477661 128 128 128
0.14425458014011383 -0.3209434151649475 1.55117666721344 128 128 128
0.18250803649425507 -0.3190326988697052 1.5440831184387207 128 128 128
0.24607792496681213 -0.2849973142147064 1.3904368877410889 128 128 128
0.31473350524902344 -0.321062833070755 1.5684130191802979 128 128 128
0.44688767194747925 -0.3307532072067261 1.6153868436813354 128 128 128
0.45463570952415466 -0.3268192708492279 1.5951849222183228 128 128 128
0.47206810116767883 -0.329608291387558 1.6090105772018433 128 128 128
0.02645171992480755 -0.30381760001182556 1.533448338508606 128 128 128
0.039447225630283356 -0.3049413859844208 1.5391101837158203 128 128 128
0.05242181569337845 -0.3052905797958374 1.541864037513733 128 128 128
0.3586714267730713 -0.34977665543556213 1.7826539278030396 128 128 128
0.36744585633277893 -0.3303622603416443 1.6849517822265625 128 128 128
0.359237939119339 -0.3111129105091095 1.586394190788269 128 128 128
0.36958208680152893 -0.30801665782928467 1.5736007690429688 128 128 128
0.3982178568840027 -0.3098585903644562 1.58270263671875 128 128 128
0.4530704617500305 -0.3105320334434509 1.5891106128692627 128 128 128
0.11616702377796173 -0.2883607745170593 1.533867597579956 128 128 128
0.3857712149620056 -0.3065413236618042 1.6437339782714844 128 128 128
0.127827987074852 -0.27120426297187805 1.5183340311050415 128 128 128
0.16846919059753418 -0.27509310841560364 1.5407100915908813 128 128 128
0.24928152561187744 -0.2515551447868347 1.4091957807540894 128 128 128
0.4403751492500305 -0.27331194281578064 1.5473716259002686 128 128 128
0.4985572397708893 -0.2761010229587555 1.567120909690857 128 128 128
0.5460280179977417 -0.2799062132835388 1.5905340909957886 128 128 128
0.5562981963157654 -0.2781083881855011 1.5819010734558105 128 128 128
0.21240727603435516 -0.2497357577085495 1.4779506921768188 128 128 128
0.2258845418691635 -0.2509364187717438 1.4839437007904053 128 128 128
0.3127391040325165 -0.24445447325706482 1.4434268474578857 128 128 128
0.3604741394519806 -0.2507779896259308 1.4905000925064087 128 128 128
0.3965551555156708 -0.25715506076812744 1.532894492149353 128 128 128
0.42604759335517883 -0.2590614855289459 1.545629858970642 128 128 128
0.43759408593177795 -0.2578851878643036 1.540648341178894 128 128 128
0.45588645339012146 -0.2606554627418518 1.5589876174926758 128 128 128
0.46912282705307007 -0.26087334752082825 1.5588890314102173 128 128 128
0.4849655330181122 -0.26195085048675537 1.5680464506149292 128 128 128
0.49741026759147644 -0.2616487443447113 1.5654422044754028 128 128 128
0.5141450762748718 -0.26322510838508606 1.5765466690063477 128 128 128
0.07737864553928375 -0.2418428510427475 1.510980486869812 128 128 128
0.12938624620437622 -0.24375362694263458 1.5235819816589355 128 128 128
0.14094434678554535 -0.2411339432001114 1.5085655450820923 128 128 128
0.2031884789466858 -0.23972834646701813 1.496459722518921 128 128 128
0.2439759522676468 -0.23221969604492188 1.439125657081604 128 128 128
0.26799413561820984 -0.2254340499639511 1.3883018493652344 128 128 128
0.3311249911785126 -0.23684127628803253 1.4759340286254883 128 128 128
0.42293229699134827 -0.24388577044010162 1.538470983505249 128 128 128
0.4510890245437622 -0.24451182782649994 1.5459182262420654 128 128 128
0.17534995079040527 -0.2213364690542221 1.4661283493041992 128 128 128
0.34847867488861084 -0.219069242477417 1.4487627744674683 128 128 128
0.40846630930900574 -0.22323355078697205 1.4890649318695068 128 128 128
0.427374005317688 -0.226063534617424 1.5120561122894287 128 128 128
0.20543497800827026 -0.20230567455291748 1.4113900661468506 128 128 128
0.2663087844848633 -0.20081844925880432 1.378962516784668 128 128 128
0.3017072379589081 -0.20210805535316467 1.3974237442016602 128 128 128
0.43548041582107544 -0.21093587577342987 1.49895179271698 128 128 128
0.4536227285861969 -0.21291424334049225 1.5180785655975342 128 128 128
0.4965974986553192 -0.2140152007341385 1.5314686298370361 128 128 128
0.21980524063110352 -0.19294419884681702 1.4242926836013794 128 128 128
0.23885197937488556 -0.1916990429162979 1.4041318893432617 128 128 128
0.3036707937717438 -0.191800057888031 1.4059662818908691 128 128 128
0.33115795254707336 -0.19337676465511322 1.4291739463806152 128 128 128
0.17403914034366608 -0.17988725006580353 1.433961272239685 128 128 128
0.3951947093009949 -0.18052926659584045 1.450223445892334 128 128 128
0.43905115127563477 -0.1817038655281067 1.4757481813430786 128 128 128
0.2726716101169586 -0.16361656785011292 1.3588372468948364 128 128 128
0.30722156167030334 -0.1640615314245224 1.3748204708099365 128 128 128
0.3202616274356842 -0.1644948124885559 1.3842964172363281 128 128 128
0.3743228614330292 -0.16557782888412476 1.4190795421600342 128 128 128
0.274792343378067 -0.15339899063110352 1.3690799474716187 128 128 128
0.2847665846347809 -0.15287968516349792 1.366841197013855 128 128 128
0.36015477776527405 -0.15374372899532318 1.4108915328979492 128 128 128
0.3107834756374359 -0.14288009703159332 1.389248251914978 128 128 128
0.359320729970932 -0.14193624258041382 1.409039855003357 128 128 128
0.28458061814308167 -0.12992843985557556 1.365529179573059 128 128 128
0.31638219952583313 -0.11740241199731827 1.3689063787460327 128 128 128
0.23490720987319946 -0.4490499794483185 1.4866342544555664 128 128 128
0.33175015449523926 -0.42032113671302795 1.4577518701553345 128 128 128
0.0744091123342514 -0.44164541363716125 1.50874662399292 128 128 128
0.15024350583553314 -0.4377743601799011 1.5102522373199463 128 128 128
0.3271781802177429 -0.40192052721977234 1.4348948001861572 128 128 128
0.37190306186676025 -0.3915453553199768 1.4428391456604004 128 128 128
0.5433338284492493 -0.45194247364997864 1.6411707401275635 128 128 128
0.14996208250522614 -0.4176083505153656 1.53078031539917 128 128 128
0.17475858330726624 -0.4140290319919586 1.5218567848205566 128 128 128
0.1857006698846817 -0.40961071848869324 1.5092086791992188 128 128 128
0.30028825998306274 -0.3885294497013092 1.4640233516693115 128 128 128
0.5100917816162109 -0.43205127120018005 1.6218762397766113 128 128 128
0.5528403520584106 -0.4444655478000641 1.6659977436065674 128 128 128
0.14915621280670166 -0.4054727256298065 1.53505539894104 128 128 128
0.16100485622882843 -0.4023693799972534 1.5259342193603516 128 128 128
0.18579654395580292 -0.39937835931777954 1.5192948579788208 128 128 128
0.325793594121933 -0.36439311504364014 1.4275554418563843 128 128 128
0.45968687534332275 -0.40712401270866394 1.5860605239868164 128 128 128
0.1221981793642044 -0.3929654359817505 1.5334964990615845 128 128 128
0.17443864047527313 -0.3924891948699951 1.5404404401779175 128 128 128
0.2751198709011078 -0.38343313336372375 1.5270016193389893 128 128 128
0.30262595415115356 -0.3683779835700989 1.4790329933166504 128 128 128
0.3203739821910858 -0.3597583472728729 1.4523344039916992 128 128 128
0.33815455436706543 -0.35327625274658203 1.43293297290802 128 128 128
0.5072121024131775 -0.4103626310825348 1.64866042137146 128 128 128
0.10907168686389923 -0.38337647914886475 1.5501888990402222 128 128 128
0.14665846526622772 -0.3783247172832489 1.5356591939926147 128 128 128
0.16059353947639465 -0.3803326189517975 1.5459537506103516 128 128 128
0.1746501475572586 -0.3821192681789398 1.5535646677017212 128 128 128
0.18610014021396637 -0.378374844789505 1.54075288772583 128 128 128
0.2640668749809265 -0.37535253167152405 1.5443053245544434 128 128 128
0.3000974953174591 -0.3698287606239319 1.5316824913024902 128 128 128
0.3365090489387512 -0.33959051966667175 1.4249993562698364 128 128 128
0.35347557067871094 -0.33488351106643677 1.4086849689483643 128 128 128
0.45072799921035767 -0.3817077577114105 1.5939639806747437 128 128 128
0.5604351758956909 -0.41269490122795105 1.7201257944107056 128 128 128
0.5660020112991333 -0.4056788384914398 1.6924384832382202 128 128 128
0.6019907593727112 -0.410066694021225 1.7128181457519531 128 128 128
0.1083187609910965 -0.3706209659576416 1.5558934211730957 128 128 128
0.12048351019620895 -0.36752942204475403 1.5444376468658447 128 128 128
0.13249675929546356 -0.36456164717674255 1.5343599319458008 128 128 128
0.14617057144641876 -0.36615487933158875 1.5417380332946777 128 128 128
0.2811172604560852 -0.36834773421287537 1.5749520063400269 128 128 128
0.28820809721946716 -0.3600821793079376 1.5418657064437866 128 128 128
0.30266496539115906 -0.3612286448478699 1.5487644672393799 128 128 128
0.32271918654441833 -0.33922675251960754 1.4657537937164307 128 128 128
0.33066484332084656 -0.3221814036369324 1.4001953601837158 128 128 128
0.4661392569541931 -0.3797609806060791 1.6441223621368408 128 128 128
0.5682090520858765 -0.4016672372817993 1.7406442165374756 128 128 128
0.0806243047118187 -0.35443180799484253 1.5435540676116943 128 128 128
0.0929655060172081 -0.3518594205379486 1.53406822681427 128 128 128
0.10648766160011292 -0.3537282645702362 1.5453436374664307 128 128 128
0.13202175498008728 -0.3521057963371277 1.539740800857544 128 128 128
0.2901880741119385 -0.3504612445831299 1.5593808889389038 128 128 128
0.3144845962524414 -0.34726640582084656 1.5503689050674438 128 128 128
0.328072190284729 -0.33334997296333313 1.4939982891082764 128 128 128
0.3676404356956482 -0.3142286241054535 1.4197176694869995 128 128 128
0.45208606123924255 -0.36393019556999207 1.6389836072921753 128 128 128
0.5216806530952454 -0.37271878123283386 1.6825282573699951 128 128 128
0.5472390651702881 -0.38042986392974854 1.7182525396347046 128 128 128
0.5537197589874268 -0.37449026107788086 1.6936355829238892 128 128 128
0.11802838742733002 -0.3376864790916443 1.5386301279067993 128 128 128
0.25829243659973145 -0.3490401804447174 1.611799716949463 128 128 128
0.2832554876804352 -0.345901221036911 1.5998786687850952 128 128 128
0.3379499912261963 -0.3065588176250458 1.4341827630996704 128 128 128
0.5341194272041321 -0.3653024137020111 1.7214502096176147 128 128 128
0.5389857888221741 -0.358195960521698 1.6913337707519531 128 128 128
0.185689315199852 -0.32825466990470886 1.5744658708572388 128 128 128
0.2001935839653015 -0.3302140235900879 1.5849177837371826 128 128 128
0.21155384182929993 -0.32695692777633667 1.5708600282669067 128 128 128
0.25943365693092346 -0.3368660509586334 1.6239827871322632 128 128 128
0.5146273970603943 -0.40391242504119873 1.979617953300476 128 128 128
0.43505609035491943 -0.33061355352401733 1.6213234663009644 128 128 128
0.47326239943504333 -0.33738982677459717 1.6604586839675903 128 128 128
0.5284865498542786 -0.33552658557891846 1.659592866897583 128 128 128
0.5506738424301147 -0.3401883840560913 1.6850789785385132 128 128 128
0.5777165293693542 -0.3475879728794098 1.7237406969070435 128 128 128
0.11716257780790329 -0.3096444606781006 1.5455243587493896 128 128 128
0.13073819875717163 -0.31092751026153564 1.5532180070877075 128 128 128
0.22720661759376526 -0.3156769573688507 1.5923796892166138 128 128 128
0.24295872449874878 -0.31836432218551636 1.6085069179534912 128 128 128
0.3915134072303772 -0.32490816712379456 1.6642811298370361 128 128 128
0.345553457736969 -0.26872754096984863 1.3718578815460205 128 128 128
0.44212275743484497 -0.31135979294776917 1.6025896072387695 128 128 128
0.45139816403388977 -0.30790480971336365 1.5878162384033203 128 128 128
0.4641156494617462 -0.30706891417503357 1.5854887962341309 128 128 128
0.4911732077598572 -0.31545859575271606 1.6311559677124023 128 128 128
0.02596876583993435 -0.2936999499797821 1.5246362686157227 128 128 128
0.03858630359172821 -0.29266300797462463 1.5188658237457275 128 128 128
0.06443054974079132 -0.2938142418861389 1.5294082164764404 128 128 128
0.2941138446331024 -0.2979326546192169 1.5922808647155762 128 128 128
0.31812500953674316 -0.2950640022754669 1.5783414840698242 128 128 128
0.33566805720329285 -0.2981046438217163 1.597418189048767 128 128 128
0.36441054940223694 -0.2879841923713684 1.543626308441162 128 128 128
0.3947210907936096 -0.2757616341114044 1.4774706363677979 128 128 128
0.14264604449272156 -0.27911168336868286 1.545465350151062 128 128 128
0.15621748566627502 -0.2795855402946472 1.551198959350586 128 128 128
0.16830974817276 -0.27808868885040283 1.5430678129196167 128 128 128
0.18176637589931488 -0.2783399820327759 1.547140121459961 128 128 128
0.19553938508033752 -0.2790140211582184 1.5531779527664185 128 128 128
0.21071940660476685 -0.2813158333301544 1.568727731704712 128 128 128
0.2671183943748474 -0.2830769717693329 1.5884690284729004 128 128 128
0.29043546319007874 -0.2791250944137573 1.5688996315002441 128 128 128
0.3064379394054413 -0.28110674023628235 1.5820534229278564 128 128 128
0.3429364264011383 -0.27702370285987854 1.5610105991363525 128 128 128
0.49003323912620544 -0.2710821330547333 1.549680233001709 128 128 128
0.5580352544784546 -0.276493638753891 1.595659852027893 128 128 128
0.07671234011650085 -0.2622896730899811 1.5221261978149414 128 128 128
0.08877892047166824 -0.26023969054222107 1.5106533765792847 128 128 128
0.13031059503555298 -0.2660813629627228 1.5515947341918945 128 128 128
0.14270398020744324 -0.2641494572162628 1.5439385175704956 128 128 128
0.15879207849502563 -0.26885896921157837 1.5743062496185303 128 128 128
0.1844618022441864 -0.26713624596595764 1.5672736167907715 128 128 128
0.31622618436813354 -0.25203126668930054 1.4934639930725098 128 128 128
0.3376452624797821 -0.24216121435165405 1.424585223197937 128 128 128
0.2097538411617279 -0.24843409657478333 1.5508474111557007 128 128 128
0.28461021184921265 -0.24352364242076874 1.524819016456604 128 128 128
0.359221875667572 -0.2376779317855835 1.4656386375427246 128 128 128
0.4373759329319 -0.2336374670267105 1.4653294086456299 128 128 128
0.5125086307525635 -0.24276167154312134 1.5462814569473267 128 128 128
0.19504663348197937 -0.23181550204753876 1.5326942205429077 128 128 128
0.4049634337425232 -0.21882888674736023 1.4328322410583496 128 128 128
0.47111424803733826 -0.22473286092281342 1.498101830482483 128 128 128
0.19772326946258545 -0.21932099759578705 1.5446721315383911 128 128 128
0.21805089712142944 -0.21286068856716156 1.5012801885604858 128 128 128
0.28842878341674805 -0.20885401964187622 1.4645720720291138 128 128 128
0.3000626862049103 -0.2086174190044403 1.4595025777816772 128 128 128
0.4054093062877655 -0.20729218423366547 1.4343600273132324 128 128 128
0.41119590401649475 -0.2037830799818039 1.415582537651062 128 128 128
0.45562154054641724 -0.20576146245002747 1.450182557106018 128 128 128
0.4892556071281433 -0.20812802016735077 1.4803918600082397 128 128 128
0.1293209046125412 -0.2012551724910736 1.5068598985671997 128 128 128
0.15417541563510895 -0.19928471744060516 1.49666166305542 128 128 128
0.19126814603805542 -0.1973421573638916 1.4849824905395508 128 128 128
0.2678353190422058 -0.19761218130588531 1.4817954301834106 128 128 128
0.2992479205131531 -0.1954084187746048 1.451493501663208 128 128 128
0.3080138862133026 -0.19417515397071838 1.4365140199661255 128 128 128
0.3837038278579712 -0.1906977742910385 1.3942573070526123 128 128 128
0.41204899549484253 -0.19258204102516174 1.4181275367736816 128 128 128
0.4535132646560669 -0.1932157427072525 1.444557785987854 128 128 128
0.33489376306533813 -0.1804395467042923 1.4049177169799805 128 128 128
0.419699490070343 -0.17869684100151062 1.4079320430755615 128 128 128
0.29091063141822815 -0.16591058671474457 1.4050825834274292 128 128 128
0.3263247609138489 -0.1644696742296219 1.3694442510604858 128 128 128
0.36579403281211853 -0.1642671376466751 1.3634155988693237 128 128 128
0.31090930104255676 -0.15434081852436066 1.3919187784194946 128 128 128
0.33712437748908997 -0.15343576669692993 1.3694921731948853 128 128 128
0.3715422451496124 -0.1551888883113861 1.3839086294174194 128 128 128
0.3958131968975067 -0.1558617353439331 1.3970692157745361 128 128 128
0.2443867176771164 -0.1389121562242508 1.3974483013153076 128 128 128
0.2989291846752167 -0.14131803810596466 1.38472580909729 128 128 128
0.33911293745040894 -0.14273056387901306 1.376711130142212 128 128 128
0.31730473041534424 -0.1298838108778 1.3714230060577393 128 128 128
0.30569976568222046 -0.11727423965930939 1.364408016204834 128 128 128
0.4616357088088989 -1.1068480014801025 3.685840606689453 128 128 128
0.42940691113471985 -1.0077424049377441 3.4537532329559326 128 128 128
0.6341300010681152 -1.238702654838562 4.269626140594482 128 128 128
1.1456328630447388 -1.440434455871582 4.9779486656188965 128 128 128
0.8747766613960266 -0.8118171095848083 2.742913007736206 128 128 128
0.08866383880376816 -0.6186449527740479 2.1355485916137695 128 128 128
0.8497798442840576 -1.1091877222061157 4.085362434387207 128 128 128
0.889153242111206 -1.0498493909835815 3.850656747817993 128 128 128
0.42765679955482483 -0.9922221302986145 3.706444025039673 128 128 128
0.7116793394088745 -1.3503663539886475 5.076961994171143 128 128 128
1.0345218181610107 -1.6716901063919067 6.329800128936768 128 128 128
1.3030493259429932 -1.8485950231552124 7.0296735763549805 128 128 128
1.0369490385055542 -0.7605347633361816 2.7903411388397217 128 128 128
0.01159083005040884 -0.558788537979126 2.1082687377929688 128 128 128
0.06716788560152054 -0.572705864906311 2.1666407585144043 128 128 128
0.17189618945121765 -0.695451557636261 2.6457178592681885 128 128 128
0.26757678389549255 -0.77223801612854 2.948664903640747 128 128 128
0.38717812299728394 -0.8732597231864929 3.364254951477051 128 128 128
0.4351429045200348 -0.9125133752822876 3.5218617916107178 128 128 128
0.6203433871269226 -1.1453412771224976 4.446195602416992 128 128 128
0.9273804426193237 -1.4516700506210327 5.6740031242370605 128 128 128
1.460653305053711 -2.0041451454162598 7.871233940124512 128 128 128
1.3971989154815674 -1.7145723104476929 6.728457450866699 128 128 128
1.1964106559753418 -1.3297544717788696 5.189626216888428 128 128 128
1.1642279624938965 -1.1453588008880615 4.4290666580200195 128 128 128
1.0381137132644653 -0.939658522605896 3.608837842941284 128 128 128
1.0067847967147827 -0.7103067636489868 2.700578212738037 128 128 128
0.008815845474600792 -0.4866461455821991 1.9007267951965332 128 128 128
0.10571670532226562 -0.5691126585006714 2.229236364364624 128 128 128
0.26646292209625244 -0.685609757900238 2.711772918701172 128 128 128
0.3597326874732971 -0.789076030254364 3.1402428150177 128 128 128
1.312419056892395 -1.740221619606018 7.06652307510376 128 128 128
0.9249697923660278 -0.9083858132362366 3.632650136947632 128 128 128
0.8725735545158386 -0.7618635892868042 3.024906635284424 128 128 128
0.9549921751022339 -0.7723567485809326 3.0471038818359375 128 128 128
0.8665433526039124 -0.6496450901031494 2.555614709854126 128 128 128
0.926493227481842 -0.6754658222198486 2.6623616218566895 128 128 128
0.16441237926483154 -0.5609563589096069 2.2868168354034424 128 128 128
0.2357131987810135 -0.591925323009491 2.426004648208618 128 128 128
0.6943811774253845 -1.0212851762771606 4.270576477050781 128 128 128
1.053998589515686 -1.3520480394363403 5.683893203735352 128 128 128
1.1272701025009155 -1.2892711162567139 5.415371894836426 128 128 128
0.9037802815437317 -0.8546200394630432 3.5379889011383057 128 128 128
0.7680601477622986 -0.6663966178894043 2.7390694618225098 128 128 128
0.7340102195739746 -0.5869911909103394 2.4004650115966797 128 128 128
0.8069584369659424 -0.6252328753471375 2.5630040168762207 128 128 128
0.7767857909202576 -0.5583108067512512 2.282583475112915 128 128 128
0.8494057059288025 -0.5699316263198853 2.3233401775360107 128 128 128
0.9358460903167725 -0.6131967306137085 2.501152753829956 128 128 128
0.7797019481658936 -0.9633394479751587 4.19656229019165 128 128 128
0.998629629611969 -1.0015463829040527 4.324079513549805 128 128 128
0.7150160074234009 -0.6511993408203125 2.7922122478485107 128 128 128
0.8042712211608887 -0.5566861033439636 2.3596413135528564 128 128 128
0.9229529500007629 -0.5812575221061707 2.462397813796997 128 128 128
0.02068062499165535 -0.44290900230407715 2.1161959171295166 128 128 128
0.03570134565234184 -0.40694352984428406 1.933132290840149 128 128 128
0.06991424411535263 -0.4163646996021271 1.9794902801513672 128 128 128
0.18406935036182404 -0.4486565589904785 2.1484410762786865 128 128 128
0.2588803470134735 -0.48572295904159546 2.3261239528656006 128 128 128
1.0257985591888428 -1.3063803911209106 6.327897548675537 128 128 128
0.12071885913610458 -0.40344882011413574 2.015577554702759 128 128 128
0.17497476935386658 -0.41099053621292114 2.0526745319366455 128 128 128
0.42252904176712036 -0.49233606457710266 2.4961235523223877 128 128 128
1.175502896308899 -1.0702797174453735 5.428704261779785 128 128 128
0.7714448571205139 -0.635449230670929 3.1954023838043213 128 128 128
0.6080321073532104 -0.4686201214790344 2.351992130279541 128 128 128
0.7487569451332092 -0.5557606816291809 2.800365447998047 128 128 128
0.7591999173164368 -0.548080563545227 2.754237651824951 128 128 128
0.9061264991760254 -0.5841200947761536 2.929246187210083 128 128 128
0.9212862253189087 -0.5484540462493896 2.7528634071350098 128 128 128
1.0320591926574707 -0.5985917448997498 3.007868766784668 128 128 128
0.17087401449680328 -0.3849981725215912 2.0175516605377197 128 128 128
0.16061440110206604 -0.3287571966648102 1.7269679307937622 128 128 128
0.1922202855348587 -0.3092099130153656 1.6255863904953003 128 128 128
0.2549279034137726 -0.33673033118247986 1.7779432535171509 128 128 128
0.7371570467948914 -0.5754470229148865 3.0394229888916016 128 128 128
0.9258648157119751 -0.6989238262176514 3.689343214035034 128 128 128
0.6722560524940491 -0.4757673144340515 2.5099289417266846 128 128 128
0.767815351486206 -0.5276934504508972 2.780008554458618 128 128 128
0.7981662750244141 -0.5026010870933533 2.647836446762085 128 128 128
0.759020209312439 -0.4392014443874359 2.3228981494903564 128 128 128
0.8311967849731445 -0.468364417552948 2.479926347732544 128 128 128
0.2311481386423111 -0.29131966829299927 1.6176059246063232 128 128 128
0.34350600838661194 -0.38730937242507935 2.1505558490753174 128 128 128
0.27897199988365173 -0.2708398103713989 1.5071072578430176 128 128 128
1.1386820077896118 -0.9059901833534241 5.033289432525635 128 128 128
0.8082307577133179 -0.5772152543067932 3.213306188583374 128 128 128
0.6855139136314392 -0.4590541124343872 2.555140256881714 128 128 128
0.6890278458595276 -0.42366546392440796 2.3487770557403564 128 128 128
0.7798503041267395 -0.4300233721733093 2.3856704235076904 128 128 128
0.8768020272254944 -0.46867719292640686 2.6147282123565674 128 128 128
0.821245551109314 -0.41923511028289795 2.332719564437866 128 128 128
0.9068478941917419 -0.4523524045944214 2.516040563583374 128 128 128
0.953215479850769 -0.46426162123680115 2.5845694541931152 128 128 128
0.6721462607383728 -0.523932933807373 3.082505702972412 128 128 128
0.8821187019348145 -0.5956056714057922 3.506432056427002 128 128 128
0.6382065415382385 -0.4039517045021057 2.3784525394439697 128 128 128
0.7900179028511047 -0.4864477813243866 2.8549704551696777 128 128 128
0.6815652251243591 -0.39561983942985535 2.322476625442505 128 128 128
0.7774930596351624 -0.43860098719596863 2.5758633613586426 128 128 128
0.8342557549476624 -0.4577632546424866 2.6893160343170166 128 128 128
0.792108416557312 -0.4130173623561859 2.4226267337799072 128 128 128
0.928482174873352 -0.470537394285202 2.7688655853271484 128 128 128
1.6354072093963623 -1.4240832328796387 8.81134033203125 128 128 128
0.9713924527168274 -0.7191378474235535 4.467993259429932 128 128 128
0.5507718920707703 -0.37718120217323303 2.350346326828003 128 128 128
0.6702399849891663 -0.44309309124946594 2.7604846954345703 128 128 128
0.8849765062332153 -0.45762577652931213 2.8546416759490967 128 128 128
0.7616626024246216 -0.37374305725097656 2.330687999725342 128 128 128
0.8305504322052002 -0.39694586396217346 2.4780478477478027 128 128 128
0.9608418941497803 -0.44835972785949707 2.7967581748962402 128 128 128
1.065560221672058 -0.4867806136608124 3.0273587703704834 128 128 128
1.0573903322219849 -0.45032042264938354 2.803999423980713 128 128 128
0.031485456973314285 -0.27839532494544983 1.8233656883239746 128 128 128
0.23368306457996368 -0.3242376148700714 2.130995273590088 128 128 128
1.7509342432022095 -1.1828023195266724 7.7753376960754395 128 128 128
0.8937285542488098 -0.5587312579154968 3.69264817237854 128 128 128
0.8849871754646301 -0.48409056663513184 3.2073984146118164 128 128 128
0.9957593083381653 -0.5286208987236023 3.501589059829712 128 128 128
0.8007308840751648 -0.40004846453666687 2.6590447425842285 128 128 128
0.858120322227478 -0.41679421067237854 2.7723076343536377 128 128 128
0.9494804739952087 -0.45188429951667786 2.984236717224121 128 128 128
0.8444356918334961 -0.3808477222919464 2.5213921070098877 128 128 128
0.9316364526748657 -0.40898722410202026 2.7142152786254883 128 128 128
1.0865962505340576 -0.4668988287448883 3.0895097255706787 128 128 128
1.0764198303222656 -0.4040311872959137 2.67753005027771 128 128 128
0.1136971265077591 -0.31739482283592224 2.221768617630005 128 128 128
0.2700488567352295 -0.28478026390075684 1.9914116859436035 128 128 128
0.34748712182044983 -0.2940182685852051 2.0450429916381836 128 128 128
0.527557373046875 -0.41346120834350586 2.844702959060669 128 128 128
0.8230640888214111 -0.3874461054801941 2.7373757362365723 128 128 128
0.9428278803825378 -0.43109601736068726 3.0507328510284424 128 128 128
1.0673954486846924 -0.47637903690338135 3.360538959503174 128 128 128
0.9498746395111084 -0.4013875722885132 2.840615749359131 128 128 128
1.0077345371246338 -0.4164077639579773 2.9387810230255127 128 128 128
1.0822436809539795 -0.4355337917804718 3.0811679363250732 128 128 128
1.0374476909637451 -0.39839503169059753 2.818530797958374 128 128 128
1.0818263292312622 -0.4068346619606018 2.8730885982513428 128 128 128
1.1322351694107056 -0.39621299505233765 2.819634199142456 128 128 128
0.1744043081998825 -0.2729724645614624 2.0430970191955566 128 128 128
0.25504931807518005 -0.3338563144207001 2.494127035140991 128 128 128
0.2586941421031952 -0.31201231479644775 2.333796739578247 128 128 128
20.460840225219727 -12.89249324798584 94.71902465820312 128 128 128
0.9456863403320312 -0.40401405096054077 3.0683510303497314 128 128 128
0.9891352653503418 -0.390278160572052 2.9640965461730957 128 128 128
1.0633845329284668 -0.4087534546852112 3.1082992553710938 128 128 128
1.0485622882843018 -0.34991541504859924 2.670288562774658 128 128 128
1.1785259246826172 -0.3851463794708252 2.9382433891296387 128 128 128
0.18402168154716492 -0.29130417108535767 2.359788179397583 128 128 128
0.26817023754119873 -0.3244420289993286 2.6024625301361084 128 128 128
0.26533961296081543 -0.29688209295272827 2.378908395767212 128 128 128
0.32225915789604187 -0.29426732659339905 2.348219156265259 128 128 128
0.5062814950942993 -0.39739662408828735 3.1260826587677 128 128 128
1.3138962984085083 -0.5770137310028076 4.654687881469727 128 128 128
1.2560184001922607 -0.5354378819465637 4.316694259643555 128 128 128
1.0798256397247314 -0.4316824674606323 3.5107781887054443 128 128 128
1.1456586122512817 -0.445370614528656 3.624464750289917 128 128 128
1.253884196281433 -0.4748847782611847 3.8622119426727295 128 128 128
1.1600563526153564 -0.385333389043808 3.16317081451416 128 128 128
1.220489263534546 -0.39766889810562134 3.251443386077881 128 128 128
0.12173131853342056 -0.264353483915329 2.3020517826080322 128 128 128
0.13562051951885223 -0.2510879337787628 2.198648691177368 128 128 128
0.43978533148765564 -0.37195953726768494 3.184709072113037 128 128 128
1.3270269632339478 -0.8612139821052551 7.155494689941406 128 128 128
1.2955141067504883 -0.5295476317405701 4.606159210205078 128 128 128
1.1421940326690674 -0.4254402816295624 3.72119140625 128 128 128
0.9888737201690674 -0.3385079801082611 2.9741740226745605 128 128 128
1.1629831790924072 -0.3514988124370575 3.1027395725250244 128 128 128
1.4012315273284912 -0.40493229031562805 3.577115535736084 128 128 128
0.5128754377365112 -0.426044762134552 3.9404702186584473 128 128 128
0.7685434818267822 -0.5211445689201355 4.717275619506836 128 128 128
1.2892584800720215 -0.6919785141944885 6.189332008361816 128 128 128
1.2809381484985352 -0.4397677779197693 4.190766334533691 128 128 128
1.280132532119751 -0.3933580219745636 3.764647960662842 128 128 128
1.353683352470398 -0.40633028745651245 3.881924629211426 128 128 128
1.0909479856491089 -0.7185714840888977 7.053360939025879 128 128 128
1.629759669303894 -0.9113274216651917 8.792597770690918 128 128 128
1.3748736381530762 -0.6845672130584717 6.622731685638428 128 128 128
1.4025585651397705 -0.38422060012817383 4.034646987915039 128 128 128
1.486169695854187 -0.39813607931137085 4.170194625854492 128 128 128
1.0942965745925903 -0.6613562703132629 7.065116882324219 128 128 128
2.1450083255767822 -1.0988306999206543 11.537751197814941 128 128 128
1.16135573387146 -0.6360123753547668 7.466187477111816 128 128 128
2.321019411087036 -0.9681074619293213 11.163046836853027 128 128 128
1.540469765663147 -0.3460913598537445 4.451883792877197 128 128 128
1.6541638374328613 -0.32607096433639526 4.256539821624756 128 128 128
2.462986946105957 -1.0837119817733765 13.83569622039795 128 128 128
2.7898943424224854 -1.0525048971176147 13.433204650878906 128 128 128
1.7332758903503418 -0.34662193059921265 5.02240514755249 128 128 128
1.4799953699111938 -0.27046579122543335 3.995232343673706 128 128 128
3.649235725402832 -1.22777259349823 17.530155181884766 128 128 128
1.822866439819336 -0.3202880024909973 5.293426036834717 128 128 128
0.7297019362449646 -0.6816636323928833 2.032376766204834 128 128 128
0.420230507850647 -0.9995162487030029 3.292661428451538 128 128 128
0.5737701058387756 -0.8552245497703552 2.843656539916992 128 128 128
0.5964838862419128 -0.8234646916389465 2.7298102378845215 128 128 128
0.6303408741950989 -0.8387061357498169 2.777540683746338 128 128 128
0.7274080514907837 -0.8028327226638794 2.6288530826568604 128 128 128
0.486916720867157 -1.0266976356506348 3.570213556289673 128 128 128
0.547378659248352 -0.7903273105621338 2.704623222351074 128 128 128
0.6194940209388733 -0.7050098776817322 2.37882661819458 128 128 128
0.47169753909111023 -0.8667422533035278 3.0857014656066895 128 128 128
0.49930471181869507 -0.792983889579773 2.8078646659851074 128 128 128
0.5202143788337708 -0.7573136687278748 2.6734871864318848 128 128 128
0.5672789812088013 -0.7373941540718079 2.586158514022827 128 128 128
0.05039721727371216 -1.5276557207107544 5.810051918029785 128 128 128
0.19221068918704987 -1.5645983219146729 5.931671619415283 128 128 128
0.36421898007392883 -0.9434144496917725 3.5052263736724854 128 128 128
0.40322938561439514 -0.8495433926582336 3.1365420818328857 128 128 128
0.4649277329444885 -0.7500505447387695 2.7386891841888428 128 128 128
0.7356745600700378 -0.6507843732833862 2.2997634410858154 128 128 128
0.7509324550628662 -0.6331304311752319 2.2304787635803223 128 128 128
0.23627549409866333 -0.8544644117355347 3.3030190467834473 128 128 128
0.591229259967804 -0.696785569190979 2.588046073913574 128 128 128
0.6392374634742737 -0.6811780333518982 2.5199050903320312 128 128 128
0.6520335674285889 -0.6550104022026062 2.4122965335845947 128 128 128
0.6877630949020386 -0.6350871324539185 2.3279006481170654 128 128 128
0.7003729939460754 -0.6152929067611694 2.2444779872894287 128 128 128
0.7356562614440918 -0.6295947432518005 2.2953689098358154 128 128 128
0.7719014883041382 -0.6433090567588806 2.3459880352020264 128 128 128
0.002661103382706642 -1.066130518913269 4.332756042480469 128 128 128
0.10055694729089737 -1.0400418043136597 4.208590030670166 128 128 128
0.5566321015357971 -0.7066628932952881 2.7279953956604004 128 128 128
0.5717907547950745 -0.6747485399246216 2.5919249057769775 128 128 128
0.6072521805763245 -0.6935548186302185 2.654918909072876 128 128 128
0.642005443572998 -0.5889972448348999 2.231999635696411 128 128 128
0.6710360050201416 -0.5984305143356323 2.266333818435669 128 128 128
0.44755277037620544 -0.9725615978240967 3.9663121700286865 128 128 128
0.4148067235946655 -0.7900389432907104 3.20607590675354 128 128 128
0.42049914598464966 -0.7118030190467834 2.8778252601623535 128 128 128
0.44961604475975037 -0.6562535166740417 2.6316120624542236 128 128 128
0.49089860916137695 -0.6282862424850464 2.505288600921631 128 128 128
-0.0019665108993649483 -1.8904774188995361 8.231650352478027 128 128 128
0.16661302745342255 -1.2274566888809204 5.304444313049316 128 128 128
0.25303369760513306 -1.0594687461853027 4.546099662780762 128 128 128
0.3554588556289673 -0.6968646049499512 2.929210662841797 128 128 128
0.40446871519088745 -0.7408424019813538 3.113368511199951 128 128 128
0.3947972059249878 -0.6479800343513489 2.7016775608062744 128 128 128
0.7726559638977051 -0.5837582349777222 2.3394079208374023 128 128 128
0.7761739492416382 -0.5594202876091003 2.236037254333496 128 128 128
0.8125668168067932 -0.5710543394088745 2.2847249507904053 128 128 128
0.8180645704269409 -0.5516258478164673 2.197059392929077 128 128 128
-0.002626314526423812 -1.7347687482833862 7.836846828460693 128 128 128
0.22695572674274445 -1.6128121614456177 7.224667549133301 128 128 128
0.2372676134109497 -0.9596275687217712 4.263288497924805 128 128 128
0.3544582724571228 -0.7722958922386169 3.3762736320495605 128 128 128
0.3910045623779297 -0.6142781972885132 2.6608386039733887 128 128 128
0.6341286897659302 -0.5532758831977844 2.328312873840332 128 128 128
0.6679657697677612 -0.5653377175331116 2.3786349296569824 128 128 128
0.7102281451225281 -0.5279133915901184 2.2009854316711426 128 128 128
0.13402098417282104 -0.7328144311904907 3.3947532176971436 128 128 128
0.5154011249542236 -0.5252399444580078 2.315460681915283 128 128 128
0.6547124981880188 -0.5654519200325012 2.475160837173462 128 128 128
0.4519733786582947 -0.6944814324378967 3.244997262954712 128 128 128
0.44507595896720886 -0.5564450025558472 2.5761845111846924 128 128 128
0.4718734622001648 -0.5629023909568787 2.603977680206299 128 128 128
0.5172535181045532 -0.5431119203567505 2.5046465396881104 128 128 128
0.8062578439712524 -0.48529937863349915 2.1563656330108643 128 128 128
0.8479965329170227 -0.5001847147941589 2.2185263633728027 128 128 128
0.2873014509677887 -0.7157168388366699 3.5349767208099365 128 128 128
0.3379609286785126 -0.7656292915344238 3.772382974624634 128 128 128
0.34034615755081177 -0.6515705585479736 3.1982650756835938 128 128 128
0.3912402391433716 -0.5426127910614014 2.6372921466827393 128 128 128
0.7242711186408997 -0.502447783946991 2.35630464553833 128 128 128
0.7938200831413269 -0.4989844858646393 2.3283042907714844 128 128 128
0.28171470761299133 -7.331592082977295 38.76280975341797 128 128 128
0.15085573494434357 -1.208432674407959 6.3538289070129395 128 128 128
0.23978419601917267 -0.8115943670272827 4.218067646026611 128 128 128
0.23596172034740448 -0.6208738684654236 3.209096670150757 128 128 128
0.7001312375068665 -0.49006178975105286 2.4049603939056396 128 128 128
0.7056159377098083 -0.4670567214488983 2.2909114360809326 128 128 128
0.7428876757621765 -0.4572089612483978 2.230095148086548 128 128 128
0.1380452811717987 -1.0385545492172241 5.711865425109863 128 128 128
0.13644245266914368 -0.6194918751716614 3.373814105987549 128 128 128
0.16598811745643616 -0.6231260299682617 3.3911190032958984 128 128 128
0.2283179610967636 -0.7311933636665344 3.9769654273986816 128 128 128
0.22885386645793915 -0.5717515349388123 3.0903444290161133 128 128 128
0.5826907753944397 -0.5157159566879272 2.6938705444335938 128 128 128
0.6400675177574158 -0.545304536819458 2.848422050476074 128 128 128
0.6631694436073303 -0.4802897274494171 2.487262725830078 128 128 128
0.675731897354126 -0.4638110399246216 2.3853867053985596 128 128 128
0.7503798007965088 -0.4626462459564209 2.3683900833129883 128 128 128
0.12922966480255127 -0.9115486145019531 5.255497455596924 128 128 128
0.14033161103725433 -0.6000694632530212 3.4246222972869873 128 128 128
0.18878749012947083 -0.6638473272323608 3.801443099975586 128 128 128
0.4493754506111145 -0.48451170325279236 2.6950650215148926 128 128 128
0.46374258399009705 -0.45936694741249084 2.5298964977264404 128 128 128
0.5583695769309998 -0.43812689185142517 2.3903987407684326 128 128 128
0.41186609864234924 -0.4453917145729065 2.5952694416046143 128 128 128
0.475035697221756 -0.4862162172794342 2.8420519828796387 128 128 128
0.46803659200668335 -0.437721312046051 2.545330286026001 128 128 128
0.4869457185268402 -0.4365016222000122 2.5329763889312744 128 128 128
0.39264020323753357 -0.4431946873664856 2.755164623260498 128 128 128
0.40344107151031494 -0.40989378094673157 2.533630609512329 128 128 128
0.44235938787460327 -0.42901766300201416 2.6401240825653076 128 128 128
0.45856714248657227 -0.40653637051582336 2.4884355068206787 128 128 128
0.5142567157745361 -0.43728750944137573 2.6699676513671875 128 128 128
0.7719477415084839 -0.40120941400527954 2.36480712890625 128 128 128
0.8153209686279297 -0.41244709491729736 2.4350764751434326 128 128 128
0.8195634484291077 -0.3972921669483185 2.331268310546875 128 128 128
0.19791996479034424 -0.3892627954483032 2.605564832687378 128 128 128
0.26068389415740967 -0.46312403678894043 3.0922346115112305 128 128 128
0.29468196630477905 -0.35468557476997375 2.3358583450317383 128 128 128
0.35589393973350525 -0.4021736681461334 2.646216869354248 128 128 128
0.39832019805908203 -0.42551612854003906 2.788712978363037 128 128 128
0.4243752658367157 -0.4075097441673279 2.6595544815063477 128 128 128
0.47011786699295044 -0.4300263524055481 2.7997944355010986 128 128 128
0.7183082699775696 -0.37854355573654175 2.3803958892822266 128 128 128
0.7347677946090698 -0.3683813214302063 2.306931734085083 128 128 128
0.8308290243148804 -0.3983241319656372 2.47875714302063 128 128 128
0.8172716498374939 -0.37445127964019775 2.3221280574798584 128 128 128
0.31904447078704834 -0.41351985931396484 2.9086904525756836 128 128 128
0.3679930567741394 -0.4439096748828888 3.1176278591156006 128 128 128
0.40069591999053955 -0.3597791790962219 2.5061612129211426 128 128 128
0.6733697652816772 -0.3630126714706421 2.4309370517730713 128 128 128
0.6828863024711609 -0.34843650460243225 2.3247249126434326 128 128 128
0.19184665381908417 -0.3690668046474457 2.8321824073791504 128 128 128
0.21407940983772278 -0.36802130937576294 2.8079211711883545 128 128 128
0.2490411251783371 -0.38740572333335876 2.9402072429656982 128 128 128
0.3134346008300781 -0.37724247574806213 2.85528826713562 128 128 128
0.31453657150268555 -0.3296571373939514 2.485745668411255 128 128 128
0.5993657112121582 -0.32129693031311035 2.2998688220977783 128 128 128
0.6223017573356628 -0.3230932354927063 2.313711166381836 128 128 128
0.6786336898803711 -0.32346677780151367 2.3078601360321045 128 128 128
0.5901346802711487 -0.3349725604057312 2.5956926345825195 128 128 128
0.5755653381347656 -0.3050880432128906 2.357954740524292 128 128 128
0.630244255065918 -0.32478067278862 2.4962832927703857 128 128 128
0.5289172530174255 -0.3097672760486603 2.6136789321899414 128 128 128
0.5847060680389404 -0.2858251929283142 2.3944575786590576 128 128 128
0.6301140785217285 -0.2996731698513031 2.4944372177124023 128 128 128
0.493742436170578 -0.27609628438949585 2.5454812049865723 128 128 128
0.8540396690368652 -0.27437835931777954 2.360769510269165 128 128 128
0.8952766060829163 -0.2808432877063751 2.4190516471862793 128 128 128
0.9335047006607056 -0.2872050106525421 2.4665722846984863 128 128 128
0.47974154353141785 -0.4190964102745056 4.38948917388916 128 128 128
0.31055933237075806 -0.2366817444562912 2.4581799507141113 128 128 128
0.34501636028289795 -0.24737222492694855 2.5589518547058105 128 128 128
0.3985915184020996 -0.27045291662216187 2.780038356781006 128 128 128
0.4124728739261627 -0.2507762014865875 2.5766172409057617 128 128 128
0.4764697253704071 -0.27666500210762024 2.826292037963867 128 128 128
0.512809157371521 -0.28466472029685974 2.896784543991089 128 128 128
0.7660722136497498 -0.24525012075901031 2.3329732418060303 128 128 128
0.810008704662323 -0.2532781660556793 2.405568838119507 128 128 128
0.8449509739875793 -0.2590615749359131 2.4482767581939697 128 128 128
0.37748169898986816 -0.21930092573165894 2.491776466369629 128 128 128
0.42885762453079224 -0.2378489226102829 2.678382158279419 128 128 128
0.4543019235134125 -0.23868544399738312 2.6985347270965576 128 128 128
0.7670258283615112 -0.23284681141376495 2.461731195449829 128 128 128
0.4288567304611206 -0.21167780458927155 2.688019275665283 128 128 128
0.4712924659252167 -0.22228902578353882 2.8032515048980713 128 128 128
0.6260719895362854 -0.1958809643983841 2.321150541305542 128 128 128
0.6076862812042236 -0.17209473252296448 2.3282456398010254 128 128 128
0.6533405780792236 -0.18085095286369324 2.4240190982818604 128 128 128
0.9721044898033142 -0.1787014603614807 2.5087244510650635 128 128 128
2.173917055130005 -3.390796422958374 9.716452598571777 128 128 128
36.21500778198242 -132.73410034179688 425.92974853515625 128 128 128
7.644278526306152 -22.384672164916992 71.04639434814453 128 128 128
3.185253143310547 -6.105510711669922 18.81937599182129 128 128 128
2.899444818496704 -4.9387898445129395 15.052753448486328 128 128 128
0.08493731170892715 6.885254383087158 -23.64246368408203 128 128 128
-0.575907289981842 9.164112091064453 -31.17036247253418 128 128 128
-1.9449658393859863 14.338641166687012 -48.25374984741211 128 128 128
17.360811233520508 -67.69224548339844 223.74111938476562 128 128 128
4.6267852783203125 -11.632051467895508 37.596336364746094 128 128 128
3.5296032428741455 -7.574468612670898 24.19171142578125 128 128 128
2.9910521507263184 -5.599026679992676 17.677988052368164 128 128 128
2.5659162998199463 -3.9718527793884277 12.30487060546875 128 128 128
2.5561892986297607 -3.593259572982788 11.006508827209473 128 128 128
2.2711338996887207 -2.5774059295654297 7.661158084869385 128 128 128
0.08733605593442917 6.399592876434326 -22.59808349609375 128 128 128
-0.5428255796432495 8.526982307434082 -29.812423706054688 128 128 128
-8.276887893676758 38.92275619506836 -133.05043029785156 128 128 128
4.142111301422119 -10.15107250213623 33.66146469116211 128 128 128
0.2542319893836975 6.191717147827148 -22.582719802856445 128 128 128
-0.28953659534454346 7.922831058502197 -28.57324981689453 128 128 128
-5.647406578063965 29.166337966918945 -102.91741943359375 128 128 128
4.214780807495117 -7.943514823913574 27.343725204467773 128 128 128
3.2752084732055664 -4.837374210357666 16.253080368041992 128 128 128
2.43133282661438 -2.4359657764434814 7.737477779388428 128 128 128
0.07755705714225769 4.288667678833008 -16.549579620361328 128 128 128
-1.2395904064178467 8.323715209960938 -31.36606216430664 128 128 128
-2.773848295211792 11.991641998291016 -44.64779281616211 128 128 128
6.081373691558838 -12.935967445373535 46.37958526611328 128 128 128
3.708390951156616 -5.955738067626953 20.819499969482422 128 128 128
2.796177387237549 -3.754868268966675 12.844061851501465 128 128 128
2.5873217582702637 -3.1631736755371094 10.692009925842285 128 128 128
-0.20938149094581604 5.611476898193359 -22.150205612182617 128 128 128
-1.2623025178909302 8.188002586364746 -31.821643829345703 128 128 128
-8.63146686553955 29.40534782409668 -111.81108093261719 128 128 128
14.916160583496094 -39.66726303100586 148.8758087158203 128 128 128
5.85405969619751 -12.84976577758789 47.563575744628906 128 128 128
3.7641663551330566 -6.999080181121826 25.599302291870117 128 128 128
3.3536815643310547 -5.444917678833008 19.656957626342773 128 128 128
2.587780475616455 -3.0721628665924072 10.671773910522461 128 128 128
0.33312949538230896 4.053717613220215 -16.803081512451172 128 128 128
-0.1966477930545807 5.026378631591797 -20.49818229675293 128 128 128
-0.9167417883872986 7.213018894195557 -29.020383834838867 128 128 128
-2.3741061687469482 10.972084045410156 -43.5955924987793 128 128 128
11.19674301147461 -31.242101669311523 121.28022766113281 128 128 128
2.6245813369750977 -2.3149843215942383 7.8978095054626465 128 128 128
0.3183387517929077 3.6484298706054688 -15.63393497467041 128 128 128
3.1421971321105957 -3.743260622024536 13.866238594055176 128 128 128
2.613079786300659 -2.4432594776153564 8.708498001098633 128 128 128
0.16090939939022064 2.755129098892212 -12.175254821777344 128 128 128
-0.12293682992458344 3.134521245956421 -13.667359352111816 128 128 128
-0.7512564063072205 4.522110462188721 -19.346580505371094 128 128 128
-3.734527826309204 10.634598731994629 -44.197601318359375 128 128 128
-20.393749237060547 45.995750427246094 -188.58729553222656 128 128 128
10.874954223632812 -20.51959991455078 82.84589385986328 128 128 128
5.176463603973389 -8.399489402770996 33.41944885253906 128 128 128
4.085188865661621 -5.804967403411865 22.799890518188477 128 128 128
2.619436740875244 -2.5550689697265625 9.490747451782227 128 128 128
0.24621674418449402 2.5376508235931396 -11.6694974899292 128 128 128
-0.5675160884857178 4.071422100067139 -18.119882583618164 128 128 128
-1.4913638830184937 6.30592155456543 -27.640121459960938 128 128 128
-2.045445680618286 7.580507755279541 -33.079620361328125 128 128 128
7.554264545440674 -14.52309799194336 60.90065002441406 128 128 128
3.8333418369293213 -5.269886493682861 21.353822708129883 128 128 128
3.1709189414978027 -4.050630569458008 16.236574172973633 128 128 128
3.2068891525268555 -3.945643186569214 15.754297256469727 128 128 128
2.736934185028076 -2.797410011291504 10.856112480163574 128 128 128
2.584054470062256 -2.440065860748291 9.34040641784668 128 128 128
2.636066436767578 -2.423112154006958 9.245766639709473 128 128 128
2.5494251251220703 -2.1918318271636963 8.240225791931152 128 128 128
-0.6243426203727722 4.319271564483643 -19.923839569091797 128 128 128
-1.604921579360962 6.505259990692139 -29.55556869506836 128 128 128
-4.014475345611572 11.619422912597656 -51.96108627319336 128 128 128
-5.897909641265869 15.595186233520508 -69.3807144165039 128 128 128
2.4758942127227783 -2.3198070526123047 9.199373245239258 128 128 128
2.5923688411712646 -2.358987331390381 9.332676887512207 128 128 128
-0.4351772665977478 3.8128268718719482 -18.34891128540039 128 128 128
-0.6329225897789001 4.190867900848389 -20.07286834716797 128 128 128
63.69588088989258 -138.09800720214844 630.219482421875 128 128 128
6.957953453063965 -12.418495178222656 55.78059387207031 128 128 128
4.058906555175781 -6.195937156677246 27.366987228393555 128 128 128
3.5678250789642334 -4.7528510093688965 20.684476852416992 128 128 128
-0.4833138585090637 4.035796165466309 -20.198253631591797 128 128 128
-1.2552894353866577 5.479303359985352 -26.94985580444336 128 128 128
-3.4792068004608154 9.28975772857666 -44.72584533691406 128 128 128
4.330669403076172 -6.356200218200684 29.10318374633789 128 128 128
2.876493215560913 -2.5746545791625977 10.969194412231445 128 128 128
2.7113935947418213 -2.248586654663086 9.445469856262207 128 128 128
2.651710033416748 -2.0093178749084473 8.28369140625 128 128 128
2.961275577545166 -2.4846746921539307 10.91597843170166 128 128 128
2.532073736190796 -1.8884403705596924 8.094541549682617 128 128 128
2.5979297161102295 -1.8929945230484009 8.08615493774414 128 128 128
2.38954496383667 -1.6757525205612183 7.075901508331299 128 128 128
-12.863516807556152 23.189558029174805 -117.77536010742188 128 128 128
-15.356109619140625 25.786605834960938 -130.4739532470703 128 128 128
13.293830871582031 -18.915552139282227 93.96946716308594 128 128 128
3.9114387035369873 -4.291476249694824 20.595077514648438 128 128 128
3.2943928241729736 -3.3687524795532227 15.980156898498535 128 128 128
3.5279088020324707 -3.482285976409912 16.44962501525879 128 128 128
3.176701545715332 -2.773648977279663 12.838582992553711 128 128 128
2.8296966552734375 -2.289944887161255 10.412153244018555 128 128 128
2.3898351192474365 -1.6109700202941895 7.053939342498779 128 128 128
-0.3176569640636444 2.363236665725708 -13.412811279296875 128 128 128
-33.977630615234375 54.927120208740234 -288.8850402832031 128 128 128
4.871036052703857 -6.043870449066162 30.84111976623535 128 128 128
4.659276485443115 -5.509773254394531 27.999237060546875 128 128 128
3.8722941875457764 -4.223246097564697 21.2072696685791 128 128 128
2.9527945518493652 -2.8998961448669434 14.283123016357422 128 128 128
3.0244596004486084 -2.8585686683654785 14.039071083068848 128 128 128
2.8268322944641113 -2.4438602924346924 11.789854049682617 128 128 128
2.6449992656707764 -2.110582113265991 10.007307052612305 128 128 128
2.520993709564209 -1.8564921617507935 8.696718215942383 128 128 128
-0.4731353521347046 2.531374931335449 -14.945354461669922 128 128 128
-1.0423308610916138 3.7787973880767822 -22.016096115112305 128 128 128
-12.027002334594727 21.184633255004883 -117.73377227783203 128 128 128
-22.1910457611084 36.55792999267578 -201.77520751953125 128 128 128
12.74987506866455 -17.491313934326172 94.86861419677734 128 128 128
5.578657627105713 -6.610013008117676 35.1795768737793 128 128 128
5.479971408843994 -6.191089630126953 32.808956146240234 128 128 128
3.0547566413879395 -2.87341046333313 14.732378959655762 128 128 128
2.7499072551727295 -2.091390609741211 10.349535942077637 128 128 128
2.571056365966797 -1.7770479917526245 8.603586196899414 128 128 128
-0.972881555557251 3.377434492111206 -20.60027503967285 128 128 128
-1.134155511856079 3.3843061923980713 -20.521087646484375 128 128 128
-2.6660380363464355 5.699872970581055 -33.83377456665039 128 128 128
8.076814651489258 -10.54699420928955 59.78986740112305 128 128 128
4.6252217292785645 -5.228210926055908 29.047958374023438 128 128 128
3.3320372104644775 -3.319056749343872 18.113431930541992 128 128 128
3.5637803077697754 -3.413745164871216 18.538314819335938 128 128 128
2.774526596069336 -2.2667109966278076 11.912980079650879 128 128 128
2.648672103881836 -2.0932092666625977 10.96204948425293 128 128 128
-1.0672637224197388 3.510817289352417 -22.485660552978516 128 128 128
-1.3051857948303223 3.6892380714416504 -23.484712600708008 128 128 128
-3.1170904636383057 7.023404598236084 -43.95548629760742 128 128 128
-3.4443304538726807 6.99939489364624 -43.551109313964844 128 128 128
6.322031021118164 -7.459202766418457 43.980224609375 128 128 128
3.0869951248168945 -2.932558536529541 16.723207473754883 128 128 128
2.9416885375976562 -2.4230034351348877 13.508042335510254 128 128 128
-0.9847573637962341 3.0632941722869873 -20.657001495361328 128 128 128
-3.2716476917266846 6.261585235595703 -41.02223587036133 128 128 128
-4.4470696449279785 7.801100254058838 -50.71866226196289 128 128 128
3.6318626403808594 -3.864830255508423 23.758195877075195 128 128 128
3.015390396118164 -2.7149770259857178 16.247663497924805 128 128 128
2.6695895195007324 -1.6924198865890503 9.385712623596191 128 128 128
-0.8962309956550598 3.1016111373901367 -22.268465042114258 128 128 128
-4.082781791687012 7.389160633087158 -50.994197845458984 128 128 128
38.32512664794922 -54.48663330078125 367.4501953125 128 128 128
5.56846284866333 -6.202700138092041 40.65440368652344 128 128 128
4.0825276374816895 -4.134710311889648 26.671159744262695 128 128 128
15.42003345489502 -20.512020111083984 146.4457550048828 128 128 128
5.406923294067383 -5.991829872131348 41.74683380126953 128 128 128
5.773218631744385 -6.069312572479248 41.96440887451172 128 128 128
2.679164171218872 -1.373520851135254 8.157068252563477 128 128 128
4.409694194793701 -4.5715107917785645 33.78160095214844 128 128 128
2.6530487537384033 -1.5401543378829956 10.108185768127441 128 128 128
2.800218105316162 -1.4447698593139648 9.20175552368164 128 128 128
2.6087911128997803 -1.2632282972335815 7.910783767700195 128 128 128
2.7292540073394775 -1.2952462434768677 8.071035385131836 128 128 128
3.096494197845459 -1.9999816417694092 14.503798484802246 128 128 128
2.7582411766052246 -1.3110026121139526 8.784083366394043 128 128 128
2.6789181232452393 -1.1984598636627197 7.893129825592041 128 128 128
0.21779567003250122 1.0050616264343262 -10.170782089233398 128 128 128
0.0721932202577591 1.3119114637374878 -12.989716529846191 128 128 128
2.619619369506836 -1.16657292842865 8.305021286010742 128 128 128
2.524409294128418 -1.063721776008606 7.412912845611572 128 128 128
2.6352200508117676 -1.1009520292282104 8.329607963562012 128 128 128
2.448345184326172 -0.9892199635505676 7.352209568023682 128 128 128
2.5426671504974365 -1.001645565032959 7.438704967498779 128 128 128
2.40877366065979 -0.9213412404060364 6.720630645751953 128 128 128
2.4332876205444336 -0.911113977432251 6.628075122833252 128 128 128
