ply
format ascii 1.0
element vertex 4937
property float x
property float y
property float z
property uchar red
property uchar green
property uchar blue
end_header
1.4687755107879639 -2.358415365219116 6.192480087280273 128 128 128
1.5764238834381104 -2.4780113697052 6.6546950340271 128 128 128
1.188910722732544 -1.801052212715149 4.843628883361816 128 128 128
1.0379337072372437 -1.5176122188568115 4.086275577545166 128 128 128
-0.730715811252594 1.9580105543136597 -5.3464436531066895 128 128 128
-0.7732337117195129 2.032316207885742 -5.673916816711426 128 128 128
-1.0428546667099 2.3171820640563965 -6.471052646636963 128 128 128
-0.5584812760353088 1.7634680271148682 -5.035005569458008 128 128 128
-1.0552691221237183 2.297659158706665 -6.566068172454834 128 128 128
-1.1996334791183472 2.4867236614227295 -7.104037761688232 128 128 128
7.89274787902832 -13.625109672546387 39.05339050292969 128 128 128
5.855154037475586 -9.676735877990723 27.787500381469727 128 128 128
-0.251690536737442 1.4237045049667358 -4.158693313598633 128 128 128
-0.30789777636528015 1.5258913040161133 -4.462596893310547 128 128 128
-0.4554218649864197 1.6593101024627686 -4.849404335021973 128 128 128
-0.48896244168281555 1.6393815279006958 -4.787498950958252 128 128 128
-0.6236609220504761 1.6778677701950073 -4.90495491027832 128 128 128
-0.8505057692527771 2.019296646118164 -5.911100387573242 128 128 128
-0.8863548040390015 1.9981261491775513 -5.8385233879089355 128 128 128
-1.1692134141921997 2.260350227355957 -6.616916656494141 128 128 128
6.040153980255127 -9.364919662475586 27.59635353088379 128 128 128
3.9764463901519775 -5.920714855194092 17.476024627685547 128 128 128
-0.3555128574371338 1.5454984903335571 -4.624652862548828 128 128 128
-0.46628525853157043 1.6632015705108643 -4.981179237365723 128 128 128
-0.49932244420051575 1.6397403478622437 -4.905991077423096 128 128 128
-0.5915586948394775 1.790573000907898 -5.364966869354248 128 128 128
-0.6362242698669434 1.7958881855010986 -5.374695301055908 128 128 128
-3.424391269683838 5.911181926727295 -17.764177322387695 128 128 128
5.279396057128906 -7.9897918701171875 24.148042678833008 128 128 128
2.9228224754333496 -4.094986438751221 12.406795501708984 128 128 128
-0.44511324167251587 1.7090495824813843 -5.244046688079834 128 128 128
-0.47272229194641113 1.6595070362091064 -5.084383010864258 128 128 128
-0.5087278485298157 1.6386712789535522 -5.022124290466309 128 128 128
-0.6533606648445129 1.810274600982666 -5.547131061553955 128 128 128
-0.9257691502571106 2.1108477115631104 -6.482590198516846 128 128 128
4.956756114959717 -7.628566265106201 23.626344680786133 128 128 128
3.9431514739990234 -5.812627792358398 18.038715362548828 128 128 128
4.681106090545654 -6.649539947509766 20.645727157592773 128 128 128
3.4911584854125977 -4.776551723480225 14.84689998626709 128 128 128
-0.0730706974864006 1.304724097251892 -4.100988388061523 128 128 128
-0.4167354106903076 1.7493083477020264 -5.491579532623291 128 128 128
-0.6164665222167969 1.8003981113433838 -5.65500020980835 128 128 128
-0.6583675146102905 1.7871648073196411 -5.6143059730529785 128 128 128
-0.9009272456169128 2.130750894546509 -6.713947296142578 128 128 128
-0.9723255038261414 2.1695001125335693 -6.833139896392822 128 128 128
8.034239768981934 -12.042533874511719 38.314979553222656 128 128 128
4.289133548736572 -6.163302421569824 19.64269256591797 128 128 128
3.683236598968506 -4.894455432891846 15.639289855957031 128 128 128
3.3337087631225586 -4.267890453338623 13.654230117797852 128 128 128
-0.1985904723405838 1.4576256275177002 -4.694913387298584 128 128 128
-0.2321842759847641 1.4283053874969482 -4.5967607498168945 128 128 128
-0.40943893790245056 1.6783682107925415 -5.413220405578613 128 128 128
-0.4566103219985962 1.6866322755813599 -5.440579891204834 128 128 128
-0.48376721143722534 1.626655101776123 -5.247262954711914 128 128 128
-0.5070883631706238 1.567461371421814 -5.053164958953857 128 128 128
-1.8552206754684448 3.613176107406616 -11.706343650817871 128 128 128
-0.20077481865882874 1.4503686428070068 -4.795040130615234 128 128 128
-0.30013617873191833 1.5516823530197144 -5.131801605224609 128 128 128
-0.3332022428512573 1.5082945823669434 -4.989186763763428 128 128 128
-0.5181956887245178 1.7045025825500488 -5.647143840789795 128 128 128
-2.4882988929748535 4.7366623878479 -15.761109352111816 128 128 128
-2.506237268447876 4.5286545753479 -15.082810401916504 128 128 128
-13.313761711120605 19.888996124267578 -66.62844848632812 128 128 128
3.452188491821289 -4.172995567321777 14.124067306518555 128 128 128
3.2549188137054443 -3.795886516571045 12.860600471496582 128 128 128
-0.242047980427742 1.4315816164016724 -4.86389684677124 128 128 128
-2.245471954345703 4.165348529815674 -14.257933616638184 128 128 128
-27.011831283569336 39.053131103515625 -134.9010467529297 128 128 128
-0.20152701437473297 1.4059885740280151 -4.911032676696777 128 128 128
-1.2686959505081177 2.926612377166748 -10.260489463806152 128 128 128
-2.88844895362854 5.202942371368408 -18.35609245300293 128 128 128
-3.441803216934204 5.889598846435547 -20.79108428955078 128 128 128
1.8828976154327393 -2.145691156387329 7.705050945281982 128 128 128
-0.20534925162792206 1.4104043245315552 -5.067147731781006 128 128 128
-0.36546027660369873 1.557531476020813 -5.59788703918457 128 128 128
-1.2556612491607666 3.022953748703003 -10.914326667785645 128 128 128
-1.3509256839752197 3.0314691066741943 -10.954020500183105 128 128 128
-3.2396535873413086 5.381279468536377 -19.59104347229004 128 128 128
-4.29697322845459 6.798269748687744 -24.764568328857422 128 128 128
2.033327102661133 -2.1644351482391357 8.025827407836914 128 128 128
-0.20943692326545715 1.4096680879592896 -5.218878269195557 128 128 128
-1.2027344703674316 2.8254220485687256 -10.507925987243652 128 128 128
1.973224401473999 -2.110427141189575 8.070655822753906 128 128 128
1.842996597290039 -1.902726411819458 7.2823076248168945 128 128 128
1.7453382015228271 -1.7307206392288208 6.634179592132568 128 128 128
-0.8135911822319031 2.3821306228637695 -9.119315147399902 128 128 128
-0.8681284785270691 2.329559326171875 -8.91762924194336 128 128 128
-1.6899006366729736 3.339475631713867 -12.880309104919434 128 128 128
-1.8393818140029907 3.4338676929473877 -13.230810165405273 128 128 128
4.1865973472595215 -5.9011759757995605 22.999961853027344 128 128 128
-0.8571364879608154 2.4380006790161133 -9.644728660583496 128 128 128
-0.9026943445205688 2.3522937297821045 -9.305743217468262 128 128 128
-2.0190837383270264 3.6375319957733154 -14.514300346374512 128 128 128
-24.33820343017578 39.143470764160156 -156.4916229248047 128 128 128
5.7020792961120605 -7.4194207191467285 29.956867218017578 128 128 128
6.143571853637695 -7.652658462524414 30.93077278137207 128 128 128
4.102496147155762 -4.884685516357422 19.785215377807617 128 128 128
-20.73127555847168 34.21867752075195 -141.30357360839844 128 128 128
4.059812068939209 -5.104511260986328 21.345142364501953 128 128 128
3.949387311935425 -4.739067077636719 19.857315063476562 128 128 128
3.8116438388824463 -4.380204200744629 18.380704879760742 128 128 128
-0.27196407318115234 1.6948776245117188 -7.1308274269104 128 128 128
-0.5278272032737732 1.9753329753875732 -8.345353126525879 128 128 128
-0.6047554612159729 2.0113637447357178 -8.489153861999512 128 128 128
-19.4554500579834 30.863357543945312 -132.3631134033203 128 128 128
-28.11945343017578 42.36616134643555 -181.61508178710938 128 128 128
28.2943172454834 -38.17515563964844 164.44461059570312 128 128 128
3.8889102935791016 -4.7100911140441895 20.435518264770508 128 128 128
2.9862232208251953 -3.447239637374878 14.993000030517578 128 128 128
3.0190463066101074 -3.342879295349121 14.553092956542969 128 128 128
3.338071346282959 -3.535799980163574 15.427059173583984 128 128 128
1.6304099559783936 -1.41078782081604 6.20982027053833 128 128 128
1.5593867301940918 -1.302237868309021 5.736000061035156 128 128 128
-0.27921178936958313 1.696041226387024 -7.395493030548096 128 128 128
-0.6247032880783081 2.0113449096679688 -8.805489540100098 128 128 128
-2.6290721893310547 5.3133463859558105 -23.400981903076172 128 128 128
-3.1581685543060303 5.914268970489502 -26.117094039916992 128 128 128
-14.085100173950195 21.58603858947754 -96.04314422607422 128 128 128
-64.32633972167969 93.1739273071289 -415.115234375 128 128 128
1.7609986066818237 -1.4641581773757935 6.694948196411133 128 128 128
1.7030534744262695 -1.368125081062317 6.25905704498291 128 128 128
1.6773781776428223 -1.3033571243286133 5.964293003082275 128 128 128
-0.02908366359770298 1.5935786962509155 -7.17973518371582 128 128 128
-0.33864668011665344 1.6451131105422974 -7.442745208740234 128 128 128
-2.516655683517456 4.899203300476074 -22.43112564086914 128 128 128
26.47342300415039 -34.90220260620117 162.0369110107422 128 128 128
1.7455964088439941 -1.3486500978469849 6.417376518249512 128 128 128
1.7450460195541382 -1.303870439529419 6.206033229827881 128 128 128
1.8287516832351685 -1.2833311557769775 6.1061320304870605 128 128 128
-1.176519513130188 3.1825459003448486 -15.038152694702148 128 128 128
-2.689539670944214 5.452435493469238 -25.946529388427734 128 128 128
-3.0796539783477783 5.765138626098633 -27.484525680541992 128 128 128
2.3579366207122803 -2.6809704303741455 13.038287162780762 128 128 128
2.253708600997925 -2.445265531539917 11.909649848937988 128 128 128
1.956868290901184 -2.0183517932891846 9.863303184509277 128 128 128
1.9239451885223389 -1.9014960527420044 9.304518699645996 128 128 128
-1.1890641450881958 3.0992431640625 -15.25702953338623 128 128 128
-3.5249547958374023 5.904347896575928 -29.370018005371094 128 128 128
2.2984120845794678 -2.2745096683502197 11.594178199768066 128 128 128
2.295315742492676 -2.174748182296753 11.103208541870117 128 128 128
2.2428512573242188 -2.03063702583313 10.39460563659668 128 128 128
1.4238299131393433 -0.9765272736549377 5.053516387939453 128 128 128
1.4594982862472534 -0.9704698324203491 5.021695613861084 128 128 128
1.5160361528396606 -0.9789025783538818 5.064305782318115 128 128 128
-1.3356525897979736 3.339949607849121 -17.1740665435791 128 128 128
-1.391813039779663 3.165262460708618 -16.25567054748535 128 128 128
4.836198806762695 -6.790811061859131 35.42300033569336 128 128 128
4.274570941925049 -5.617150783538818 29.40874671936035 128 128 128
3.687432289123535 -4.571343421936035 23.98095703125 128 128 128
1.5480293035507202 -0.9834275841712952 5.320441722869873 128 128 128
1.5147260427474976 -0.9342197179794312 5.052595138549805 128 128 128
1.586356520652771 -0.9494209289550781 5.130199909210205 128 128 128
1.629046082496643 -0.9483339190483093 5.119719982147217 128 128 128
1.6441468000411987 -0.9310532808303833 5.01786470413208 128 128 128
1.6728602647781372 -0.9223626852035522 4.95847749710083 128 128 128
-0.17635981738567352 1.8052371740341187 -9.547062873840332 128 128 128
-0.661430299282074 2.3813676834106445 -12.703866958618164 128 128 128
4.062095642089844 -5.447925567626953 29.762353897094727 128 128 128
3.487063407897949 -4.406790733337402 24.103404998779297 128 128 128
2.208583116531372 -2.20538330078125 12.242362976074219 128 128 128
1.5401127338409424 -0.9050472378730774 5.127245903015137 128 128 128
1.5828851461410522 -0.9040305018424988 5.118111610412598 128 128 128
1.6549921035766602 -0.9184826016426086 5.192753791809082 128 128 128
1.7319002151489258 -0.9362027049064636 5.286950588226318 128 128 128
-0.09444136917591095 1.7142211198806763 -9.48654842376709 128 128 128
-0.5658427476882935 2.3660268783569336 -13.158102989196777 128 128 128
-26.35848045349121 45.514183044433594 -257.9139404296875 128 128 128
-19.879545211791992 31.806968688964844 -180.30740356445312 128 128 128
3.470278739929199 -3.918658494949341 22.591468811035156 128 128 128
1.6163922548294067 -1.463476538658142 8.549956321716309 128 128 128
1.5220955610275269 -1.3088879585266113 7.675105571746826 128 128 128
1.4743716716766357 -1.2152011394500732 7.1349196434021 128 128 128
1.7137181758880615 -0.9323850274085999 5.544106483459473 128 128 128
1.4202532768249512 -0.7118088006973267 4.210513114929199 128 128 128
-14.315225601196289 21.892574310302734 -130.29824829101562 128 128 128
1.6319077014923096 -1.3376716375350952 8.247002601623535 128 128 128
1.5884451866149902 -1.2422056198120117 7.679784774780273 128 128 128
1.3224477767944336 -0.725519597530365 4.547545433044434 128 128 128
1.4164783954620361 -0.7107763290405273 4.442022323608398 128 128 128
1.4846546649932861 -0.7253974080085754 4.5265889167785645 128 128 128
1.5849941968917847 -0.7365425825119019 4.57818603515625 128 128 128
-1.96224844455719 5.382933139801025 -33.21614456176758 128 128 128
1.6630010604858398 -1.2909817695617676 8.401324272155762 128 128 128
1.6237878799438477 -1.204908847808838 7.8585591316223145 128 128 128
1.6491295099258423 -1.1694456338882446 7.648028373718262 128 128 128
1.39248788356781 -0.7473024725914001 4.946125030517578 128 128 128
1.4486207962036133 -0.7301566004753113 4.829702377319336 128 128 128
1.4161231517791748 -0.6934400200843811 4.583722114562988 128 128 128
1.4198068380355835 -0.6755234003067017 4.459111213684082 128 128 128
1.507825255393982 -0.6981748938560486 4.600769996643066 128 128 128
1.5250179767608643 -0.6883689165115356 4.528813362121582 128 128 128
1.6061396598815918 -0.7066620588302612 4.631994724273682 128 128 128
1.6173839569091797 -0.6949471831321716 4.538783550262451 128 128 128
1.682268500328064 -0.7070127725601196 4.606109142303467 128 128 128
1.83810555934906 -0.7409178614616394 4.792839050292969 128 128 128
-2.539508819580078 5.777974605560303 -37.74858093261719 128 128 128
-3.2504377365112305 6.567505359649658 -42.99673843383789 128 128 128
2.3576598167419434 -2.6027040481567383 17.434263229370117 128 128 128
2.145343542098999 -2.2193806171417236 14.916106224060059 128 128 128
1.5158802270889282 -0.6799287796020508 4.748894691467285 128 128 128
1.5278791189193726 -0.6678909063339233 4.659717559814453 128 128 128
1.6487176418304443 -0.6849828362464905 4.75210428237915 128 128 128
1.727091908454895 -0.7012988328933716 4.85652494430542 128 128 128
-0.4679162800312042 2.759366512298584 -18.808090209960938 128 128 128
2.0654654502868652 -2.1384096145629883 15.231439590454102 128 128 128
1.872772455215454 -1.81062912940979 12.957939147949219 128 128 128
1.4135959148406982 -0.9802002906799316 7.162502765655518 128 128 128
1.4477519989013672 -0.8727738857269287 6.439463138580322 128 128 128
1.436787724494934 -0.8297163844108582 6.13799524307251 128 128 128
1.510054111480713 -0.5642907619476318 4.134074687957764 128 128 128
1.5773273706436157 -0.5770890712738037 4.214098930358887 128 128 128
-0.3194439709186554 2.7057764530181885 -19.549449920654297 128 128 128
4.165717124938965 -6.716463088989258 49.74482345581055 128 128 128
4.07108211517334 -6.007024765014648 44.4557991027832 128 128 128
1.403355598449707 -1.0074841976165771 7.802958011627197 128 128 128
1.4165937900543213 -0.9675755500793457 7.514698505401611 128 128 128
1.3915661573410034 -0.9016667008399963 7.034241199493408 128 128 128
1.438536524772644 -0.8103240132331848 6.383321762084961 128 128 128
1.5051382780075073 -0.7825483083724976 6.188564300537109 128 128 128
1.294425368309021 -0.5121582746505737 4.055891990661621 128 128 128
1.4090038537979126 -0.5291221737861633 4.170718193054199 128 128 128
1.5307002067565918 -0.5482937693595886 4.294654369354248 128 128 128
1.6461262702941895 -0.5649257898330688 4.392147541046143 128 128 128
1.7471543550491333 -0.5876282453536987 4.556342124938965 128 128 128
1.8398728370666504 -0.5963049530982971 4.57572603225708 128 128 128
-0.3228302597999573 2.6537258625030518 -20.388193130493164 128 128 128
-0.5530608892440796 2.9686031341552734 -22.86802864074707 128 128 128
-5.733757019042969 15.002042770385742 -116.52494812011719 128 128 128
3.569790840148926 -4.473875999450684 35.57987594604492 128 128 128
1.3512177467346191 -0.7837432026863098 6.557447910308838 128 128 128
1.4036017656326294 -0.7404850721359253 6.243309497833252 128 128 128
1.382260799407959 -0.5108129382133484 4.33744478225708 128 128 128
1.5077404975891113 -0.5288115739822388 4.470430374145508 128 128 128
1.5587619543075562 -0.5333858728408813 4.491512298583984 128 128 128
1.7414652109146118 -0.5698630809783936 4.76252555847168 128 128 128
1.3964323997497559 -1.378262996673584 11.881881713867188 128 128 128
1.376777172088623 -1.266050100326538 10.941654205322266 128 128 128
1.4285649061203003 -1.2250655889511108 10.628857612609863 128 128 128
1.4720659255981445 -1.2479404211044312 11.6716947555542 128 128 128
1.159794569015503 -0.6354932188987732 6.1552510261535645 128 128 128
1.1783263683319092 -0.6151263117790222 5.977216720581055 128 128 128
1.1930540800094604 -0.5937081575393677 5.790119171142578 128 128 128
1.2047350406646729 -0.5225317478179932 5.152955055236816 128 128 128
1.4966485500335693 -2.330860137939453 22.838571548461914 128 128 128
1.6062896251678467 -2.234147310256958 21.8791446685791 128 128 128
1.668257236480713 -2.070342779159546 20.36741065979004 128 128 128
1.1844215393066406 -0.5967661738395691 6.293421268463135 128 128 128
1.1965336799621582 -0.5709365606307983 6.055685997009277 128 128 128
1.2252326011657715 -0.5327019691467285 5.689579486846924 128 128 128
1.2937064170837402 -0.5358392596244812 5.750365734100342 128 128 128
1.5225580930709839 -2.549561023712158 27.011680603027344 128 128 128
1.6603518724441528 -2.4181065559387207 25.691194534301758 128 128 128
1.6583876609802246 -2.1179726123809814 22.640716552734375 128 128 128
1.655091643333435 -1.8673800230026245 20.136322021484375 128 128 128
1.1272670030593872 -0.878975510597229 9.681415557861328 128 128 128
2.005589008331299 -8.10988998413086 91.98934173583984 128 128 128
1.5200966596603394 -1.5651406049728394 18.56675910949707 128 128 128
1.063995361328125 -0.8161061406135559 9.871794700622559 128 128 128
1.1761751174926758 -0.8349366188049316 10.1325101852417 128 128 128
1.1435465812683105 -0.6922094225883484 8.53577709197998 128 128 128
1.0292507410049438 -0.404359370470047 5.221655368804932 128 128 128
2.331638813018799 -4.672640800476074 59.746463775634766 128 128 128
1.1289652585983276 -0.6552871465682983 8.994161605834961 128 128 128
0.9652883410453796 -0.4228838384151459 5.985429286956787 128 128 128
0.9797407388687134 -0.4044494926929474 5.759253978729248 128 128 128
1.0131968259811401 -0.39448729157447815 5.6552414894104 128 128 128
1.0206538438796997 -0.3765300214290619 5.4278082847595215 128 128 128
1.0876483917236328 -0.3435870409011841 5.042389869689941 128 128 128
1.1383843421936035 -0.34475037455558777 5.074642181396484 128 128 128
1.1465035676956177 -0.33217963576316833 4.910317420959473 128 128 128
0.9405146837234497 -1.401273250579834 20.126794815063477 128 128 128
0.9466241002082825 -1.0188837051391602 14.845688819885254 128 128 128
1.0034854412078857 -0.2437126338481903 4.1345696449279785 128 128 128
1.3023723363876343 -0.20678213238716125 3.397333860397339 128 128 128
1.3725935220718384 -0.21498365700244904 3.4898016452789307 128 128 128
1.030390977859497 -1.1171797513961792 18.554834365844727 128 128 128
1.1248544454574585 -1.056286096572876 17.625411987304688 128 128 128
0.784709632396698 -0.4571467936038971 7.948658466339111 128 128 128
0.8606546521186829 -0.4613240659236908 8.049601554870605 128 128 128
0.8754217624664307 -0.24464353919029236 4.663051128387451 128 128 128
0.898320198059082 -0.23801256716251373 4.567916393280029 128 128 128
0.9461385607719421 -0.2258392721414566 4.398946285247803 128 128 128
1.0920449495315552 -0.20951896905899048 4.17921257019043 128 128 128
0.14124388992786407 -2.044034004211426 37.19550704956055 128 128 128
0.4038327932357788 -1.825054407119751 33.391632080078125 128 128 128
0.8029310703277588 -0.4411827027797699 8.921601295471191 128 128 128
0.8501867055892944 -0.42687559127807617 8.662973403930664 128 128 128
0.9313896298408508 -0.3862980604171753 8.036548614501953 128 128 128
0.9774130582809448 -0.3742062747478485 7.852023601531982 128 128 128
0.9074629545211792 -0.22452713549137115 5.068889617919922 128 128 128
0.9485961198806763 -0.20865483582019806 4.804641246795654 128 128 128
1.0253525972366333 -0.19363707304000854 4.559787273406982 128 128 128
-0.19845151901245117 -1.9860535860061646 42.591400146484375 128 128 128
0.12078078091144562 -1.6794475317001343 36.033966064453125 128 128 128
0.8944769501686096 -0.18025922775268555 5.011251926422119 128 128 128
0.9147859215736389 -0.17275869846343994 4.870257377624512 128 128 128
1.1218432188034058 -0.12065146118402481 3.637871026992798 128 128 128
1.274393081665039 -0.11684618890285492 3.2409515380859375 128 128 128
0.5205733776092529 -0.4923289716243744 13.814840316772461 128 128 128
0.6148452758789062 -0.4743170738220215 13.3942232131958 128 128 128
0.688345193862915 -0.4456877112388611 12.695977210998535 128 128 128
0.9051154851913452 -0.11541655659675598 4.3938446044921875 128 128 128
0.9069557189941406 -0.10365163534879684 4.042219638824463 128 128 128
0.9669745564460754 -0.09990429133176804 3.9767329692840576 128 128 128
1.0551401376724243 -0.0825338214635849 3.3188486099243164 128 128 128
1.1054025888442993 -0.08300226926803589 3.279222011566162 128 128 128
1.3010106086730957 -0.09142375737428665 3.3063249588012695 128 128 128
0.6356989145278931 -0.19424031674861908 7.89867639541626 128 128 128
0.6748047471046448 -0.18248526751995087 7.570786476135254 128 128 128
0.7189731001853943 -0.17442505061626434 7.361085414886475 128 128 128
0.7305765151977539 -0.16041167080402374 6.881742477416992 128 128 128
0.7860208749771118 -0.15526053309440613 6.830785274505615 128 128 128
0.7949886918067932 -0.09039169549942017 4.683417320251465 128 128 128
0.8186543583869934 -0.08690707385540009 4.584870338439941 128 128 128
0.8340845108032227 -0.0821600928902626 4.440826416015625 128 128 128
0.8720318675041199 -0.07529497146606445 4.23235559463501 128 128 128
0.8994782567024231 -0.07293859124183655 4.1779890060424805 128 128 128
0.9366039037704468 -0.0714033767580986 4.167571067810059 128 128 128
1.1034611463546753 -0.0559699721634388 3.3709495067596436 128 128 128
0.9294450879096985 -0.02831476740539074 3.5568594932556152 128 128 128
0.9750836491584778 -0.028189320117235184 3.5961833000183105 128 128 128
1.0003281831741333 -0.027822596952319145 3.571627616882324 128 128 128
1.053250789642334 -0.026416875422000885 3.122131109237671 128 128 128
1.0688719749450684 -0.02674216777086258 3.085663318634033 128 128 128
1.0823014974594116 -0.02748260647058487 3.0385773181915283 128 128 128
0.762207567691803 -0.00675365561619401 4.068451881408691 128 128 128
0.7956730723381042 -0.004500585608184338 4.034443378448486 128 128 128
0.8148180842399597 -0.0033438154496252537 3.953399658203125 128 128 128
0.8252902030944824 -0.0020995186641812325 3.834085702896118 128 128 128
0.855534017086029 -0.001360363676212728 3.820234775543213 128 128 128
0.8838810920715332 5.8208737755194306e-05 3.7763760089874268 128 128 128
0.9034059643745422 0.0007267562905326486 3.715712308883667 128 128 128
0.9258079528808594 0.0012543064076453447 3.671804666519165 128 128 128
0.9481436014175415 0.001861875643953681 3.618112087249756 128 128 128
0.9308164119720459 0.0018534957198426127 3.1053993701934814 128 128 128
0.9678133130073547 0.001707006129436195 3.135889768600464 128 128 128
1.0023350715637207 0.000899037579074502 3.063631534576416 128 128 128
0.7844973206520081 0.028605302795767784 4.185412406921387 128 128 128
0.832615315914154 0.03073195368051529 4.040203094482422 128 128 128
0.8409880995750427 0.03063453920185566 3.9149348735809326 128 128 128
0.9065034985542297 0.030171362683176994 3.3506577014923096 128 128 128
0.9524978995323181 0.02988131158053875 3.2886581420898438 128 128 128
0.976793646812439 0.02946990169584751 3.2610654830932617 128 128 128
1.0001775026321411 0.029013561084866524 3.238258123397827 128 128 128
1.0484287738800049 0.02759314328432083 3.1964521408081055 128 128 128
0.672611653804779 0.06261184811592102 4.726086139678955 128 128 128
0.7813732624053955 0.06566964834928513 4.373514652252197 128 128 128
0.8241163492202759 0.05937485024333 3.532086133956909 128 128 128
0.8397447466850281 0.05893402546644211 3.4592702388763428 128 128 128
0.854787290096283 0.058355893939733505 3.392460346221924 128 128 128
0.9133404493331909 0.05886676535010338 3.376549005508423 128 128 128
0.7203432321548462 0.0914025604724884 3.8449506759643555 128 128 128
0.7401486039161682 0.09076820313930511 3.772038459777832 128 128 128
0.7849509119987488 0.09042587131261826 3.651982307434082 128 128 128
0.8169869184494019 0.09129642695188522 3.6343820095062256 128 128 128
0.8522871136665344 0.09227342903614044 3.6437737941741943 128 128 128
0.8643733859062195 0.07980885356664658 3.0773651599884033 128 128 128
0.8967173099517822 0.08009228110313416 3.08856201171875 128 128 128
0.9250589609146118 0.08016034215688705 3.093005657196045 128 128 128
0.9391822218894958 0.07850145548582077 3.040286064147949 128 128 128
0.6271105408668518 0.12725695967674255 4.150395393371582 128 128 128
0.6536704301834106 0.1267407089471817 4.090856075286865 128 128 128
0.6785222291946411 0.12642574310302734 4.004000663757324 128 128 128
0.7119371891021729 0.127374067902565 3.990074872970581 128 128 128
0.7332085967063904 0.12623418867588043 3.9090330600738525 128 128 128
0.832369863986969 0.11250920593738556 3.3000147342681885 128 128 128
0.8412600159645081 0.11008282005786896 3.2173306941986084 128 128 128
0.8464300036430359 0.10727477073669434 3.1273601055145264 128 128 128
0.708195149898529 0.14247523248195648 3.446636199951172 128 128 128
0.7330014705657959 0.1420838087797165 3.4063925743103027 128 128 128
0.7533703446388245 0.14093777537345886 3.363893985748291 128 128 128
0.781921923160553 0.14115659892559052 3.3463895320892334 128 128 128
0.8034259080886841 0.14008153975009918 3.3046774864196777 128 128 128
0.6592185497283936 0.18063291907310486 3.7000374794006348 128 128 128
0.6951114535331726 0.18249540030956268 3.7107386589050293 128 128 128
0.7553771138191223 0.17617952823638916 3.517422914505005 128 128 128
0.7590667605400085 0.1535474956035614 3.0146188735961914 128 128 128
0.7905085682868958 0.15430396795272827 3.019893169403076 128 128 128
0.8082903623580933 0.15288148820400238 2.9883360862731934 128 128 128
0.6587768793106079 0.23243792355060577 3.512995719909668 128 128 128
0.67519211769104 0.22839072346687317 3.438781976699829 128 128 128
0.684290885925293 0.23135434091091156 3.057556629180908 128 128 128
0.6991977691650391 0.22721566259860992 2.9913227558135986 128 128 128
0.9276317358016968 -1.8524173498153687 4.692810535430908 128 128 128
1.400084376335144 -2.2961790561676025 6.0583953857421875 128 128 128
1.7737364768981934 -2.4605371952056885 6.492565631866455 128 128 128
1.6558698415756226 -2.23038387298584 5.882295608520508 128 128 128
0.16767624020576477 -1.3493374586105347 3.6501471996307373 128 128 128
0.22134482860565186 -1.3013209104537964 3.5223441123962402 128 128 128
0.24764057993888855 -1.2838579416275024 3.474855422973633 128 128 128
0.33798733353614807 -1.419265866279602 3.838103771209717 128 128 128
0.44279929995536804 -1.441237449645996 3.902510404586792 128 128 128
1.8079277276992798 -2.5293362140655518 6.827453136444092 128 128 128
1.79710853099823 -2.4395298957824707 6.580901145935059 128 128 128
0.35657092928886414 -1.3348960876464844 3.6944949626922607 128 128 128
0.6124627590179443 -1.596347689628601 4.417299747467041 128 128 128
0.09846601635217667 -1.189516544342041 3.374513626098633 128 128 128
0.19688335061073303 -1.2735943794250488 3.6134557723999023 128 128 128
0.5413259267807007 -1.4701461791992188 4.1605706214904785 128 128 128
0.6180468201637268 -1.5745199918746948 4.458844184875488 128 128 128
0.6351912021636963 -1.526288628578186 4.320918560028076 128 128 128
2.01633620262146 -2.698843479156494 7.623664855957031 128 128 128
2.132277250289917 -2.393228054046631 6.766972064971924 128 128 128
0.07178207486867905 -1.1884362697601318 3.454439640045166 128 128 128
0.0986536294221878 -1.1680638790130615 3.3907320499420166 128 128 128
0.15934230387210846 -1.1913267374038696 3.4612863063812256 128 128 128
0.6243932843208313 -1.5568172931671143 4.510111331939697 128 128 128
0.7610628604888916 -1.6861361265182495 4.8933539390563965 128 128 128
0.7628501653671265 -1.6075085401535034 4.65842866897583 128 128 128
1.1420010328292847 -1.8355722427368164 5.3244309425354 128 128 128
1.4139331579208374 -1.9673200845718384 5.701328754425049 128 128 128
3.0801889896392822 -3.378046751022339 9.781761169433594 128 128 128
0.23975464701652527 -1.2814850807189941 3.8143222332000732 128 128 128
0.26865848898887634 -1.266489863395691 3.769268035888672 128 128 128
0.423912912607193 -1.3567785024642944 4.037574768066406 128 128 128
0.7625011205673218 -1.649993658065796 4.905245304107666 128 128 128
0.7960503697395325 -1.6349300146102905 4.859005928039551 128 128 128
0.9040135741233826 -1.6112583875656128 4.784262180328369 128 128 128
0.9583759307861328 -1.6338812112808228 4.853603839874268 128 128 128
1.3675825595855713 -1.8562583923339844 5.514373779296875 128 128 128
3.9743542671203613 -4.247730731964111 12.613463401794434 128 128 128
3.6198911666870117 -3.7715353965759277 11.196992874145508 128 128 128
0.23771806061267853 -1.2442878484725952 3.79236102104187 128 128 128
0.27054834365844727 -1.242337703704834 3.7934675216674805 128 128 128
0.33899787068367004 -1.265737533569336 3.8560709953308105 128 128 128
0.5068537592887878 -1.365386724472046 4.163519859313965 128 128 128
1.1329621076583862 -1.7389215230941772 5.292531490325928 128 128 128
1.4281282424926758 -1.9569292068481445 5.9619460105896 128 128 128
1.370326042175293 -1.8178317546844482 5.532544136047363 128 128 128
1.5311448574066162 -1.6860429048538208 5.134266376495361 128 128 128
0.3201368749141693 -1.2876839637756348 4.02687931060791 128 128 128
0.37313058972358704 -1.350732684135437 4.232142448425293 128 128 128
1.1471387147903442 -1.7825051546096802 5.573222637176514 128 128 128
1.1896510124206543 -1.7768012285232544 5.5540266036987305 128 128 128
1.7275069952011108 -1.9656339883804321 6.141361713409424 128 128 128
1.7853671312332153 -1.9727840423583984 6.163642883300781 128 128 128
0.40557020902633667 -1.3060581684112549 4.200952053070068 128 128 128
0.41872674226760864 -1.2464240789413452 4.000402927398682 128 128 128
0.5005643367767334 -1.3756306171417236 4.419978618621826 128 128 128
0.5237274765968323 -1.342919111251831 4.310058116912842 128 128 128
1.2357299327850342 -1.801113247871399 5.776214599609375 128 128 128
1.8680624961853027 -2.068092107772827 6.638546943664551 128 128 128
2.219454050064087 -2.136121988296509 6.859993934631348 128 128 128
0.5930374264717102 -1.4750440120697021 4.87243127822876 128 128 128
0.6053019165992737 -1.4098652601242065 4.65443754196167 128 128 128
0.6358584761619568 -1.39447021484375 4.598262310028076 128 128 128
0.752834141254425 -1.4673060178756714 4.845385551452637 128 128 128
0.7756151556968689 -1.4378641843795776 4.742074012756348 128 128 128
1.474666714668274 -2.0072615146636963 6.624241828918457 128 128 128
1.478096842765808 -1.939623236656189 6.3995490074157715 128 128 128
1.9817719459533691 -2.1349501609802246 7.04358434677124 128 128 128
0.2432851642370224 -1.140612244606018 3.8766939640045166 128 128 128
0.49978622794151306 -1.3034515380859375 4.42161750793457 128 128 128
0.6232556104660034 -1.4172980785369873 4.803915500640869 128 128 128
0.750484824180603 -1.5035754442214966 5.107296466827393 128 128 128
0.7849954962730408 -1.4928505420684814 5.062420845031738 128 128 128
0.8033556342124939 -1.4491727352142334 4.914247035980225 128 128 128
1.525856375694275 -1.9523717164993286 6.617303848266602 128 128 128
1.5291354656219482 -1.8862944841384888 6.395779609680176 128 128 128
1.8667258024215698 -2.0161399841308594 6.840829849243164 128 128 128
1.9831122159957886 -2.0840096473693848 7.063194751739502 128 128 128
0.187424898147583 -1.1669026613235474 4.083034038543701 128 128 128
0.2153702974319458 -1.134653091430664 3.968362808227539 128 128 128
0.32237136363983154 -1.1593116521835327 4.053768157958984 128 128 128
0.6184407472610474 -1.3666871786117554 4.768188953399658 128 128 128
0.7569637298583984 -1.4771902561187744 5.1592698097229 128 128 128
0.9745202660560608 -1.4773693084716797 5.160720348358154 128 128 128
1.6072462797164917 -2.0754714012145996 7.238398551940918 128 128 128
2.1608340740203857 -2.269441604614258 7.924053192138672 128 128 128
2.7628307342529297 -2.3882861137390137 8.34294605255127 128 128 128
2.6170084476470947 -2.2022881507873535 7.697361469268799 128 128 128
2.602999448776245 -2.139580249786377 7.478108882904053 128 128 128
0.18792353570461273 -1.1383941173553467 4.1015191078186035 128 128 128
0.32227933406829834 -1.1270033121109009 4.057702541351318 128 128 128
0.9666625261306763 -1.4915865659713745 5.363885879516602 128 128 128
2.3925037384033203 -2.435835123062134 8.767552375793457 128 128 128
0.39447274804115295 -1.2109266519546509 4.494287967681885 128 128 128
0.48049449920654297 -1.2362650632858276 4.59019136428833 128 128 128
1.0139518976211548 -1.5185216665267944 5.629493713378906 128 128 128
1.2698688507080078 -1.6706290245056152 6.1897125244140625 128 128 128
2.2100348472595215 -2.328099250793457 8.637290000915527 128 128 128
2.3235883712768555 -2.23418927192688 8.281797409057617 128 128 128
0.9966844320297241 -1.4495747089385986 5.541598320007324 128 128 128
1.2932406663894653 -1.5848511457443237 6.059519290924072 128 128 128
2.327815294265747 -2.302250623703003 8.814507484436035 128 128 128
0.11508642882108688 -1.007690191268921 3.9907331466674805 128 128 128
0.14603359997272491 -0.9942377805709839 3.9334492683410645 128 128 128
0.1844889521598816 -1.018517255783081 4.034791946411133 128 128 128
0.21497000753879547 -1.0034886598587036 3.9738032817840576 128 128 128
0.46507728099823 -1.222023367881775 4.837347984313965 128 128 128
0.48747771978378296 -1.1835191249847412 4.676089763641357 128 128 128
0.6232834458351135 -1.2157363891601562 4.807856559753418 128 128 128
1.3153941631317139 -1.5573762655258179 6.157933712005615 128 128 128
7.522126197814941 -4.959290027618408 19.663070678710938 128 128 128
8.010346412658691 -5.1629109382629395 20.46712303161621 128 128 128
0.18780280649662018 -1.0050938129425049 4.116330146789551 128 128 128
0.21938221156597137 -0.9935932159423828 4.066475868225098 128 128 128
0.2972615361213684 -1.0224794149398804 4.189445972442627 128 128 128
0.45219576358795166 -1.153363585472107 4.716029644012451 128 128 128
0.6038951873779297 -1.2171093225479126 4.980527400970459 128 128 128
0.6420596837997437 -1.2131812572479248 4.9592180252075195 128 128 128
0.7538501024246216 -1.256351113319397 5.143307685852051 128 128 128
0.9995607733726501 -1.5031273365020752 6.138005256652832 128 128 128
1.2916412353515625 -1.5445626974105835 6.307888984680176 128 128 128
11.625909805297852 -7.10000467300415 29.13546371459961 128 128 128
0.27944520115852356 -1.0592567920684814 4.487607002258301 128 128 128
0.5939406752586365 -1.2459375858306885 5.274309158325195 128 128 128
0.6297022104263306 -1.2296372652053833 5.2045769691467285 128 128 128
0.8009280562400818 -1.2902909517288208 5.4685773849487305 128 128 128
1.0198242664337158 -1.47939133644104 6.259757041931152 128 128 128
1.3220102787017822 -1.52357017993927 6.450002670288086 128 128 128
1.3200594186782837 -1.4641386270523071 6.193785190582275 128 128 128
1.6633632183074951 -1.586287260055542 6.725693702697754 128 128 128
7.855064868927002 -4.725765228271484 20.077598571777344 128 128 128
9.176491737365723 -5.403839111328125 22.957971572875977 128 128 128
0.15647472441196442 -0.9628499150276184 4.229856491088867 128 128 128
0.2700749337673187 -0.9890223741531372 4.343196392059326 128 128 128
0.6325724124908447 -1.1939890384674072 5.236217021942139 128 128 128
0.7933323383331299 -1.2327697277069092 5.418008327484131 128 128 128
0.8122879862785339 -1.197137713432312 5.254985332489014 128 128 128
1.287414312362671 -1.558669090270996 6.842483043670654 128 128 128
1.3379511833190918 -1.5536777973175049 6.815053939819336 128 128 128
1.6946661472320557 -1.614835500717163 7.097624778747559 128 128 128
10.727496147155762 -6.228810787200928 27.453258514404297 128 128 128
8.96264362335205 -5.087372303009033 22.41337013244629 128 128 128
0.24007892608642578 -0.9790592193603516 4.465233325958252 128 128 128
0.36324235796928406 -1.0095630884170532 4.602151393890381 128 128 128
0.7516574859619141 -1.1927136182785034 5.444996356964111 128 128 128
1.0237258672714233 -1.3823591470718384 6.293427467346191 128 128 128
1.2898509502410889 -1.5056285858154297 6.860702991485596 128 128 128
1.7201513051986694 -1.697795033454895 7.749269485473633 128 128 128
1.7131552696228027 -1.6348223686218262 7.451524257659912 128 128 128
1.7283092737197876 -1.5914955139160156 7.254096031188965 128 128 128
2.79901385307312 -2.257352590560913 10.29690933227539 128 128 128
0.735686182975769 -1.1979012489318848 5.682793140411377 128 128 128
0.7619425058364868 -1.1667258739471436 5.531567573547363 128 128 128
0.808504581451416 -1.166566014289856 5.531449794769287 128 128 128
1.299826741218567 -1.5269960165023804 7.236843109130859 128 128 128
1.3662889003753662 -1.5353202819824219 7.272642135620117 128 128 128
1.8710368871688843 -1.6512945890426636 7.83871603012085 128 128 128
1.879757285118103 -1.6064079999923706 7.618823051452637 128 128 128
0.3492165505886078 -1.0071324110031128 4.9675798416137695 128 128 128
0.7506787180900574 -1.1725000143051147 5.796317100524902 128 128 128
0.7697947025299072 -1.1333612203598022 5.59404993057251 128 128 128
0.8223935961723328 -1.141113042831421 5.632502555847168 128 128 128
1.3786699771881104 -1.4878931045532227 7.340794563293457 128 128 128
1.7706469297409058 -1.5573740005493164 7.695953369140625 128 128 128
1.8301359415054321 -1.5497536659240723 7.665465354919434 128 128 128
1.9423887729644775 -1.5938748121261597 7.874237537384033 128 128 128
2.8036115169525146 -2.15073561668396 10.633872985839844 128 128 128
3.2018775939941406 -2.381547451019287 11.774320602416992 128 128 128
3.649165391921997 -2.6331090927124023 13.01943588256836 128 128 128
4.278988838195801 -2.7500009536743164 13.616752624511719 128 128 128
4.3100361824035645 -2.6234679222106934 13.000772476196289 128 128 128
0.46428486704826355 -0.9418066740036011 4.852874279022217 128 128 128
1.0351388454437256 -1.1779515743255615 6.058995246887207 128 128 128
2.028163194656372 -1.6485228538513184 8.503560066223145 128 128 128
2.878929376602173 -2.188871383666992 11.287070274353027 128 128 128
3.0322303771972656 -2.232356071472168 11.511883735656738 128 128 128
4.227662563323975 -2.468911647796631 12.765015602111816 128 128 128
4.269407749176025 -2.4299745559692383 12.567255020141602 128 128 128
15.812257766723633 -7.6499152183532715 39.601417541503906 128 128 128
0.7750517129898071 -1.1180860996246338 6.0119781494140625 128 128 128
1.0096467733383179 -1.211363434791565 6.530692100524902 128 128 128
1.0311849117279053 -1.1781686544418335 6.340812683105469 128 128 128
1.3949906826019287 -1.4408026933670044 7.764143466949463 128 128 128
1.4258147478103638 -1.406001329421997 7.578963279724121 128 128 128
1.4889655113220215 -1.4123806953430176 7.597539901733398 128 128 128
1.8788098096847534 -1.5717991590499878 8.47482967376709 128 128 128
1.949726939201355 -1.57119619846344 8.473055839538574 128 128 128
3.061187982559204 -2.225274085998535 11.999336242675781 128 128 128
3.0317130088806152 -2.137174367904663 11.518131256103516 128 128 128
3.2502059936523438 -2.2202486991882324 11.968002319335938 128 128 128
4.036256790161133 -2.372938871383667 12.827718734741211 128 128 128
4.296862602233887 -2.460270643234253 13.30136775970459 128 128 128
4.662628173828125 -2.6000683307647705 14.06102180480957 128 128 128
0.5231878161430359 -0.9680859446525574 5.466081142425537 128 128 128
0.5535484552383423 -0.9431164860725403 5.321745872497559 128 128 128
0.7566247582435608 -1.113040566444397 6.273280143737793 128 128 128
1.0050883293151855 -1.152941107749939 6.507638454437256 128 128 128
1.0374711751937866 -1.1301943063735962 6.375770568847656 128 128 128
1.543625831604004 -1.4624805450439453 8.23574447631836 128 128 128
1.8685640096664429 -1.4931557178497314 8.43238353729248 128 128 128
1.9490703344345093 -1.4996483325958252 8.472037315368652 128 128 128
3.130230188369751 -2.100050687789917 11.871728897094727 128 128 128
3.139108180999756 -2.0464088916778564 11.558104515075684 128 128 128
4.239822864532471 -2.3202266693115234 13.138845443725586 128 128 128
13.750913619995117 -6.200809955596924 35.1610107421875 128 128 128
0.2092593014240265 -0.7797764539718628 4.623485088348389 128 128 128
0.5345763564109802 -0.9479760527610779 5.607295513153076 128 128 128
0.5781136751174927 -0.9415255188941956 5.570766925811768 128 128 128
0.789788544178009 -1.1085519790649414 6.5557379722595215 128 128 128
1.9030369520187378 -1.448697566986084 8.589920997619629 128 128 128
1.9744986295700073 -1.4509903192520142 8.597153663635254 128 128 128
3.308072566986084 -2.189415693283081 12.980597496032715 128 128 128
3.9557297229766846 -2.3808069229125977 14.12603759765625 128 128 128
8.25648307800293 -4.092123031616211 24.34078598022461 128 128 128
0.3850961923599243 -0.8833411931991577 5.496943950653076 128 128 128
0.5496224761009216 -0.9251973628997803 5.762596607208252 128 128 128
0.5821403861045837 -0.9024819731712341 5.616629123687744 128 128 128
1.0088413953781128 -1.0512782335281372 6.547585964202881 128 128 128
1.0556011199951172 -1.043237566947937 6.497683048248291 128 128 128
1.4968819618225098 -1.342646598815918 8.35845947265625 128 128 128
1.9717919826507568 -1.4297537803649902 8.914072036743164 128 128 128
2.0914201736450195 -1.4612960815429688 9.111133575439453 128 128 128
3.350076675415039 -2.1023004055023193 13.131430625915527 128 128 128
3.3986358642578125 -2.066286325454712 12.904325485229492 128 128 128
5.043148517608643 -2.4929556846618652 15.61350154876709 128 128 128
0.17471912503242493 -0.7258978486061096 4.773890018463135 128 128 128
0.38313204050064087 -0.8355671763420105 5.48209285736084 128 128 128
1.042844533920288 -1.0295279026031494 6.768600940704346 128 128 128
1.098335862159729 -1.0305317640304565 6.768918991088867 128 128 128
1.4748194217681885 -1.2552766799926758 8.242863655090332 128 128 128
1.9068633317947388 -1.360618233680725 8.956633567810059 128 128 128
2.056088924407959 -1.410886526107788 9.290106773376465 128 128 128
3.357355833053589 -1.931915044784546 12.741401672363281 128 128 128
0.5577433705329895 -0.8408112525939941 5.851524353027344 128 128 128
0.6046749353408813 -0.8401516675949097 5.840236663818359 128 128 128
1.016384482383728 -1.0009211301803589 6.971735000610352 128 128 128
1.077541708946228 -1.0101438760757446 7.014772415161133 128 128 128
1.5386399030685425 -1.2382875680923462 8.605140686035156 128 128 128
1.5620349645614624 -1.2011096477508545 8.346672058105469 128 128 128
2.0356929302215576 -1.3220688104629517 9.209134101867676 128 128 128
3.4114303588867188 -1.9183058738708496 13.385655403137207 128 128 128
10.771528244018555 -4.641924858093262 32.51006317138672 128 128 128
10.737601280212402 -4.51540994644165 31.625267028808594 128 128 128
10.250692367553711 -4.204284191131592 29.45470428466797 128 128 128
9.681600570678711 -3.880141019821167 27.187292098999023 128 128 128
0.09950872510671616 -0.682636022567749 5.0480637550354 128 128 128
0.4600237309932709 -0.7950220704078674 5.871337890625 128 128 128
0.5083135962486267 -0.7952960729598999 5.868198871612549 128 128 128
1.0424220561981201 -1.0250831842422485 7.586798667907715 128 128 128
1.0702894926071167 -0.9930510520935059 7.3460235595703125 128 128 128
1.1118967533111572 -0.9766100645065308 7.220813751220703 128 128 128
1.1675465106964111 -0.974020779132843 7.196839332580566 128 128 128
2.0554420948028564 -1.255098819732666 9.29380989074707 128 128 128
3.814960479736328 -1.9557114839553833 14.499619483947754 128 128 128
9.666604042053223 -4.033313274383545 29.99250030517578 128 128 128
11.106695175170898 -4.51344633102417 33.576499938964844 128 128 128
11.965861320495605 -4.732987880706787 35.23263931274414 128 128 128
12.435649871826172 -4.801068305969238 35.7451057434082 128 128 128
10.885948181152344 -4.105179309844971 30.569997787475586 128 128 128
10.765363693237305 -3.962615489959717 29.518659591674805 128 128 128
11.792364120483398 -4.241321086883545 31.6038761138916 128 128 128
0.10007108002901077 -0.64870285987854 5.110902786254883 128 128 128
0.5423706769943237 -0.7941974997520447 6.254857063293457 128 128 128
0.5715402960777283 -0.76552414894104 6.021142482757568 128 128 128
1.039733648300171 -0.9649407863616943 7.594815731048584 128 128 128
1.5098545551300049 -1.18228018283844 9.31282901763916 128 128 128
2.257668972015381 -1.344876766204834 10.61632251739502 128 128 128
2.2864513397216797 -1.3141453266143799 10.36080551147461 128 128 128
3.7509045600891113 -1.9282598495483398 15.2357759475708 128 128 128
3.7792134284973145 -1.8768064975738525 14.838658332824707 128 128 128
3.752354621887207 -1.8067054748535156 14.277688980102539 128 128 128
3.6369340419769287 -1.6931501626968384 13.39585018157959 128 128 128
11.730284690856934 -4.356821060180664 34.590457916259766 128 128 128
15.836715698242188 -5.599177837371826 44.48671340942383 128 128 128
0.19640707969665527 -0.6383339166641235 5.390854358673096 128 128 128
0.23617054522037506 -0.6259559392929077 5.2809224128723145 128 128 128
0.5382226705551147 -0.7343748807907104 6.200876712799072 128 128 128
1.5282689332962036 -1.1163057088851929 9.423665046691895 128 128 128
2.1635565757751465 -1.2010674476623535 10.166162490844727 128 128 128
2.24113130569458 -1.1975717544555664 10.135124206542969 128 128 128
3.6634509563446045 -1.7512052059173584 14.851470947265625 128 128 128
3.914578676223755 -1.8120843172073364 15.360422134399414 128 128 128
4.031736373901367 -1.8076035976409912 15.321904182434082 128 128 128
11.016651153564453 -3.918086051940918 33.32341003417969 128 128 128
9.801325798034668 -3.3989429473876953 28.917522430419922 128 128 128
0.1986672729253769 -0.5998528599739075 5.454854488372803 128 128 128
0.24305370450019836 -0.600025475025177 5.446393966674805 128 128 128
1.0583008527755737 -0.8476774096488953 7.713297367095947 128 128 128
3.8319151401519775 -1.5920995473861694 14.547872543334961 128 128 128
4.215360641479492 -1.6970547437667847 15.510400772094727 128 128 128
4.405791282653809 -1.7256858348846436 15.75479793548584 128 128 128
11.298846244812012 -3.8223512172698975 35.026771545410156 128 128 128
12.303549766540527 -3.948632001876831 36.21645736694336 128 128 128
13.4526948928833 -4.112286567687988 37.73542022705078 128 128 128
15.795882225036621 -4.717355728149414 43.29872131347656 128 128 128
0.20143036544322968 -0.574590265750885 5.625081539154053 128 128 128
0.43014705181121826 -0.6333494186401367 6.201610565185547 128 128 128
1.0250486135482788 -0.8141009211540222 7.9917731285095215 128 128 128
1.0620602369308472 -0.7937155365943909 7.782660484313965 128 128 128
1.5882827043533325 -1.0008891820907593 9.824621200561523 128 128 128
2.323850631713867 -1.1079895496368408 10.931364059448242 128 128 128
2.3830690383911133 -1.0914359092712402 10.777786254882812 128 128 128
3.7692461013793945 -1.5996867418289185 15.824785232543945 128 128 128
4.0044169425964355 -1.640001893043518 16.233524322509766 128 128 128
4.347059726715088 -1.7277415990829468 17.075927734375 128 128 128
4.370687961578369 -1.6831644773483276 16.631898880004883 128 128 128
4.458108901977539 -1.6632182598114014 16.4409122467041 128 128 128
16.06340789794922 -5.148860931396484 51.12272262573242 128 128 128
12.866623878479004 -4.027513027191162 39.96226119995117 128 128 128
12.517504692077637 -3.8103621006011963 37.84385299682617 128 128 128
11.546216011047363 -3.4255101680755615 34.036434173583984 128 128 128
0.15391436219215393 -0.5205869674682617 5.5703511238098145 128 128 128
0.5060204267501831 -0.610591471195221 6.515211582183838 128 128 128
0.9589664936065674 -0.7421302795410156 7.971564292907715 128 128 128
1.007751703262329 -0.7312377691268921 7.842995643615723 128 128 128
1.0472443103790283 -0.7147676944732666 7.658977508544922 128 128 128
1.1187325716018677 -0.7197292447090149 7.711223602294922 128 128 128
1.6093028783798218 -0.930510938167572 9.957880020141602 128 128 128
2.1173758506774902 -0.9610790610313416 10.3561372756958 128 128 128
2.2735254764556885 -0.996848464012146 10.711167335510254 128 128 128
3.98065447807312 -1.5511467456817627 16.72759437561035 128 128 128
-61.41700744628906 15.161773681640625 -164.70343017578125 128 128 128
0.1556495577096939 -0.48336583375930786 5.673698902130127 128 128 128
0.47073858976364136 -0.5778590440750122 6.784919738769531 128 128 128
0.5249990820884705 -0.5766920447349548 6.762566566467285 128 128 128
1.1166049242019653 -0.6953320503234863 8.179089546203613 128 128 128
2.3214516639709473 -0.9602877497673035 11.367786407470703 128 128 128
4.272716045379639 -1.416029453277588 16.791772842407227 128 128 128
4.573095321655273 -1.4685660600662231 17.410621643066406 128 128 128
4.622641563415527 -1.4328522682189941 17.02471351623535 128 128 128
12.67796802520752 -3.209243059158325 38.30084228515625 128 128 128
0.061057113111019135 -0.449867308139801 5.846554279327393 128 128 128
1.0291229486465454 -0.65531986951828 8.576483726501465 128 128 128
1.082898736000061 -0.6487258076667786 8.46091365814209 128 128 128
1.6447235345840454 -0.8158082962036133 10.700356483459473 128 128 128
4.349246025085449 -1.3922425508499146 18.313335418701172 128 128 128
4.577225685119629 -1.4138060808181763 18.61141586303711 128 128 128
4.605443954467773 -1.373451828956604 18.099538803100586 128 128 128
11.766222953796387 -2.907017230987549 38.50978469848633 128 128 128
12.938132286071777 -3.113563299179077 41.24279022216797 128 128 128
11.719117164611816 -2.7435340881347656 36.368492126464844 128 128 128
14.196821212768555 -3.235273599624634 42.91822814941406 128 128 128
0.06321980059146881 -0.4052119255065918 5.936033248901367 128 128 128
0.11139144003391266 -0.40691429376602173 5.936740875244141 128 128 128
0.6171184182167053 -0.48914170265197754 7.1665778160095215 128 128 128
1.0089738368988037 -0.5751950740814209 8.43348503112793 128 128 128
1.0786232948303223 -0.575265109539032 8.430270195007324 128 128 128
4.325357913970947 -1.1454379558563232 16.99266815185547 128 128 128
12.38859748840332 -2.6402153968811035 39.4227180480957 128 128 128
-50.30500793457031 9.68990707397461 -144.84547424316406 128 128 128
0.06187816709280014 -0.3609200417995453 6.001459121704102 128 128 128
0.42677053809165955 -0.4235875904560089 7.044281482696533 128 128 128
0.9878640174865723 -0.5278406739234924 8.859522819519043 128 128 128
1.034559726715088 -0.5188621282577515 8.663084983825684 128 128 128
1.6072998046875 -0.6606044173240662 11.088305473327637 128 128 128
4.429716110229492 -1.0671619176864624 18.033716201782227 128 128 128
-191.3832244873047 33.843589782714844 -578.44677734375 128 128 128
-102.11288452148438 15.428899765014648 -308.3252868652344 128 128 128
-40.24241256713867 5.9448370933532715 -118.72965240478516 128 128 128
1.6717095375061035 -0.4975142478942871 11.574897766113281 128 128 128
-196.4431610107422 25.474340438842773 -610.2745971679688 128 128 128
-69.07122802734375 8.477785110473633 -203.6796112060547 128 128 128
0.9871798753738403 -0.32873407006263733 9.584123611450195 128 128 128
1.5683503150939941 -0.3946177661418915 11.497259140014648 128 128 128
1.6644669771194458 -0.3986351490020752 11.531383514404297 128 128 128
-114.38668060302734 11.775005340576172 -354.5191955566406 128 128 128
0.1267908662557602 -0.17389869689941406 6.683268070220947 128 128 128
0.17848873138427734 -0.17410710453987122 6.611166000366211 128 128 128
0.3346872925758362 -0.20146052539348602 7.649974346160889 128 128 128
1.6651240587234497 -0.313220739364624 12.183090209960938 128 128 128
7.523460388183594 -0.838917076587677 32.89112091064453 128 128 128
7.582860946655273 -0.8068361282348633 31.906923294067383 128 128 128
7.579639911651611 -0.7799484133720398 30.82413101196289 128 128 128
8.172555923461914 -0.81434166431427 32.161075592041016 128 128 128
-116.30801391601562 9.231475830078125 -370.8533935546875 128 128 128
-228.3880615234375 17.624353408813477 -709.1541137695312 128 128 128
-11.728391647338867 0.7940086722373962 -32.20098114013672 128 128 128
-11.975455284118652 0.7907981276512146 -32.118858337402344 128 128 128
0.9088008999824524 -0.16988101601600647 9.638688087463379 128 128 128
1.598744511604309 -0.216424822807312 12.474635124206543 128 128 128
1.6972521543502808 -0.21605761349201202 12.436275482177734 128 128 128
7.2490057945251465 -0.5132495164871216 30.496519088745117 128 128 128
7.38179349899292 -0.5021378397941589 29.976564407348633 128 128 128
7.796104907989502 -0.5135509371757507 30.632938385009766 128 128 128
9.935013771057129 -0.636725664138794 37.84115982055664 128 128 128
-285.385009765625 15.829586029052734 -960.6380615234375 128 128 128
-10.113855361938477 0.48847803473472595 -29.86060333251953 128 128 128
-9.925002098083496 0.4541751742362976 -27.910648345947266 128 128 128
-10.891156196594238 0.4615810513496399 -28.566802978515625 128 128 128
0.0716668963432312 -0.06410923600196838 6.906137466430664 128 128 128
0.1260969638824463 -0.06392590701580048 6.781317234039307 128 128 128
0.9261561036109924 -0.09081323444843292 9.833394050598145 128 128 128
1.0098519325256348 -0.09084565192461014 9.846741676330566 128 128 128
1.6372582912445068 -0.11447972804307938 12.784952163696289 128 128 128
3.0270400047302246 -0.17266960442066193 18.801855087280273 128 128 128
3.102099895477295 -0.16614048182964325 18.299394607543945 128 128 128
3.140411376953125 -0.1554461121559143 17.60721206665039 128 128 128
3.362982988357544 -0.1564217507839203 17.986181259155273 128 128 128
8.967794418334961 -0.33873531222343445 39.21824645996094 128 128 128
-10.54055118560791 0.23225043714046478 -29.632795333862305 128 128 128
0.8545922040939331 -0.00843554176390171 9.969527244567871 128 128 128
0.916991651058197 -0.008609280921518803 9.752686500549316 128 128 128
1.693910002708435 -0.010353532619774342 12.47067642211914 128 128 128
7.30419921875 -0.012934955768287182 34.5197639465332 128 128 128
7.892271995544434 -0.007206943817436695 34.52275466918945 128 128 128
10.834716796875 -0.006230730563402176 44.161067962646484 128 128 128
7.700279712677002 0.0012168575776740909 30.289188385009766 128 128 128
-245.6707000732422 -0.31686338782310486 -827.0940551757812 128 128 128
-10.923038482666016 -0.01604866236448288 -34.787322998046875 128 128 128
-10.149127006530762 -0.01595105603337288 -30.67600440979004 128 128 128
-10.364326477050781 -0.01632554829120636 -30.5671329498291 128 128 128
1.7175122499465942 0.10049764811992645 12.584427833557129 128 128 128
1.8025264739990234 0.09599214792251587 12.494953155517578 128 128 128
2.839555501937866 0.14216655492782593 17.55602264404297 128 128 128
3.137014150619507 0.1485612690448761 18.455062866210938 128 128 128
3.2575364112854004 0.14573732018470764 18.28709602355957 128 128 128
8.385765075683594 0.30200520157814026 36.6838493347168 128 128 128
8.57479190826416 0.2983904480934143 36.1964225769043 128 128 128
-12.568923950195312 -0.3544146418571472 -40.07985305786133 128 128 128
-12.863821983337402 -0.35557132959365845 -39.914363861083984 128 128 128
-13.58675479888916 -0.3664208650588989 -41.122623443603516 128 128 128
-13.416204452514648 -0.3469618260860443 -38.6541748046875 128 128 128
-13.571520805358887 -0.34428781270980835 -38.15511703491211 128 128 128
-12.91976547241211 -0.32135605812072754 -35.44779586791992 128 128 128
0.41503748297691345 0.14985214173793793 9.587486267089844 128 128 128
1.4974000453948975 0.2160724550485611 13.539177894592285 128 128 128
1.6720219850540161 0.21147958934307098 13.104928970336914 128 128 128
3.1151249408721924 0.31731322407722473 19.282207489013672 128 128 128
3.094843626022339 0.300970196723938 18.19778060913086 128 128 128
7.609918117523193 0.6242777109146118 37.337738037109375 128 128 128
7.989017963409424 0.6277027726173401 37.693965911865234 128 128 128
9.61495304107666 0.7318286299705505 43.576107025146484 128 128 128
-12.827640533447266 -0.6578271389007568 -37.882110595703125 128 128 128
0.42923399806022644 0.23862719535827637 9.95097827911377 128 128 128
1.5592384338378906 0.3463755249977112 14.046138763427734 128 128 128
3.2834408283233643 0.5061577558517456 20.324642181396484 128 128 128
8.545563697814941 1.0134021043777466 40.29157638549805 128 128 128
9.100500106811523 1.034663200378418 41.36957931518555 128 128 128
-12.672455787658691 -1.066373586654663 -41.51702117919922 128 128 128
-10.561596870422363 -0.8662800192832947 -33.65250015258789 128 128 128
-10.759380340576172 -0.8602030873298645 -33.41356658935547 128 128 128
0.43571144342422485 0.3277308940887451 10.08277702331543 128 128 128
3.127995252609253 0.6808916330337524 20.41763687133789 128 128 128
-10.898917198181152 -1.251600980758667 -36.724796295166016 128 128 128
-11.352784156799316 -1.2692501544952393 -37.16923904418945 128 128 128
-10.61447525024414 -1.1555982828140259 -33.86989212036133 128 128 128
-10.803083419799805 -1.1466197967529297 -33.52278518676758 128 128 128
-6.986854553222656 -0.6447206735610962 -18.74973487854004 128 128 128
81.52954864501953 15.527117729187012 370.7342224121094 128 128 128
97.2885513305664 17.86864471435547 426.0036926269531 128 128 128
79.79859161376953 14.164020538330078 336.5480041503906 128 128 128
175.93597412109375 30.191120147705078 716.460205078125 128 128 128
44.54561233520508 10.604619979858398 209.9475860595703 128 128 128
45.57926559448242 10.433538436889648 207.13790893554688 128 128 128
-7.219056129455566 -1.1161929368972778 -21.860212326049805 128 128 128
5.259549140930176 2.013420343399048 34.46489334106445 128 128 128
46.275787353515625 13.94331169128418 237.37454223632812 128 128 128
39.91713333129883 11.533742904663086 196.58453369140625 128 128 128
32.24763107299805 8.620338439941406 146.46412658691406 128 128 128
48.65563201904297 12.536659240722656 212.84933471679688 128 128 128
-6.622069358825684 -1.3254427909851074 -22.339235305786133 128 128 128
-6.8512773513793945 -1.334092617034912 -22.46348762512207 128 128 128
-6.7849345207214355 -1.2870373725891113 -21.676164627075195 128 128 128
-6.66934871673584 -1.231978416442871 -20.7158203125 128 128 128
-6.265500068664551 -1.1289676427841187 -18.979705810546875 128 128 128
54.7889289855957 19.722557067871094 293.6184997558594 128 128 128
83.85420227050781 28.89942741394043 429.9400939941406 128 128 128
-6.458212852478027 -1.5187619924545288 -22.423017501831055 128 128 128
-6.268237113952637 -1.4330356121063232 -21.1475772857666 128 128 128
-6.296667098999023 -1.3998464345932007 -20.631128311157227 128 128 128
-6.317568778991699 -1.3678054809570312 -20.156578063964844 128 128 128
-6.570773601531982 -1.7893823385238647 -23.509052276611328 128 128 128
-6.414278030395508 -1.6968475580215454 -22.290189743041992 128 128 128
-7.355823993682861 -1.7902134656906128 -23.461578369140625 128 128 128
-6.465257167816162 -1.8989629745483398 -22.44295883178711 128 128 128
0.3710275888442993 -0.9619573354721069 2.3474090099334717 128 128 128
0.39392486214637756 -0.9684002995491028 2.3641748428344727 128 128 128
0.41987332701683044 -0.9812303781509399 2.396416425704956 128 128 128
0.4436320662498474 -0.9884142279624939 2.4171159267425537 128 128 128
0.4666884243488312 -0.9931069612503052 2.4306139945983887 128 128 128
0.4929367005825043 -1.0038756132125854 2.4593265056610107 128 128 128
0.5212872624397278 -1.0174407958984375 2.493155002593994 128 128 128
0.5469422936439514 -1.0251522064208984 2.5147132873535156 128 128 128
0.6047084927558899 -1.0494118928909302 2.5770299434661865 128 128 128
0.647222638130188 -1.0460522174835205 2.5766468048095703 128 128 128
0.6789690256118774 -1.0605089664459229 2.6139886379241943 128 128 128
0.8175410628318787 -1.092718482017517 2.7075254917144775 128 128 128
0.5260175466537476 -1.008670449256897 2.5279793739318848 128 128 128
0.5499870181083679 -1.0124887228012085 2.5392849445343018 128 128 128
0.5788059830665588 -1.0243943929672241 2.569826602935791 128 128 128
0.25206291675567627 -0.868869960308075 2.209306001663208 128 128 128
0.6433775424957275 -1.0373504161834717 2.666520833969116 128 128 128
0.7495671510696411 -1.055977702140808 2.7249486446380615 128 128 128
0.14850927889347076 -0.7952587008476257 2.1126389503479004 128 128 128
0.5219839215278625 -0.9447413086891174 2.5356810092926025 128 128 128
0.3682292699813843 -0.8716819882392883 2.390110969543457 128 128 128
0.39331650733947754 -0.881961464881897 2.419102191925049 128 128 128
0.5841510891914368 -0.9552789926528931 2.6324880123138428 128 128 128
0.7301704287528992 -0.9987745881080627 2.7637546062469482 128 128 128
0.8397705554962158 -1.0146958827972412 2.81636643409729 128 128 128
0.188322514295578 -0.7855349779129028 2.198096513748169 128 128 128
0.25658470392227173 -0.8241434097290039 2.3093090057373047 128 128 128
0.2781626284122467 -0.8297466039657593 2.326502561569214 128 128 128
0.3221142590045929 -0.8408408761024475 2.3628273010253906 128 128 128
0.610548734664917 -0.9771612882614136 2.7603650093078613 128 128 128
0.6865916848182678 -0.9832504987716675 2.7870876789093018 128 128 128
0.7175541520118713 -0.9926739931106567 2.8162965774536133 128 128 128
0.7608757019042969 -1.0180248022079468 2.8898558616638184 128 128 128
0.10814358294010162 -0.7374807000160217 2.114010810852051 128 128 128
0.23321352899074554 -0.795740008354187 2.287273406982422 128 128 128
0.25520244240760803 -0.8037859201431274 2.313575267791748 128 128 128
0.27546370029449463 -0.8053128719329834 2.318573236465454 128 128 128
0.581876814365387 -0.9473562240600586 2.748007297515869 128 128 128
0.6090065836906433 -0.9527149200439453 2.766289710998535 128 128 128
0.6399300694465637 -0.9634758830070496 2.798351287841797 128 128 128
0.2104528248310089 -0.7682486176490784 2.268638849258423 128 128 128
0.2750369906425476 -0.7871737480163574 2.3283183574676514 128 128 128
0.32737433910369873 -0.818731427192688 2.4246790409088135 128 128 128
0.353281706571579 -0.8309841156005859 2.4624948501586914 128 128 128
0.37912440299987793 -0.8415830135345459 2.4971845149993896 128 128 128
0.4039262533187866 -0.8488044738769531 2.520907163619995 128 128 128
0.2750687599182129 -0.7698956727981567 2.3416671752929688 128 128 128
0.3031686842441559 -0.7910677790641785 2.4110357761383057 128 128 128
0.3289565145969391 -0.8039337396621704 2.450547218322754 128 128 128
0.353630393743515 -0.8125516772270203 2.479212522506714 128 128 128
1.1361297369003296 -1.0885416269302368 3.3687360286712646 128 128 128
1.1207796335220337 -1.0460518598556519 3.2439286708831787 128 128 128
0.8191761374473572 -0.9624559879302979 3.0476577281951904 128 128 128
0.8741761445999146 -0.9948292374610901 3.153994083404541 128 128 128
0.8794315457344055 -0.9701215624809265 3.08018159866333 128 128 128
0.9181512594223022 -0.9829151630401611 3.1237151622772217 128 128 128
0.9692633748054504 -1.0081851482391357 3.2047667503356934 128 128 128
1.0473495721817017 -1.0590994358062744 3.3687021732330322 128 128 128
1.086926817893982 -1.0691711902618408 3.403655767440796 128 128 128
0.20764175057411194 -0.7090909481048584 2.284390687942505 128 128 128
0.2506248652935028 -0.7209778428077698 2.326958417892456 128 128 128
0.7313855886459351 -0.9249454736709595 3.013690233230591 128 128 128
0.7420641183853149 -0.9059461355209351 2.955820322036743 128 128 128
1.4789690971374512 -1.1106479167938232 3.666714906692505 128 128 128
0.12344996631145477 -0.6575096249580383 2.180391311645508 128 128 128
0.16265727579593658 -0.6668041944503784 2.2128255367279053 128 128 128
0.18590392172336578 -0.6832867860794067 2.26932954788208 128 128 128
0.2064911276102066 -0.6876549124717712 2.2866783142089844 128 128 128
0.2280297428369522 -0.6942240595817566 2.308901071548462 128 128 128
0.6897968649864197 -0.879114031791687 2.9524221420288086 128 128 128
1.5226484537124634 -1.1889384984970093 4.037067413330078 128 128 128
1.4693639278411865 -1.1205838918685913 3.811612844467163 128 128 128
0.12311208993196487 -0.6404687762260437 2.191617488861084 128 128 128
0.428236186504364 -0.749437689781189 2.5840556621551514 128 128 128
0.5845944285392761 -0.8123155236244202 2.8141026496887207 128 128 128
0.14085961878299713 -0.6205344796180725 2.193110942840576 128 128 128
0.16454260051250458 -0.640453577041626 2.2646615505218506 128 128 128
0.18488048017024994 -0.6441785097122192 2.2820067405700684 128 128 128
0.4571378529071808 -0.7379849553108215 2.6323976516723633 128 128 128
0.5043995976448059 -0.7761005163192749 2.7702836990356445 128 128 128
0.8241776823997498 -0.8907203674316406 3.19545578956604 128 128 128
1.5889041423797607 -1.0912290811538696 3.9604475498199463 128 128 128
0.12115874886512756 -0.5982232093811035 2.188319683074951 128 128 128
0.3788650631904602 -0.6949954628944397 2.560091972351074 128 128 128
0.4025645852088928 -0.6982546448707581 2.5738189220428467 128 128 128
0.4279591143131256 -0.7042093873023987 2.596022367477417 128 128 128
0.47274184226989746 -0.7383378148078918 2.73000168800354 128 128 128
0.8296146392822266 -0.866943359375 3.223032236099243 128 128 128
0.8330777287483215 -0.8420013189315796 3.134310722351074 128 128 128
0.8789055347442627 -0.8603684902191162 3.2052974700927734 128 128 128
1.596867322921753 -1.1338331699371338 4.2551350593566895 128 128 128
0.16187000274658203 -0.5934565663337708 2.2532007694244385 128 128 128
0.34866124391555786 -0.6566495895385742 2.5045323371887207 128 128 128
0.38397443294525146 -0.681098461151123 2.601353883743286 128 128 128
0.6956736445426941 -0.7810021042823792 3.001166343688965 128 128 128
0.3586646318435669 -0.6513285636901855 2.583005905151367 128 128 128
0.6494770050048828 -0.7302780151367188 2.91159725189209 128 128 128
0.6893142461776733 -0.7453640103340149 2.9782567024230957 128 128 128
0.3551652431488037 -0.6217969059944153 2.5620689392089844 128 128 128
1.7261196374893188 -1.0709675550460815 4.509181022644043 128 128 128
0.2793256640434265 -0.5767004489898682 2.467909574508667 128 128 128
0.30299070477485657 -0.5823173522949219 2.4914913177490234 128 128 128
0.531309187412262 -0.6538410782814026 2.8114631175994873 128 128 128
0.5665546655654907 -0.6658077239990234 2.870177745819092 128 128 128
0.27293694019317627 -0.5420481562614441 2.414233922958374 128 128 128
0.3047623336315155 -0.561488151550293 2.508808135986328 128 128 128
0.501962423324585 -0.6202157139778137 2.781820058822632 128 128 128
0.8697716593742371 -0.7265642881393433 3.2856431007385254 128 128 128
0.14211930334568024 -0.49232444167137146 2.277208089828491 128 128 128
0.3041662275791168 -0.5374919772148132 2.505455493927002 128 128 128
0.4686654508113861 -0.5824382901191711 2.7253894805908203 128 128 128
0.49799391627311707 -0.5880414843559265 2.760197162628174 128 128 128
0.7635583281517029 -0.6773687601089478 3.189305543899536 128 128 128
0.8218001127243042 -0.6779606938362122 3.2059290409088135 128 128 128
1.1161912679672241 -0.7444719076156616 3.5385913848876953 128 128 128
0.27841681241989136 -0.5055785179138184 2.4648680686950684 128 128 128
0.3011566400527954 -0.5081067085266113 2.4808013439178467 128 128 128
0.43839094042778015 -0.5464224815368652 2.6800684928894043 128 128 128
0.46864011883735657 -0.5548874735832214 2.724409818649292 128 128 128
0.7158064246177673 -0.6276013851165771 3.097562074661255 128 128 128
0.7602689266204834 -0.6424072980880737 3.173905849456787 128 128 128
0.9830229878425598 -0.7042331695556641 3.4890778064727783 128 128 128
1.06145441532135 -0.7372514605522156 3.657493829727173 128 128 128
1.0470962524414062 -0.7067656517028809 3.5062124729156494 128 128 128
1.1092545986175537 -0.7255437970161438 3.610973596572876 128 128 128
1.5764307975769043 -0.8810454607009888 4.403452396392822 128 128 128
0.43520286679267883 -0.5169318914413452 2.659337282180786 128 128 128
0.6724797487258911 -0.5824006795883179 3.017944097518921 128 128 128
0.9493239521980286 -0.6684812903404236 3.4713475704193115 128 128 128
0.9763650894165039 -0.6649662852287292 3.462148904800415 128 128 128
1.0211342573165894 -0.6730780005455017 3.51426100730896 128 128 128
1.2809953689575195 -0.7549276947975159 3.9485890865325928 128 128 128
1.3280731439590454 -0.7432897090911865 3.8906137943267822 128 128 128
1.42046058177948 -0.7726234793663025 4.058278560638428 128 128 128
0.3004220724105835 -0.45899051427841187 2.471714496612549 128 128 128
1.1571054458618164 -0.6662039756774902 3.6587953567504883 128 128 128
1.2233506441116333 -0.6658574342727661 3.6695282459259033 128 128 128
0.25299614667892456 -0.4271015524864197 2.4153659343719482 128 128 128
0.2751607298851013 -0.4293363392353058 2.4307377338409424 128 128 128
0.38034653663635254 -0.45586922764778137 2.5876989364624023 128 128 128
0.5073769092559814 -0.49222052097320557 2.8057403564453125 128 128 128
0.7902337312698364 -0.553132951259613 3.1781868934631348 128 128 128
0.8010785579681396 -0.5412604212760925 3.115044593811035 128 128 128
0.2529032230377197 -0.4032405912876129 2.410245180130005 128 128 128
0.5410513877868652 -0.4720335006713867 2.852809190750122 128 128 128
0.7876445651054382 -0.5203616619110107 3.162766933441162 128 128 128
0.94706130027771 -0.5660362243652344 3.449479579925537 128 128 128
0.9862084984779358 -0.5701741576194763 3.4829049110412598 128 128 128
0.9934056997299194 -0.5571190714836121 3.4058430194854736 128 128 128
1.0435359477996826 -0.5667093992233276 3.4744949340820312 128 128 128
1.3356659412384033 -0.6175059080123901 3.7987732887268066 128 128 128
0.14118029177188873 -0.3566647171974182 2.2471773624420166 128 128 128
0.16089700162410736 -0.35735225677490234 2.256107807159424 128 128 128
0.22963698208332062 -0.3740803897380829 2.3731415271759033 128 128 128
0.38353604078292847 -0.40694841742515564 2.598206043243408 128 128 128
0.5351848602294922 -0.4382350444793701 2.815267324447632 128 128 128
0.7262051105499268 -0.46759095788002014 3.013394832611084 128 128 128
0.7793062329292297 -0.48386895656585693 3.122976541519165 128 128 128
1.2003918886184692 -0.5814059972763062 3.7767434120178223 128 128 128
0.22884169220924377 -0.35044625401496887 2.360041856765747 128 128 128
0.30551788210868835 -0.3691486418247223 2.4955735206604004 128 128 128
0.32956060767173767 -0.3722366690635681 2.517887592315674 128 128 128
0.469774067401886 -0.3977147042751312 2.708944320678711 128 128 128
0.5010063648223877 -0.4041118621826172 2.754305839538574 128 128 128
0.713518500328064 -0.4473264217376709 3.0634524822235107 128 128 128
0.9145581722259521 -0.48277923464775085 3.3190431594848633 128 128 128
0.2297086864709854 -0.3282889425754547 2.3612494468688965 128 128 128
0.3282836675643921 -0.34572145342826843 2.5004959106445312 128 128 128
0.4398837685585022 -0.3667358458042145 2.6618263721466064 128 128 128
0.46704936027526855 -0.3690706193447113 2.6864874362945557 128 128 128
0.8039549589157104 -0.4229080379009247 3.1031455993652344 128 128 128
0.852639377117157 -0.4326082170009613 3.184063196182251 128 128 128
1.020424246788025 -0.4726870656013489 3.4787516593933105 128 128 128
1.0647131204605103 -0.46456652879714966 3.4278342723846436 128 128 128
1.2709277868270874 -0.49917367100715637 3.6846401691436768 128 128 128
0.22921055555343628 -0.3039316236972809 2.3467860221862793 128 128 128
0.3054972290992737 -0.31944650411605835 2.4789984226226807 128 128 128
0.32867616415023804 -0.32052159309387207 2.4937021732330322 128 128 128
0.4365994334220886 -0.33857542276382446 2.635260581970215 128 128 128
0.7522519826889038 -0.3945939540863037 3.101358413696289 128 128 128
0.793163537979126 -0.39948293566703796 3.1552486419677734 128 128 128
1.2416943311691284 -0.45367148518562317 3.591118812561035 128 128 128
1.4930477142333984 -0.49760305881500244 3.927622079849243 128 128 128
0.20860154926776886 -0.27963942289352417 2.3278887271881104 128 128 128
0.3285677134990692 -0.29676857590675354 2.4858181476593018 128 128 128
0.4342081546783447 -0.31062304973602295 2.611804246902466 128 128 128
0.5569010376930237 -0.3296961486339569 2.7798397541046143 128 128 128
0.7020201683044434 -0.3525344133377075 2.9909310340881348 128 128 128
0.7358525991439819 -0.3554125726222992 3.023186683654785 128 128 128
0.9313294291496277 -0.3811971843242645 3.2523202896118164 128 128 128
1.0068467855453491 -0.40202027559280396 3.4171650409698486 128 128 128
1.099926233291626 -0.41327792406082153 3.5244431495666504 128 128 128
1.0883492231369019 -0.39871272444725037 3.3950483798980713 128 128 128
0.1249162033200264 -0.2475193589925766 2.2276504039764404 128 128 128
0.2072354406118393 -0.255531370639801 2.3032679557800293 128 128 128
0.3032342791557312 -0.2682584226131439 2.440692186355591 128 128 128
0.6908687949180603 -0.31963786482810974 2.9366343021392822 128 128 128
0.813998281955719 -0.33888280391693115 3.118723154067993 128 128 128
1.0201224088668823 -0.3633286654949188 3.3539412021636963 128 128 128
1.0649365186691284 -0.35928869247436523 3.3138909339904785 128 128 128
1.268189549446106 -0.3965645134449005 3.652273178100586 128 128 128
0.3029460608959198 -0.24419111013412476 2.427994966506958 128 128 128
0.5036523342132568 -0.27373620867729187 2.730888843536377 128 128 128
0.8098784685134888 -0.30802473425865173 3.094475507736206 128 128 128
0.9550597667694092 -0.32080599665641785 3.2246909141540527 128 128 128
1.178254246711731 -0.3464342951774597 3.4728200435638428 128 128 128
0.3590087890625 -0.2304031103849411 2.522683620452881 128 128 128
0.4991408884525299 -0.24343006312847137 2.692373752593994 128 128 128
0.7949151992797852 -0.27290967106819153 3.026322364807129 128 128 128
0.04906396567821503 -0.17580503225326538 2.101815700531006 128 128 128
0.1062958836555481 -0.1817326694726944 2.1768431663513184 128 128 128
0.12570315599441528 -0.1814718246459961 2.1860647201538086 128 128 128
0.1903085559606552 -0.19024938344955444 2.2933149337768555 128 128 128
0.2848936915397644 -0.19909799098968506 2.4266912937164307 128 128 128
0.35997021198272705 -0.20631365478038788 2.517460823059082 128 128 128
0.38305482268333435 -0.20769202709197998 2.529568910598755 128 128 128
0.4945206940174103 -0.2163856327533722 2.6589341163635254 128 128 128
0.5862317681312561 -0.22489647567272186 2.768354892730713 128 128 128
0.7009473443031311 -0.23922625184059143 2.949852705001831 128 128 128
1.243796944618225 -0.27965226769447327 3.389298439025879 128 128 128
0.19115634262561798 -0.16713392734527588 2.2823896408081055 128 128 128
0.5531240105628967 -0.19646313786506653 2.7146942615509033 128 128 128
0.6952287554740906 -0.21105125546455383 2.9187185764312744 128 128 128
0.8225572109222412 -0.2183607816696167 3.0161945819854736 128 128 128
1.1215801239013672 -0.24682828783988953 3.3683347702026367 128 128 128
0.1275232881307602 -0.1398933380842209 2.1744325160980225 128 128 128
0.14692889153957367 -0.1399211585521698 2.183854103088379 128 128 128
0.4322662353515625 -0.16121217608451843 2.5418126583099365 128 128 128
0.6813982129096985 -0.180733785033226 2.851984977722168 128 128 128
0.9414059519767761 -0.1998060941696167 3.1421151161193848 128 128 128
1.0477492809295654 -0.20757591724395752 3.2227859497070312 128 128 128
1.0838702917099 -0.20832638442516327 3.2435524463653564 128 128 128
1.2120827436447144 -0.2193709909915924 3.3691487312316895 128 128 128
1.222791075706482 -0.21359939873218536 3.2456090450286865 128 128 128
0.4583645761013031 -0.13767045736312866 2.551694869995117 128 128 128
0.54398512840271 -0.14352841675281525 2.649547815322876 128 128 128
0.7489615678787231 -0.15763303637504578 2.9107725620269775 128 128 128
0.8409793972969055 -0.1674613356590271 3.065840005874634 128 128 128
0.8767049908638 -0.16453790664672852 3.0055184364318848 128 128 128
1.1690354347229004 -0.18386897444725037 3.2445995807647705 128 128 128
0.03527538850903511 -0.09709552675485611 2.08454966545105 128 128 128
0.39019036293029785 -0.11430864781141281 2.527979612350464 128 128 128
0.438355028629303 -0.11498391628265381 2.5533342361450195 128 128 128
0.49746769666671753 -0.11910827457904816 2.6350386142730713 128 128 128
0.6958895325660706 -0.1303664743900299 2.889529228210449 128 128 128
0.7108690738677979 -0.13048775494098663 2.8548781871795654 128 128 128
0.9533360004425049 -0.14391428232192993 3.081904888153076 128 128 128
1.0025020837783813 -0.14407937228679657 3.0680363178253174 128 128 128
1.1101967096328735 -0.15282216668128967 3.226485252380371 128 128 128
1.227026104927063 -0.15993660688400269 3.3170037269592285 128 128 128
0.03674045577645302 -0.07713525742292404 2.0814056396484375 128 128 128
0.4684443473815918 -0.09435615688562393 2.591521978378296 128 128 128
0.5822553634643555 -0.09763148427009583 2.70060133934021 128 128 128
0.9336883425712585 -0.11309187114238739 3.0061159133911133 128 128 128
1.0390713214874268 -0.11983557045459747 3.093289613723755 128 128 128
1.1840839385986328 -0.12720808386802673 3.1960785388946533 128 128 128
0.38468292355537415 -0.06711222231388092 2.4690027236938477 128 128 128
0.4653090834617615 -0.06991464644670486 2.561707019805908 128 128 128
0.6436126828193665 -0.07562388479709625 2.754464864730835 128 128 128
0.7929366230964661 -0.08106290549039841 2.8657140731811523 128 128 128
0.8500052094459534 -0.08542107045650482 2.981353521347046 128 128 128
0.8894550204277039 -0.08588358759880066 2.9432437419891357 128 128 128
1.0136479139328003 -0.091062031686306 3.011944055557251 128 128 128
0.361056387424469 -0.044697076082229614 2.442194700241089 128 128 128
0.6071439981460571 -0.05035305768251419 2.690854072570801 128 128 128
0.7094925045967102 -0.05381067469716072 2.8203353881835938 128 128 128
0.8303098082542419 -0.057817842811346054 2.9036788940429688 128 128 128
0.8701525330543518 -0.05773082748055458 2.8670883178710938 128 128 128
0.961404025554657 -0.06339474767446518 3.0036561489105225 128 128 128
0.9905378222465515 -0.06370793282985687 2.9371304512023926 128 128 128
0.09557633846998215 -0.020284127444028854 2.1153368949890137 128 128 128
0.11435206979513168 -0.019694391638040543 2.1200544834136963 128 128 128
0.23725952208042145 -0.021070444956421852 2.250436782836914 128 128 128
0.3103235363960266 -0.021048780530691147 2.357602119445801 128 128 128
0.3577125072479248 -0.022019943222403526 2.4048969745635986 128 128 128
0.6018000245094299 -0.025835148990154266 2.6556320190429688 128 128 128
0.7068116068840027 -0.02917259745299816 2.8018054962158203 128 128 128
0.8162705302238464 -0.031344376504421234 2.843864679336548 128 128 128
0.8691652417182922 -0.033873531967401505 2.943204641342163 128 128 128
0.9292587637901306 -0.035993192344903946 2.8952157497406006 128 128 128
0.22123433649539948 -0.00011806850670836866 2.262988567352295 128 128 128
0.28590384125709534 -0.00017235575069207698 2.3122122287750244 128 128 128
0.4337102472782135 -0.0011363899102434516 2.472931146621704 128 128 128
0.5822089910507202 -0.003218169789761305 2.6663765907287598 128 128 128
0.8046196699142456 -0.0069585456512868404 2.7969415187835693 128 128 128
0.8509567975997925 -0.008038965053856373 2.8727593421936035 128 128 128
0.9774112701416016 -0.012993614189326763 2.962265729904175 128 128 128
0.28631865978240967 0.02027648687362671 2.302400827407837 128 128 128
0.4666248559951782 0.02074962854385376 2.525967597961426 128 128 128
0.7229267954826355 0.018303081393241882 2.7560994625091553 128 128 128
0.8394387364387512 0.01572704128921032 2.8298749923706055 128 128 128
0.9195940494537354 0.014138220809400082 2.9325528144836426 128 128 128
0.9637776017189026 0.012792511843144894 2.910778522491455 128 128 128
1.0185911655426025 0.011923355050384998 2.999939441680908 128 128 128
0.548365592956543 0.043726250529289246 2.589576482772827 128 128 128
0.7141220569610596 0.04200359806418419 2.711730480194092 128 128 128
0.9624537229537964 0.03645714744925499 2.906083583831787 128 128 128
0.9946026802062988 0.036194153130054474 2.924626111984253 128 128 128
1.082489252090454 0.03236479312181473 2.9654011726379395 128 128 128
0.33098116517066956 0.06097118556499481 2.313185214996338 128 128 128
0.4618234634399414 0.06446901708841324 2.4754159450531006 128 128 128
0.5177003741264343 0.06534918397665024 2.5395851135253906 128 128 128
0.7036422491073608 0.0639626532793045 2.6657047271728516 128 128 128
1.0385472774505615 0.060336366295814514 2.976698637008667 128 128 128
0.22660136222839355 0.08013211190700531 2.251178741455078 128 128 128
0.3600102663040161 0.08273119479417801 2.361389398574829 128 128 128
0.5700571537017822 0.08671297132968903 2.5739622116088867 128 128 128
0.6585303544998169 0.08807125687599182 2.661212682723999 128 128 128
0.8135170340538025 0.08844029158353806 2.802539825439453 128 128 128
0.3133653998374939 0.10171283781528473 2.303522825241089 128 128 128
0.4305974245071411 0.10456842929124832 2.4009146690368652 128 128 128
0.566411554813385 0.10809596627950668 2.547412395477295 128 128 128
0.6267977952957153 0.10949339717626572 2.618143081665039 128 128 128
0.7937804460525513 0.10924971103668213 2.728442668914795 128 128 128
0.9615391492843628 0.10985518991947174 2.8838274478912354 128 128 128
0.5609918832778931 0.12851829826831818 2.513460397720337 128 128 128
0.7464300394058228 0.13386321067810059 2.7193100452423096 128 128 128
0.7829448580741882 0.13032807409763336 2.6848490238189697 128 128 128
0.829430878162384 0.13306352496147156 2.764017105102539 128 128 128
0.5183483958244324 0.15097276866436005 2.5086286067962646 128 128 128
0.6052604913711548 0.16934874653816223 2.5041229724884033 128 128 128
0.8874523043632507 0.1789603978395462 2.789214611053467 128 128 128
0.5399296283721924 0.19186945259571075 2.4952011108398438 128 128 128
0.5625519156455994 0.19183477759361267 2.4967610836029053 128 128 128
0.6379920244216919 0.1925046294927597 2.5455269813537598 128 128 128
0.6928439140319824 0.194056898355484 2.5861072540283203 128 128 128
0.7579985857009888 0.1976703703403473 2.659304618835449 128 128 128
0.916452944278717 0.21810923516750336 2.7295658588409424 128 128 128
0.2648797929286957 -1.7464224100112915 4.320313930511475 128 128 128
3.727736711502075 -7.260343074798584 18.242446899414062 128 128 128
0.15556730329990387 -1.7230592966079712 4.344539642333984 128 128 128
0.23602338135242462 -1.7755379676818848 4.485752582550049 128 128 128
0.26330918073654175 -1.7095694541931152 4.318196773529053 128 128 128
0.4679467976093292 -1.9514734745025635 4.9477996826171875 128 128 128
0.6081556081771851 -2.147639036178589 5.458164215087891 128 128 128
0.6260226964950562 -2.057650089263916 5.228219985961914 128 128 128
-6.105306148529053 9.860607147216797 -25.473217010498047 128 128 128
-7.4478044509887695 11.618645668029785 -30.015535354614258 128 128 128
1.2022424936294556 -3.1902427673339844 8.310318946838379 128 128 128
3.75347900390625 -6.963591575622559 18.328298568725586 128 128 128
3.2136878967285156 -5.7346978187561035 15.089405059814453 128 128 128
3.319195508956909 -4.869871616363525 12.87219524383545 128 128 128
1.7505278587341309 -2.2668800354003906 5.97513484954834 128 128 128
4.897504806518555 -6.007861614227295 15.807992935180664 128 128 128
4.798186302185059 -5.738697528839111 15.09841537475586 128 128 128
0.2367849349975586 -1.725290298461914 4.55331563949585 128 128 128
0.2687586545944214 -1.684840202331543 4.449818134307861 128 128 128
0.5001722574234009 -1.842925786972046 4.886351108551025 128 128 128
0.618826150894165 -2.099059581756592 5.578932762145996 128 128 128
1.1758185625076294 -2.720881462097168 7.276144027709961 128 128 128
1.6201822757720947 -3.375119924545288 9.056683540344238 128 128 128
1.575110912322998 -3.133087635040283 8.410611152648926 128 128 128
2.53861927986145 -3.2108187675476074 8.654894828796387 128 128 128
2.537663459777832 -2.351942539215088 6.342394828796387 128 128 128
0.15091358125209808 -1.6111445426940918 4.3353729248046875 128 128 128
0.2054322212934494 -1.760033369064331 4.746083736419678 128 128 128
0.33242926001548767 -1.7953283786773682 4.853883266448975 128 128 128
0.3714616000652313 -1.7836614847183228 4.828623294830322 128 128 128
0.486653208732605 -1.9124650955200195 5.188908576965332 128 128 128
0.6154953241348267 -2.0445635318756104 5.560702323913574 128 128 128
0.8597837090492249 -2.314603567123413 6.317645072937012 128 128 128
1.2251591682434082 -2.7704055309295654 7.58535623550415 128 128 128
1.865085482597351 -3.6219284534454346 9.956313133239746 128 128 128
2.5682528018951416 -4.348189353942871 12.006123542785645 128 128 128
3.0392818450927734 -4.401816368103027 12.180493354797363 128 128 128
3.1469550132751465 -4.408571243286133 12.19520378112793 128 128 128
2.8521928787231445 -3.6270203590393066 10.014992713928223 128 128 128
2.305509567260742 -2.180755615234375 6.003548622131348 128 128 128
2.3428127765655518 -2.1683547496795654 5.97388219833374 128 128 128
2.5108134746551514 -2.2744412422180176 6.272298812866211 128 128 128
0.6491729617118835 -2.1088860034942627 5.8743720054626465 128 128 128
0.677716851234436 -2.0487139225006104 5.705785274505615 128 128 128
0.781902015209198 -2.1984779834747314 6.136731147766113 128 128 128
1.154426097869873 -2.7009222507476807 7.559107303619385 128 128 128
1.658089280128479 -3.2978322505950928 9.276103973388672 128 128 128
2.81708025932312 -4.859354496002197 13.728208541870117 128 128 128
2.710524797439575 -4.486256122589111 12.679917335510254 128 128 128
4.71627950668335 -6.671034812927246 18.899059295654297 128 128 128
2.7945072650909424 -3.4642138481140137 9.791001319885254 128 128 128
2.5357666015625 -3.058432102203369 8.638168334960938 128 128 128
2.512225389480591 -2.2715682983398438 6.398571491241455 128 128 128
2.7055599689483643 -2.3944966793060303 6.75272274017334 128 128 128
2.7011406421661377 -4.756723880767822 13.753094673156738 128 128 128
2.8211820125579834 -4.749204158782959 13.746798515319824 128 128 128
3.829401969909668 -5.684625148773193 16.49726676940918 128 128 128
3.032672882080078 -3.67069935798645 10.629465103149414 128 128 128
2.049034595489502 -1.9308979511260986 5.5587687492370605 128 128 128
2.1553947925567627 -1.9865753650665283 5.722914218902588 128 128 128
0.14915496110916138 -1.5128237009048462 4.378182411193848 128 128 128
2.0253658294677734 -3.8294758796691895 11.323179244995117 128 128 128
2.852544069290161 -4.900525093078613 14.525212287902832 128 128 128
3.3281445503234863 -3.920379161834717 11.632556915283203 128 128 128
2.9424588680267334 -3.0359723567962646 8.962145805358887 128 128 128
0.08116021007299423 -1.6107263565063477 4.7717695236206055 128 128 128
0.11772359907627106 -1.5673539638519287 4.644271373748779 128 128 128
0.15127769112586975 -1.5120354890823364 4.483764171600342 128 128 128
0.20248810946941376 -1.6180493831634521 4.803369045257568 128 128 128
0.31161797046661377 -1.7706878185272217 5.272444248199463 128 128 128
0.4383071959018707 -1.7330737113952637 5.182706832885742 128 128 128
0.6493545174598694 -1.9635895490646362 5.896876335144043 128 128 128
1.0726218223571777 -2.3172855377197266 7.007762908935547 128 128 128
2.1800458431243896 -2.9544765949249268 9.020215034484863 128 128 128
0.43437254428863525 -1.8728113174438477 5.734647750854492 128 128 128
0.47716546058654785 -1.8457396030426025 5.66135311126709 128 128 128
0.5988130569458008 -2.0915603637695312 6.434731483459473 128 128 128
0.7997427582740784 -2.180006980895996 6.7357048988342285 128 128 128
0.9030681252479553 -2.2933247089385986 7.094715595245361 128 128 128
1.110785722732544 -2.4755685329437256 7.681735038757324 128 128 128
1.1761276721954346 -2.4816017150878906 7.697871208190918 128 128 128
1.6695634126663208 -3.1369898319244385 9.775225639343262 128 128 128
2.3904025554656982 -3.870844841003418 12.106888771057129 128 128 128
2.374957799911499 -3.2505836486816406 10.188044548034668 128 128 128
2.137462615966797 -2.8193044662475586 8.835343360900879 128 128 128
2.443591833114624 -2.8147969245910645 8.801227569580078 128 128 128
1.1671899557113647 -2.5421700477600098 8.09341812133789 128 128 128
1.644554853439331 -3.1667580604553223 10.132083892822266 128 128 128
2.2204349040985107 -3.3400492668151855 10.743932723999023 128 128 128
2.613435745239258 -3.6106529235839844 11.627498626708984 128 128 128
2.6887378692626953 -3.5758907794952393 11.514395713806152 128 128 128
2.3929812908172607 -3.0742902755737305 9.894322395324707 128 128 128
2.2464020252227783 -2.309223175048828 7.389214038848877 128 128 128
0.5906934142112732 -1.7911425828933716 5.8266401290893555 128 128 128
0.7873843908309937 -1.8986150026321411 6.199132919311523 128 128 128
1.0167906284332275 -2.015994071960449 6.621878623962402 128 128 128
2.257498025894165 -2.2573928833007812 7.425278663635254 128 128 128
2.2145185470581055 -1.9112722873687744 6.249863147735596 128 128 128
0.4392830729484558 -1.7413674592971802 5.804123401641846 128 128 128
0.5819451808929443 -1.8710172176361084 6.259990215301514 128 128 128
0.8277575373649597 -2.079885482788086 6.982569694519043 128 128 128
0.9994822144508362 -2.0405778884887695 6.891289234161377 128 128 128
1.010430932044983 -1.9532709121704102 6.594202518463135 128 128 128
1.3421459197998047 -2.308556079864502 7.827545642852783 128 128 128
1.4882229566574097 -2.1128578186035156 7.18886661529541 128 128 128
1.9501534700393677 -2.4503772258758545 8.342622756958008 128 128 128
2.587892532348633 -2.922604560852051 9.938948631286621 128 128 128
2.585883617401123 -2.5104568004608154 8.49069595336914 128 128 128
2.5109405517578125 -1.8529173135757446 6.216063022613525 128 128 128
0.1971646547317505 -1.3904387950897217 4.745089054107666 128 128 128
0.6118023991584778 -1.916658639907837 6.597542762756348 128 128 128
0.8095513582229614 -1.9711281061172485 6.819333076477051 128 128 128
1.0764917135238647 -2.270981550216675 7.889548301696777 128 128 128
1.3845913410186768 -2.3147919178009033 8.078866958618164 128 128 128
1.860235571861267 -2.2595913410186768 7.924859046936035 128 128 128
2.088362455368042 -2.2837324142456055 7.995327472686768 128 128 128
2.8039615154266357 -2.642881393432617 9.201515197753906 128 128 128
2.901110887527466 -2.664050817489624 9.265218734741211 128 128 128
2.6451923847198486 -2.2027132511138916 7.622872829437256 128 128 128
2.5364253520965576 -2.065225124359131 7.146890640258789 128 128 128
2.3513357639312744 -1.720001220703125 5.934830665588379 128 128 128
2.421997308731079 -1.7356925010681152 5.993703842163086 128 128 128
0.1630249321460724 -1.4112788438796997 4.95458984375 128 128 128
0.3038976192474365 -1.4799854755401611 5.213847637176514 128 128 128
0.3490401804447174 -1.482470989227295 5.228602886199951 128 128 128
1.4096217155456543 -2.402573347091675 8.642236709594727 128 128 128
1.855196237564087 -2.7044873237609863 9.761828422546387 128 128 128
2.131138563156128 -2.6080691814422607 9.428055763244629 128 128 128
2.127676486968994 -2.2595157623291016 8.150605201721191 128 128 128
2.5944948196411133 -2.0961813926696777 7.475339889526367 128 128 128
2.588674783706665 -2.044624090194702 7.286563396453857 128 128 128
2.5975422859191895 -1.8818849325180054 6.694766521453857 128 128 128
2.710939645767212 -1.8851878643035889 6.704875946044922 128 128 128
0.708615243434906 -1.7451536655426025 6.418277263641357 128 128 128
0.9085771441459656 -1.7990449666976929 6.648033142089844 128 128 128
1.2562875747680664 -2.0742764472961426 7.697238445281982 128 128 128
2.3845326900482178 -2.9514212608337402 10.99953842163086 128 128 128
2.336864709854126 -2.401707410812378 8.934845924377441 128 128 128
2.8311331272125244 -2.216118574142456 8.141864776611328 128 128 128
2.663653612136841 -1.8328747749328613 6.7146711349487305 128 128 128
0.6908408999443054 -1.790238380432129 6.788748741149902 128 128 128
0.9305057525634766 -1.9139944314956665 7.286608695983887 128 128 128
1.1995831727981567 -2.028296947479248 7.763809680938721 128 128 128
2.159517526626587 -2.5796091556549072 9.931150436401367 128 128 128
2.633484125137329 -2.708392381668091 10.410175323486328 128 128 128
2.239640951156616 -2.029414653778076 7.766507625579834 128 128 128
2.240882396697998 -1.9758530855178833 7.553825855255127 128 128 128
2.2602739334106445 -1.7960933446884155 6.828681945800781 128 128 128
3.0011372566223145 -2.275287628173828 8.632445335388184 128 128 128
2.777174949645996 -1.8511894941329956 6.990172386169434 128 128 128
0.15986570715904236 -1.2608939409255981 4.875393390655518 128 128 128
0.19800467789173126 -1.2522324323654175 4.837911605834961 128 128 128
0.2976270616054535 -1.3055814504623413 5.076727390289307 128 128 128
1.179356336593628 -1.9190837144851685 7.603128910064697 128 128 128
2.9426960945129395 -1.8982096910476685 7.395622253417969 128 128 128
3.0004982948303223 -1.896554708480835 7.3983378410339355 128 128 128
0.1987365484237671 -1.2128008604049683 4.850640773773193 128 128 128
0.2610250413417816 -1.3013242483139038 5.225540637969971 128 128 128
0.41382667422294617 -1.3537027835845947 5.462528705596924 128 128 128
1.2859660387039185 -2.0221338272094727 8.288981437683105 128 128 128
1.6423646211624146 -2.0866754055023193 8.5890474319458 128 128 128
1.8622386455535889 -2.0716495513916016 8.532907485961914 128 128 128
0.1954241842031479 -1.1418030261993408 4.738718509674072 128 128 128
0.5592681765556335 -1.4260071516036987 5.988678455352783 128 128 128
0.6972638964653015 -1.4911386966705322 6.284955978393555 128 128 128
0.7438800930976868 -1.4693629741668701 6.206065654754639 128 128 128
1.5943763256072998 -2.05253529548645 8.746397018432617 128 128 128
2.1179323196411133 -2.0995194911956787 8.952675819396973 128 128 128
0.07279548048973083 -1.1074987649917603 4.738036155700684 128 128 128
0.29443156719207764 -1.1616657972335815 5.022913455963135 128 128 128
0.7318927049636841 -1.504860520362854 6.583835601806641 128 128 128
1.1345120668411255 -1.6523104906082153 7.286197662353516 128 128 128
1.147536039352417 -1.5845451354980469 6.988187789916992 128 128 128
2.665066957473755 -1.6804414987564087 7.288796901702881 128 128 128
0.26297903060913086 -1.1769278049468994 5.272919654846191 128 128 128
0.6641682386398315 -1.3065837621688843 5.947487831115723 128 128 128
0.894870936870575 -1.6291416883468628 7.427186965942383 128 128 128
1.3724579811096191 -1.6296510696411133 7.491790294647217 128 128 128
1.5957525968551636 -1.6523377895355225 7.599409103393555 128 128 128
1.9988062381744385 -1.6584833860397339 7.5963945388793945 128 128 128
2.724043846130371 -1.6187783479690552 7.281000137329102 128 128 128
0.6794000864028931 -1.2815043926239014 6.071932315826416 128 128 128
0.8600547909736633 -1.3049627542495728 6.210597038269043 128 128 128
1.6157044172286987 -1.6075345277786255 7.690936088562012 128 128 128
2.1930816173553467 -1.689334750175476 8.035093307495117 128 128 128
2.310173749923706 -1.7302221059799194 8.220266342163086 128 128 128
2.361562728881836 -1.584603190422058 7.479743957519531 128 128 128
2.8350327014923096 -1.6196714639663696 7.56367301940918 128 128 128
0.1595878005027771 -1.0061709880828857 4.8697733879089355 128 128 128
0.29581719636917114 -1.025925636291504 5.004368782043457 128 128 128
0.6813960671424866 -1.2383853197097778 6.10626745223999 128 128 128
0.8508883714675903 -1.321581244468689 6.549746990203857 128 128 128
1.0658069849014282 -1.3695061206817627 6.809581756591797 128 128 128
1.393617868423462 -1.6000866889953613 7.974490642547607 128 128 128
1.6182303428649902 -1.5445470809936523 7.699514389038086 128 128 128
1.6173189878463745 -1.4812226295471191 7.381776332855225 128 128 128
1.7545520067214966 -1.5400524139404297 7.674221038818359 128 128 128
1.8101561069488525 -1.5329557657241821 7.631861686706543 128 128 128
2.5881221294403076 -1.9769015312194824 9.811124801635742 128 128 128
2.591506242752075 -1.7124407291412354 8.433536529541016 128 128 128
2.3557703495025635 -1.4099490642547607 6.890031814575195 128 128 128
2.492420196533203 -1.4588854312896729 7.1267409324646 128 128 128
0.12183487415313721 -1.0023185014724731 5.051107883453369 128 128 128
0.3640848696231842 -1.054745078086853 5.376694202423096 128 128 128
1.2048873901367188 -1.2612050771713257 6.5620436668396 128 128 128
1.7502186298370361 -1.6676748991012573 8.68118953704834 128 128 128
1.8751708269119263 -1.5757230520248413 8.195761680603027 128 128 128
1.875198245048523 -1.3716508150100708 7.103599548339844 128 128 128
2.35371470451355 -1.5719833374023438 8.102411270141602 128 128 128
2.428318977355957 -1.5780197381973267 8.120506286621094 128 128 128
2.487058639526367 -1.573338508605957 8.081269264221191 128 128 128
2.351595878601074 -1.3803883790969849 7.049605369567871 128 128 128
2.3844470977783203 -1.367491364479065 6.972035884857178 128 128 128
2.431913137435913 -1.3633410930633545 6.936838626861572 128 128 128
2.4742767810821533 -1.3569958209991455 6.896564483642578 128 128 128
2.9380719661712646 -1.5441617965698242 7.825367450714111 128 128 128
0.3229244649410248 -1.025098443031311 5.456785678863525 128 128 128
0.4776705801486969 -1.042798638343811 5.586572647094727 128 128 128
1.0199410915374756 -1.268668293952942 6.88595724105835 128 128 128
1.2876429557800293 -1.3461304903030396 7.333082675933838 128 128 128
2.1338491439819336 -1.488709568977356 8.060089111328125 128 128 128
2.4615931510925293 -1.2911213636398315 6.850110054016113 128 128 128
0.11996201425790787 -0.8799204230308533 4.870223522186279 128 128 128
0.2454444169998169 -0.8734053373336792 4.860738754272461 128 128 128
0.3494110703468323 -0.9088332653045654 5.094747066497803 128 128 128
0.611373245716095 -1.0465177297592163 5.905350208282471 128 128 128
1.263672113418579 -1.2652056217193604 7.21602201461792 128 128 128
1.9222387075424194 -1.4698666334152222 8.379945755004883 128 128 128
2.300772190093994 -1.362694501876831 7.67521333694458 128 128 128
2.645979166030884 -1.384902000427246 7.724350929260254 128 128 128
2.6863536834716797 -1.3749529123306274 7.65867280960083 128 128 128
0.12492309510707855 -0.8837032914161682 5.1265411376953125 128 128 128
0.219781294465065 -0.8945626020431519 5.223382472991943 128 128 128
0.3283538222312927 -0.9338645339012146 5.485986709594727 128 128 128
0.36849895119667053 -0.9164338707923889 5.3889546394348145 128 128 128
0.6205618381500244 -1.0061591863632202 5.971127033233643 128 128 128
1.2945209741592407 -1.2896519899368286 7.7388529777526855 128 128 128
1.6112027168273926 -1.170815110206604 7.011964797973633 128 128 128
2.1697335243225098 -1.4166511297225952 8.451911926269531 128 128 128
2.1914327144622803 -1.3890036344528198 8.275219917297363 128 128 128
2.2139525413513184 -1.2483431100845337 7.381689548492432 128 128 128
2.754133462905884 -1.3723907470703125 8.026695251464844 128 128 128
0.5612915754318237 -0.9392006397247314 5.869831085205078 128 128 128
0.7475122213363647 -1.0531305074691772 6.6017045974731445 128 128 128
0.9346323013305664 -1.0611019134521484 6.6794962882995605 128 128 128
1.1562210321426392 -1.0939699411392212 6.912550449371338 128 128 128
1.5295500755310059 -1.2484480142593384 7.889688491821289 128 128 128
1.6971211433410645 -1.2146233320236206 7.669191837310791 128 128 128
1.8578381538391113 -1.1533684730529785 7.2451491355896 128 128 128
2.198312282562256 -1.2089744806289673 7.537868022918701 128 128 128
2.2556312084198 -1.092739462852478 6.7385969161987305 128 128 128
2.5377607345581055 -1.1498775482177734 7.039479732513428 128 128 128
2.607790470123291 -1.1570043563842773 7.073389053344727 128 128 128
2.654691457748413 -1.1536287069320679 7.050739765167236 128 128 128
0.033736035227775574 -0.7360346913337708 4.72066593170166 128 128 128
0.11959940940141678 -0.7417619824409485 4.794950008392334 128 128 128
0.4416375160217285 -0.8578193187713623 5.644636631011963 128 128 128
0.6020019054412842 -0.8712461590766907 5.759842395782471 128 128 128
0.7272209525108337 -0.8937410116195679 5.933495044708252 128 128 128
0.9424717426300049 -1.005589246749878 6.6988067626953125 128 128 128
1.3031702041625977 -1.0033425092697144 6.701509952545166 128 128 128
1.7110459804534912 -1.1594595909118652 7.73101806640625 128 128 128
1.930435299873352 -1.131714105606079 7.505003929138184 128 128 128
2.304701089859009 -1.109982967376709 7.257778167724609 128 128 128
0.21152135729789734 -0.7185853719711304 4.951061248779297 128 128 128
0.39856767654418945 -0.8274872303009033 5.750126838684082 128 128 128
0.5162630677223206 -0.8442276120185852 5.904277801513672 128 128 128
0.8486860394477844 -0.851135790348053 6.01368522644043 128 128 128
1.1775130033493042 -0.9918341636657715 7.018810749053955 128 128 128
1.6934082508087158 -1.1249511241912842 7.956130504608154 128 128 128
1.9009263515472412 -1.0522657632827759 7.390936374664307 128 128 128
2.4580283164978027 -1.0903139114379883 7.518185615539551 128 128 128
2.897645950317383 -1.1282312870025635 7.673141956329346 128 128 128
0.0353555828332901 -0.6206697821617126 4.495067596435547 128 128 128
0.1705402135848999 -0.6894580125808716 5.03035306930542 128 128 128
0.4242261052131653 -0.7296366691589355 5.407660961151123 128 128 128
1.2803748846054077 -0.9132531881332397 6.87864875793457 128 128 128
1.4954484701156616 -0.9313559532165527 7.0064239501953125 128 128 128
1.8866961002349854 -1.04837965965271 7.854837417602539 128 128 128
2.0210907459259033 -0.9872761964797974 7.336167812347412 128 128 128
2.50069260597229 -1.0691261291503906 7.845688343048096 128 128 128
2.57897686958313 -0.9854716658592224 7.136184215545654 128 128 128
2.9690825939178467 -1.0892255306243896 7.850260257720947 128 128 128
2.9575512409210205 -1.0632909536361694 7.662437915802002 128 128 128
0.12101022154092789 -0.6088395118713379 4.735113620758057 128 128 128
0.20838098227977753 -0.6107218265533447 4.789000034332275 128 128 128
0.37980931997299194 -0.6921826004981995 5.458695888519287 128 128 128
0.42939668893814087 -0.6929481029510498 5.477304935455322 128 128 128
0.5404271483421326 -0.6997309923171997 5.5756049156188965 128 128 128
0.6384484767913818 -0.6955214738845825 5.562520980834961 128 128 128
0.8328355550765991 -0.786755383014679 6.3002610206604 128 128 128
1.3729045391082764 -0.9165008068084717 7.370669841766357 128 128 128
1.4877554178237915 -0.868797242641449 6.9754862785339355 128 128 128
2.0145397186279297 -0.9222389459609985 7.311087608337402 128 128 128
2.090717315673828 -0.9299485087394714 7.3534417152404785 128 128 128
3.144529342651367 -1.082289218902588 8.317083358764648 128 128 128
0.08001179993152618 -0.5762677192687988 4.781882286071777 128 128 128
0.5022975206375122 -0.6666801571846008 5.689245223999023 128 128 128
0.6729199886322021 -0.6812185049057007 5.8479108810424805 128 128 128
1.20839262008667 -0.7517439723014832 6.484253406524658 128 128 128
1.5689940452575684 -0.8530261516571045 7.34630012512207 128 128 128
1.7009586095809937 -0.7987506985664368 6.833925247192383 128 128 128
2.599722146987915 -0.889018177986145 7.3676981925964355 128 128 128
0.0802992433309555 -0.5166025161743164 4.633340835571289 128 128 128
0.8160263895988464 -0.65716153383255 6.1110005378723145 128 128 128
0.9943162798881531 -0.7073607444763184 6.581486225128174 128 128 128
1.223343849182129 -0.7040440440177917 6.551467418670654 128 128 128
1.687869906425476 -0.8486676216125488 7.883009433746338 128 128 128
1.745191216468811 -0.8146175146102905 7.540499687194824 128 128 128
2.1749420166015625 -0.861520528793335 7.88223123550415 128 128 128
2.402069568634033 -0.8348963856697083 7.526716232299805 128 128 128
2.826425552368164 -0.862992525100708 7.621902942657471 128 128 128
2.7445852756500244 -0.7765166759490967 6.795076370239258 128 128 128
0.08134447038173676 -0.4832770526409149 4.6920881271362305 128 128 128
0.16776883602142334 -0.4844743609428406 4.750039100646973 128 128 128
0.5235179662704468 -0.5364752411842346 5.3684258460998535 128 128 128
0.6424340009689331 -0.6038757562637329 6.048849582672119 128 128 128
0.8239441514015198 -0.6129738688468933 6.178665637969971 128 128 128
1.263201355934143 -0.7013249397277832 7.088176250457764 128 128 128
1.4021661281585693 -0.6763076782226562 6.824578762054443 128 128 128
1.7011526823043823 -0.7285439372062683 7.315924644470215 128 128 128
1.7779297828674316 -0.7366533875465393 7.380260944366455 128 128 128
1.879347801208496 -0.7065839171409607 7.02285623550415 128 128 128
2.299088716506958 -0.7555935978889465 7.391671657562256 128 128 128
2.7936134338378906 -0.8207874298095703 7.900071620941162 128 128 128
2.7910196781158447 -0.8033813834190369 7.710224151611328 128 128 128
2.8443398475646973 -0.7592220306396484 7.1773295402526855 128 128 128
2.869127035140991 -0.7511481642723083 7.100474834442139 128 128 128
0.13003216683864594 -0.45639726519584656 4.869783401489258 128 128 128
0.256686806678772 -0.4516713619232178 4.857475280761719 128 128 128
0.9455708265304565 -0.5633639693260193 6.227858543395996 128 128 128
1.19131600856781 -0.6369040608406067 7.03581428527832 128 128 128
1.3235136270523071 -0.6109743118286133 6.741793632507324 128 128 128
1.7711604833602905 -0.6943484544754028 7.6158905029296875 128 128 128
1.7961292266845703 -0.681246280670166 7.453583240509033 128 128 128
1.8911304473876953 -0.6708619594573975 7.298920631408691 128 128 128
1.9336402416229248 -0.6656287908554077 7.219836235046387 128 128 128
2.44575834274292 -0.6738079190254211 7.0771918296813965 128 128 128
2.8975815773010254 -0.7664055228233337 7.9893951416015625 128 128 128
2.9104456901550293 -0.7143528461456299 7.3399128913879395 128 128 128
2.9789388179779053 -0.7180619835853577 7.359661102294922 128 128 128
0.08280860632658005 -0.3939363360404968 4.605865955352783 128 128 128
0.13226008415222168 -0.4274214804172516 5.0023908615112305 128 128 128
0.23075948655605316 -0.4342971444129944 5.150910377502441 128 128 128
0.4919159412384033 -0.4606737494468689 5.537020683288574 128 128 128
0.6188932657241821 -0.47709277272224426 5.776615142822266 128 128 128
0.7639939785003662 -0.4660835266113281 5.682271480560303 128 128 128
0.9629898071289062 -0.5198914408683777 6.33772611618042 128 128 128
1.3625456094741821 -0.56944739818573 6.929327011108398 128 128 128
1.513798475265503 -0.5384915471076965 6.506158828735352 128 128 128
1.8944989442825317 -0.6099730134010315 7.305210113525391 128 128 128
1.966815710067749 -0.5662256479263306 6.681550025939941 128 128 128
2.3894331455230713 -0.6708480715751648 7.888564586639404 128 128 128
2.402627944946289 -0.6586118936538696 7.719170570373535 128 128 128
0.08282128721475601 -0.35604825615882874 4.618558406829834 128 128 128
0.17090341448783875 -0.3632887303829193 4.765440940856934 128 128 128
0.2289452701807022 -0.38901346921920776 5.122716903686523 128 128 128
0.3265672028064728 -0.3902758061885834 5.195369720458984 128 128 128
0.4672853350639343 -0.3891025185585022 5.224112033843994 128 128 128
1.0872911214828491 -0.46765536069869995 6.3693013191223145 128 128 128
2.0912728309631348 -0.5415582656860352 7.090583324432373 128 128 128
2.558563470840454 -0.579376220703125 7.3886237144470215 128 128 128
3.011242389678955 -0.6098935604095459 7.586422920227051 128 128 128
2.997019052505493 -0.5962878465652466 7.398467063903809 128 128 128
0.21918311715126038 -0.32800528407096863 4.872838497161865 128 128 128
0.3265504539012909 -0.3480415344238281 5.210460662841797 128 128 128
0.43805456161499023 -0.35599589347839355 5.396883964538574 128 128 128
0.5846668481826782 -0.3549807369709015 5.421066761016846 128 128 128
0.708709180355072 -0.3946278393268585 6.050631523132324 128 128 128
0.7451807856559753 -0.388377845287323 5.94221830368042 128 128 128
1.1553535461425781 -0.4398123323917389 6.764929294586182 128 128 128
1.2860113382339478 -0.4256612956523895 6.518831729888916 128 128 128
1.8057934045791626 -0.46288660168647766 6.940149307250977 128 128 128
2.2252914905548096 -0.4782595932483673 6.925738334655762 128 128 128
2.5700454711914062 -0.5188405513763428 7.4221391677856445 128 128 128
3.1632065773010254 -0.5738812685012817 7.956360816955566 128 128 128
3.229241371154785 -0.574948787689209 7.965571880340576 128 128 128
0.18191127479076385 -0.29287445545196533 4.9741435050964355 128 128 128
0.22538532316684723 -0.2936031222343445 4.994622707366943 128 128 128
0.6962957978248596 -0.33627772331237793 5.929378032684326 128 128 128
0.8786779046058655 -0.3445982336997986 6.09402322769165 128 128 128
1.1440359354019165 -0.3795638382434845 6.701701641082764 128 128 128
2.201601505279541 -0.44380977749824524 7.462181091308594 128 128 128
2.605666160583496 -0.47154030203819275 7.702722072601318 128 128 128
3.2039730548858643 -0.5128858089447021 8.054089546203613 128 128 128
3.2205684185028076 -0.5064072012901306 7.936529159545898 128 128 128
3.2328200340270996 -0.49993661046028137 7.808995723724365 128 128 128
0.044144436717033386 -0.23683370649814606 4.585333824157715 128 128 128
0.3206874430179596 -0.2503823935985565 5.0552849769592285 128 128 128
0.5522352457046509 -0.27040210366249084 5.558655261993408 128 128 128
0.8880749344825745 -0.29680493474006653 6.161635398864746 128 128 128
1.037024736404419 -0.2923927307128906 6.066501140594482 128 128 128
1.292767882347107 -0.3291776180267334 6.823689937591553 128 128 128
1.3262523412704468 -0.32330700755119324 6.685056686401367 128 128 128
1.4736658334732056 -0.32078802585601807 6.560735702514648 128 128 128
1.822601556777954 -0.35860106348991394 7.2306623458862305 128 128 128
2.2137558460235596 -0.3827901780605316 7.498641490936279 128 128 128
2.3163235187530518 -0.3685111701488495 7.0115227699279785 128 128 128
3.1815011501312256 -0.44123172760009766 7.9949235916137695 128 128 128
0.09155870229005814 -0.20192691683769226 4.766457557678223 128 128 128
0.21655140817165375 -0.19628214836120605 4.727819919586182 128 128 128
0.283922016620636 -0.2115233689546585 5.153325080871582 128 128 128
0.3805767297744751 -0.2124723196029663 5.226352214813232 128 128 128
0.8194721341133118 -0.22457414865493774 5.6655120849609375 128 128 128
1.023474097251892 -0.24914003908634186 6.289487361907959 128 128 128
1.4468961954116821 -0.26896044611930847 6.681450366973877 128 128 128
1.8658477067947388 -0.31368488073349 7.668356895446777 128 128 128
1.9552267789840698 -0.28854188323020935 6.815954685211182 128 128 128
2.3688390254974365 -0.32217058539390564 7.351327419281006 128 128 128
2.3694212436676025 -0.3157775402069092 7.17933988571167 128 128 128
0.4986345171928406 -0.17367281019687653 5.475586414337158 128 128 128
0.8656702041625977 -0.18624471127986908 5.974033832550049 128 128 128
1.0404311418533325 -0.19956901669502258 6.393192768096924 128 128 128
1.1948660612106323 -0.19801922142505646 6.301133155822754 128 128 128
1.4387736320495605 -0.21112272143363953 6.632992267608643 128 128 128
1.4838314056396484 -0.21071240305900574 6.5768232345581055 128 128 128
1.8813852071762085 -0.24427099525928497 7.458826065063477 128 128 128
2.0947320461273193 -0.2474837750196457 7.28371000289917 128 128 128
2.4201929569244385 -0.26518115401268005 7.517343997955322 128 128 128
0.09041549265384674 -0.11632931977510452 4.612002849578857 128 128 128
0.27854669094085693 -0.11917783319950104 4.994747638702393 128 128 128
0.496913880109787 -0.12589915096759796 5.434782981872559 128 128 128
0.8353461623191833 -0.13114473223686218 5.761501789093018 128 128 128
0.9641673564910889 -0.1336933970451355 5.897008419036865 128 128 128
1.2225160598754883 -0.147219717502594 6.4207940101623535 128 128 128
1.650288462638855 -0.16308735311031342 6.7720489501953125 128 128 128
1.7198797464370728 -0.1657528430223465 6.8074212074279785 128 128 128
1.9768164157867432 -0.18227766454219818 7.316214084625244 128 128 128
2.5049781799316406 -0.20914387702941895 7.766412258148193 128 128 128
0.23648597300052643 -0.07939288765192032 5.054824352264404 128 128 128
0.5002472996711731 -0.08067409694194794 5.469240665435791 128 128 128
0.7559784650802612 -0.0779823586344719 5.518335819244385 128 128 128
0.9815942049026489 -0.08537713438272476 5.996159076690674 128 128 128
1.1969027519226074 -0.09515340626239777 6.597489356994629 128 128 128
1.4105249643325806 -0.09759611636400223 6.50106954574585 128 128 128
1.6940840482711792 -0.10883579403162003 6.949500560760498 128 128 128
2.5203030109405518 -0.14433392882347107 7.810877323150635 128 128 128
2.575032949447632 -0.14406661689281464 7.208256244659424 128 128 128
2.5458736419677734 -0.14035706222057343 6.973198413848877 128 128 128
0.7386742830276489 -0.033721573650836945 5.78120756149292 128 128 128
1.0891412496566772 -0.03568069264292717 5.986973762512207 128 128 128
1.349162220954895 -0.04146066680550575 6.473019599914551 128 128 128
1.6825265884399414 -0.049946874380111694 6.887681484222412 128 128 128
1.8152120113372803 -0.054134536534547806 6.713425159454346 128 128 128
1.8250746726989746 -0.054782573133707047 6.5345001220703125 128 128 128
2.2073137760162354 -0.06778521835803986 7.221125602722168 128 128 128
2.2652530670166016 -0.06962697952985764 7.215731143951416 128 128 128
2.657881021499634 -0.08588133007287979 7.435042858123779 128 128 128
2.6676759719848633 -0.08538555353879929 7.3017683029174805 128 128 128
0.09219393879175186 0.002313900040462613 4.539010047912598 128 128 128
0.727520227432251 0.015268266201019287 5.6730499267578125 128 128 128
1.1182886362075806 0.015088505111634731 6.14292573928833 128 128 128
1.5515497922897339 0.009289894253015518 6.589554786682129 128 128 128
1.8546644449234009 0.004167146980762482 7.062681198120117 128 128 128
2.3073067665100098 -0.007387376390397549 7.539828300476074 128 128 128
2.718733072280884 -0.024291226640343666 7.594424724578857 128 128 128
0.5891580581665039 0.05912760645151138 5.3215556144714355 128 128 128
1.0656423568725586 0.06760017573833466 6.144999980926514 128 128 128
1.2231569290161133 0.06495638191699982 6.094268321990967 128 128 128
1.398833990097046 0.0699414387345314 6.68596887588501 128 128 128
1.8667107820510864 0.06040508672595024 6.890220642089844 128 128 128
2.6724019050598145 0.04371744021773338 7.651350021362305 128 128 128
2.6696696281433105 0.04063564911484718 7.466762542724609 128 128 128
3.2623462677001953 0.02457468770444393 7.827995777130127 128 128 128
0.05295700579881668 0.0773342177271843 4.449899673461914 128 128 128
0.8626388311386108 0.1155436784029007 5.857957363128662 128 128 128
1.0053958892822266 0.11259801685810089 5.770220756530762 128 128 128
1.5591853857040405 0.12028209865093231 6.594225883483887 128 128 128
1.9124292135238647 0.12075784802436829 7.042108535766602 128 128 128
2.268427848815918 0.12346108257770538 7.6182661056518555 128 128 128
2.439169406890869 0.10305164009332657 7.1485795974731445 128 128 128
3.281571388244629 0.09294990450143814 8.01711654663086 128 128 128
0.6688137650489807 0.15638373792171478 5.553092002868652 128 128 128
0.8134692311286926 0.15530867874622345 5.522797584533691 128 128 128
0.9266532063484192 0.1664709597826004 5.939269065856934 128 128 128
1.0236648321151733 0.16392935812473297 5.862715244293213 128 128 128
1.5426924228668213 0.18216270208358765 6.772132396697998 128 128 128
2.0583605766296387 0.17039982974529266 6.912569999694824 128 128 128
2.4308087825775146 0.16352404654026031 7.1271772384643555 128 128 128
0.6711059212684631 0.2036156803369522 5.556861400604248 128 128 128
1.0555713176727295 0.21994554996490479 6.055606842041016 128 128 128
1.407009243965149 0.21800179779529572 6.17429256439209 128 128 128
1.711730718612671 0.23176062107086182 6.7127203941345215 128 128 128
2.022982358932495 0.22422842681407928 6.785128593444824 128 128 128
2.524071216583252 0.23875069618225098 7.5690178871154785 128 128 128
2.5161633491516113 0.23027461767196655 7.3634772300720215 128 128 128
3.3763647079467773 0.24205002188682556 8.409805297851562 128 128 128
3.4707391262054443 0.24355548620224 8.480874061584473 128 128 128
0.8269925713539124 0.2519005537033081 5.598513126373291 128 128 128
1.003251075744629 0.271251380443573 6.034534931182861 128 128 128
1.416705846786499 0.283366322517395 6.445437908172607 128 128 128
1.702767014503479 0.28681817650794983 6.6771721839904785 128 128 128
1.7403827905654907 0.28222712874412537 6.609193801879883 128 128 128
0.8466873168945312 0.3058914542198181 5.726556301116943 128 128 128
0.9310439825057983 0.2989611029624939 5.608259201049805 128 128 128
1.4018501043319702 0.3339401185512543 6.375551700592041 128 128 128
0.9618739485740662 0.3564792275428772 5.766563415527344 128 128 128
1.4464519023895264 0.399359792470932 6.568207740783691 128 128 128
1.5548559427261353 0.37853768467903137 6.302847385406494 128 128 128
1.6017603874206543 0.37550485134124756 6.278763771057129 128 128 128
2.2644548416137695 0.3977886438369751 6.956634044647217 128 128 128
2.2894551753997803 0.39108672738075256 6.864762306213379 128 128 128
1.3153706789016724 0.43164223432540894 6.216668128967285 128 128 128
1.6671645641326904 0.4445861876010895 6.518517971038818 128 128 128
2.320666790008545 0.46739181876182556 7.123895168304443 128 128 128
1.7146824598312378 0.5139612555503845 6.705949783325195 128 128 128
1.9500689506530762 0.5237658023834229 6.913329124450684 128 128 128
2.4728853702545166 0.5119945406913757 7.023113250732422 128 128 128
2.0048394203186035 0.5964510440826416 7.089593887329102 128 128 128
2.0635859966278076 0.5942184925079346 7.0864973068237305 128 128 128
2.0770015716552734 0.5579309463500977 6.715755939483643 128 128 128
0.5064148306846619 -1.4182273149490356 3.6398439407348633 128 128 128
0.7060773372650146 -1.5153522491455078 3.9028966426849365 128 128 128
0.7449766397476196 -1.527401328086853 3.935408353805542 128 128 128
0.8236054182052612 -1.549625039100647 3.9969699382781982 128 128 128
0.8681807518005371 -1.5692458152770996 4.04794979095459 128 128 128
0.9152967929840088 -1.5913636684417725 4.107085227966309 128 128 128
0.9566254615783691 -1.6020718812942505 4.1369194984436035 128 128 128
1.0036064386367798 -1.6211612224578857 4.188133716583252 128 128 128
1.0598419904708862 -1.6535440683364868 4.272916793823242 128 128 128
1.0982073545455933 -1.656821370124817 4.282416820526123 128 128 128
2.0614984035491943 -2.115402936935425 5.513901710510254 128 128 128
0.6339542269706726 -1.4712430238723755 3.851266622543335 128 128 128
0.6740224361419678 -1.4875450134277344 3.897270441055298 128 128 128
0.7167745232582092 -1.507969617843628 3.953479528427124 128 128 128
0.7550311088562012 -1.5176416635513306 3.980546474456787 128 128 128
0.7981991767883301 -1.535733938217163 4.030346393585205 128 128 128
0.8778935074806213 -1.5559169054031372 4.0868096351623535 128 128 128
1.2528982162475586 -1.6841751337051392 4.446191787719727 128 128 128
2.1026673316955566 -2.0659217834472656 5.4994001388549805 128 128 128
2.166351079940796 -2.0820982456207275 5.543938636779785 128 128 128
0.1295405477285385 -1.2244830131530762 3.2422962188720703 128 128 128
0.27233850955963135 -1.258417010307312 3.3398406505584717 128 128 128
0.3355226516723633 -1.2859961986541748 3.4190149307250977 128 128 128
0.3695477545261383 -1.3048239946365356 3.4710142612457275 128 128 128
0.4075012505054474 -1.3338042497634888 3.547447681427002 128 128 128
0.44200703501701355 -1.3479628562927246 3.588244915008545 128 128 128
0.4794202148914337 -1.3684616088867188 3.6456491947174072 128 128 128
0.5169853568077087 -1.386843204498291 3.696721076965332 128 128 128
0.5557042360305786 -1.4055818319320679 3.7511963844299316 128 128 128
0.5955478549003601 -1.425371527671814 3.8049001693725586 128 128 128
0.6342973709106445 -1.439819574356079 3.8488755226135254 128 128 128
0.7271355986595154 -1.496700644493103 4.006305694580078 128 128 128
0.7610257267951965 -1.4977529048919678 4.005895614624023 128 128 128
0.8064923286437988 -1.5191096067428589 4.066925048828125 128 128 128
0.8433986902236938 -1.5234572887420654 4.080928802490234 128 128 128
0.8860793709754944 -1.5368438959121704 4.121607780456543 128 128 128
0.9265268445014954 -1.5460728406906128 4.148024082183838 128 128 128
0.9864117503166199 -1.5857294797897339 4.25651216506958 128 128 128
1.0377482175827026 -1.6086047887802124 4.322720527648926 128 128 128
1.0763988494873047 -1.6121037006378174 4.33165168762207 128 128 128
1.1246417760849 -1.6286684274673462 4.378072261810303 128 128 128
1.1631282567977905 -1.629942536354065 4.385334014892578 128 128 128
1.224966287612915 -1.663978934288025 4.476130485534668 128 128 128
1.2711790800094604 -1.6738698482513428 4.507687568664551 128 128 128
2.1348135471343994 -2.055266857147217 5.581096649169922 128 128 128
2.1960232257843018 -2.067324161529541 5.618072032928467 128 128 128
2.2578251361846924 -2.0802550315856934 5.654417037963867 128 128 128
0.13242413103580475 -1.2133691310882568 3.2804014682769775 128 128 128
0.3487384021282196 -1.304722785949707 3.5372023582458496 128 128 128
0.3833315074443817 -1.3218423128128052 3.5841734409332275 128 128 128
0.41472959518432617 -1.3260743618011475 3.5978660583496094 128 128 128
0.45156219601631165 -1.3457188606262207 3.653965473175049 128 128 128
0.4873017966747284 -1.3592039346694946 3.697392463684082 128 128 128
1.0363373756408691 -1.5726574659347534 4.311952114105225 128 128 128
1.0773210525512695 -1.5791305303573608 4.331418514251709 128 128 128
1.126221776008606 -1.5973761081695557 4.379089832305908 128 128 128
1.1693155765533447 -1.603637933731079 4.4053521156311035 128 128 128
0.28932374715805054 -1.2362985610961914 3.489572763442993 128 128 128
0.32026931643486023 -1.2434488534927368 3.5112175941467285 128 128 128
0.35019806027412415 -1.2456214427947998 3.5211234092712402 128 128 128
0.3881993889808655 -1.2736198902130127 3.6053037643432617 128 128 128
0.47390690445899963 -1.2606984376907349 3.571495532989502 128 128 128
0.5104429125785828 -1.2770692110061646 3.6198952198028564 128 128 128
0.5508613586425781 -1.301002860069275 3.6872000694274902 128 128 128
0.584786593914032 -1.3070086240768433 3.7095320224761963 128 128 128
0.8260785937309265 -1.396630048751831 3.978252410888672 128 128 128
0.26057168841362 -1.2028290033340454 3.4659595489501953 128 128 128
0.2920549809932709 -1.214009404182434 3.501598358154297 128 128 128
0.32650214433670044 -1.2341891527175903 3.5667479038238525 128 128 128
0.4111570417881012 -1.2202430963516235 3.530027389526367 128 128 128
0.4810757339000702 -1.2481099367141724 3.61562442779541 128 128 128
0.5883986949920654 -1.283584475517273 3.723332166671753 128 128 128
0.6261831521987915 -1.297455072402954 3.7624008655548096 128 128 128
0.3348560631275177 -1.2308800220489502 3.628316879272461 128 128 128
0.4532678425312042 -1.2233049869537354 3.6161537170410156 128 128 128
2.329510450363159 -1.9290952682495117 5.815209865570068 128 128 128
0.24123884737491608 -1.1771442890167236 3.545555591583252 128 128 128
0.27290159463882446 -1.1878262758255005 3.584195613861084 128 128 128
0.30420735478401184 -1.1940090656280518 3.604180097579956 128 128 128
0.388010174036026 -1.1755082607269287 3.549736976623535 128 128 128
0.4223754107952118 -1.188889980316162 3.5930402278900146 128 128 128
0.49636679887771606 -1.2231694459915161 3.7017173767089844 128 128 128
0.5692928433418274 -1.2467987537384033 3.779782295227051 128 128 128
1.1513561010360718 -1.5073026418685913 4.595144271850586 128 128 128
1.2045068740844727 -1.525477409362793 4.652072906494141 128 128 128
1.3456201553344727 -1.5508986711502075 4.739499092102051 128 128 128
1.3884865045547485 -1.5538132190704346 4.750680923461914 128 128 128
1.867025375366211 -1.7318856716156006 5.324680805206299 128 128 128
1.938321828842163 -1.755915641784668 5.398585319519043 128 128 128
2.0638954639434814 -1.7841260433197021 5.492633819580078 128 128 128
0.21063688397407532 -1.1318978071212769 3.4893786907196045 128 128 128
0.2452629655599594 -1.1595337390899658 3.576836347579956 128 128 128
0.27525362372398376 -1.1613833904266357 3.584583282470703 128 128 128
0.3093147277832031 -1.1783528327941895 3.6420211791992188 128 128 128
0.32708045840263367 -1.1350045204162598 3.5033555030822754 128 128 128
0.36027902364730835 -1.1481126546859741 3.546095848083496 128 128 128
0.3926689028739929 -1.1566659212112427 3.5750043392181396 128 128 128
0.426601767539978 -1.167970061302185 3.614165782928467 128 128 128
0.4680537283420563 -1.1968084573745728 3.7068097591400146 128 128 128
0.49878108501434326 -1.1963480710983276 3.7067415714263916 128 128 128
0.5356400609016418 -1.2098870277404785 3.7481093406677246 128 128 128
1.3101507425308228 -1.5188839435577393 4.747951507568359 128 128 128
1.3479455709457397 -1.5155699253082275 4.742160797119141 128 128 128
1.3803374767303467 -1.5075947046279907 4.716798305511475 128 128 128
1.4441965818405151 -1.5311185121536255 4.800083160400391 128 128 128
1.4872126579284668 -1.5337321758270264 4.8091230392456055 128 128 128
1.5475592613220215 -1.5526435375213623 4.873223781585693 128 128 128
1.6109997034072876 -1.5737015008926392 4.943288803100586 128 128 128
0.2458590567111969 -1.1249456405639648 3.5542783737182617 128 128 128
0.3652538061141968 -1.1302611827850342 3.5745105743408203 128 128 128
0.40222880244255066 -1.151110053062439 3.643629312515259 128 128 128
0.4354495108127594 -1.1588413715362549 3.6713814735412598 128 128 128
1.3741906881332397 -1.5070403814315796 4.827561378479004 128 128 128
0.22312654554843903 -1.119119644165039 3.6228532791137695 128 128 128
0.2571958601474762 -1.1378066539764404 3.6840078830718994 128 128 128
0.34145596623420715 -1.114911675453186 3.610323905944824 128 128 128
0.3774743974208832 -1.1333441734313965 3.677125930786133 128 128 128
0.4112037420272827 -1.1423487663269043 3.708379030227661 128 128 128
0.2249767929315567 -1.0889731645584106 3.616685390472412 128 128 128
0.34704601764678955 -1.0980867147445679 3.6523633003234863 128 128 128
0.9057618975639343 -1.2847603559494019 4.296604156494141 128 128 128
0.946167528629303 -1.2897467613220215 4.320233345031738 128 128 128
0.9961778521537781 -1.308301568031311 4.381019115447998 128 128 128
1.9750587940216064 -1.6198090314865112 5.478581428527832 128 128 128
2.0486230850219727 -1.6407175064086914 5.554498195648193 128 128 128
2.4350802898406982 -1.7842308282852173 6.054046154022217 128 128 128
0.2342979907989502 -1.0940498113632202 3.7330784797668457 128 128 128
0.28483569622039795 -1.0532575845718384 3.587228775024414 128 128 128
0.7031047344207764 -1.209696888923645 4.13408899307251 128 128 128
0.783896267414093 -1.2277920246124268 4.20131254196167 128 128 128
0.8261020183563232 -1.2376114130020142 4.241626739501953 128 128 128
0.8666014671325684 -1.2448240518569946 4.267771244049072 128 128 128
0.9097325801849365 -1.2540594339370728 4.306705951690674 128 128 128
1.0603983402252197 -1.3057576417922974 4.490715503692627 128 128 128
2.1019845008850098 -1.6388458013534546 5.693382740020752 128 128 128
2.1155030727386475 -1.6140391826629639 5.601621150970459 128 128 128
2.2182364463806152 -1.653595209121704 5.7477803230285645 128 128 128
2.2482352256774902 -1.640074610710144 5.701778888702393 128 128 128
0.2079983353614807 -1.0725406408309937 3.7542545795440674 128 128 128
0.24261340498924255 -1.0910717248916626 3.8242485523223877 128 128 128
0.8040096759796143 -1.222753643989563 4.296818256378174 128 128 128
1.5021766424179077 -1.438675880432129 5.094959735870361 128 128 128
2.1027255058288574 -1.5978089570999146 5.686520576477051 128 128 128
0.2472819685935974 -1.0697115659713745 3.852689743041992 128 128 128
0.3327691853046417 -1.0409797430038452 3.7518203258514404 128 128 128
0.6416852474212646 -1.1511880159378052 4.1462812423706055 128 128 128
0.7212133407592773 -1.1678344011306763 4.213670253753662 128 128 128
0.7560331225395203 -1.1677491664886475 4.212662220001221 128 128 128
0.219676673412323 -1.0439982414245605 3.86507248878479 128 128 128
0.2529510259628296 -1.0517655611038208 3.8965580463409424 128 128 128
0.2911531925201416 -1.0756442546844482 3.9882845878601074 128 128 128
0.3068876266479492 -1.018731713294983 3.767832040786743 128 128 128
0.3415190279483795 -1.0304222106933594 3.817572832107544 128 128 128
0.3754752576351166 -1.0376267433166504 3.842162847518921 128 128 128
0.736638069152832 -1.1560192108154297 4.2878594398498535 128 128 128
0.7747215628623962 -1.1587910652160645 4.306456565856934 128 128 128
0.9544162750244141 -1.2041832208633423 4.481715202331543 128 128 128
0.15822704136371613 -1.0066545009613037 3.842074394226074 128 128 128
0.1913224458694458 -1.015343427658081 3.871574878692627 128 128 128
0.2229715883731842 -1.0163527727127075 3.8763139247894287 128 128 128
0.31504911184310913 -1.0074657201766968 3.842264413833618 128 128 128
0.6223315000534058 -1.1047537326812744 4.21129035949707 128 128 128
0.6609472632408142 -1.1107332706451416 4.239253997802734 128 128 128
0.6991710066795349 -1.1152465343475342 4.262035846710205 128 128 128
0.7533592581748962 -1.1442135572433472 4.370922565460205 128 128 128
0.19543910026550293 -0.9928433895111084 3.9074416160583496 128 128 128
0.5589007139205933 -1.0783735513687134 4.233909606933594 128 128 128
0.6399104595184326 -1.097834587097168 4.310001850128174 128 128 128
0.6729952096939087 -1.093651533126831 4.296110153198242 128 128 128
0.7167224287986755 -1.1058872938156128 4.349299907684326 128 128 128
1.2322006225585938 -1.2214182615280151 4.820432662963867 128 128 128
1.2828819751739502 -1.2308375835418701 4.861988544464111 128 128 128
2.294682502746582 -1.5150471925735474 6.040079116821289 128 128 128
2.3408594131469727 -1.5112313032150269 6.029931545257568 128 128 128
2.426365613937378 -1.5312492847442627 6.120344161987305 128 128 128
2.4798386096954346 -1.5321937799453735 6.1263747215271 128 128 128
0.2093004286289215 -1.0139399766921997 4.11558198928833 128 128 128
0.3308010995388031 -0.9777306914329529 3.9658584594726562 128 128 128
0.6031453609466553 -1.0565781593322754 4.285659313201904 128 128 128
0.6435613632202148 -1.0652114152908325 4.31978702545166 128 128 128
0.6790463328361511 -1.0658280849456787 4.315006732940674 128 128 128
0.7236680388450623 -1.078340768814087 4.37516450881958 128 128 128
1.1404552459716797 -1.1705964803695679 4.758254528045654 128 128 128
1.1958421468734741 -1.185610294342041 4.823967933654785 128 128 128
1.3080013990402222 -1.2151328325271606 4.945528030395508 128 128 128
2.316488265991211 -1.4803889989852905 6.090927600860596 128 128 128
0.1765846610069275 -0.9709385633468628 4.08004903793335 128 128 128
0.21010828018188477 -0.9747346639633179 4.099738597869873 128 128 128
0.30557870864868164 -0.9597896337509155 4.0230021476745605 128 128 128
0.582912266254425 -1.04530668258667 4.369922637939453 128 128 128
0.6183018088340759 -1.0438947677612305 4.372893333435059 128 128 128
1.0322685241699219 -1.1432380676269531 4.787978649139404 128 128 128
1.0714739561080933 -1.1425979137420654 4.786799907684326 128 128 128
1.1201900243759155 -1.150544285774231 4.829354763031006 128 128 128
0.5075486898422241 -0.9975212812423706 4.312935829162598 128 128 128
0.5467690825462341 -1.004539132118225 4.349076747894287 128 128 128
0.5874533653259277 -1.0136187076568604 4.383571624755859 128 128 128
1.0491739511489868 -1.1195805072784424 4.856848239898682 128 128 128
1.0889770984649658 -1.1190320253372192 4.855915546417236 128 128 128
1.143320083618164 -1.1335046291351318 4.915798664093018 128 128 128
1.1999191045761108 -1.148311972618103 4.982828140258789 128 128 128
1.2845035791397095 -1.1490858793258667 4.992945194244385 128 128 128
2.036574602127075 -1.3058834075927734 5.71246337890625 128 128 128
2.087498426437378 -1.3066753149032593 5.722961902618408 128 128 128
2.15596079826355 -1.3188519477844238 5.779090881347656 128 128 128
0.28531044721603394 -0.9171028733253479 4.120425701141357 128 128 128
0.5684564709663391 -1.0035557746887207 4.4915852546691895 128 128 128
0.6069492697715759 -1.0059497356414795 4.511807441711426 128 128 128
0.6486220955848694 -1.0133352279663086 4.545459747314453 128 128 128
1.1026291847229004 -1.091908574104309 4.903509616851807 128 128 128
1.9368396997451782 -1.2594846487045288 5.687342643737793 128 128 128
0.49360448122024536 -0.9585164785385132 4.458188533782959 128 128 128
1.1657440662384033 -1.0725024938583374 4.985546588897705 128 128 128
1.2089312076568604 -1.07411789894104 4.994311809539795 128 128 128
0.46752697229385376 -0.9370851516723633 4.517172336578369 128 128 128
0.5104115605354309 -0.9485469460487366 4.576164722442627 128 128 128
0.9423937201499939 -0.9705657958984375 4.674115180969238 128 128 128
0.987960934638977 -0.9773914813995361 4.708771228790283 128 128 128
1.426284909248352 -1.1051025390625 5.332886219024658 128 128 128
1.4669922590255737 -1.1032848358154297 5.319222450256348 128 128 128
1.512115716934204 -1.1023489236831665 5.326260566711426 128 128 128
1.7050609588623047 -1.1105173826217651 5.381734371185303 128 128 128
1.7890326976776123 -1.1363424062728882 5.501308917999268 128 128 128
0.44404569268226624 -0.9214214086532593 4.62595272064209 128 128 128
0.4819486439228058 -0.9223164319992065 4.632632732391357 128 128 128
0.529260516166687 -0.9394553899765015 4.724498748779297 128 128 128
0.5680012106895447 -0.881953239440918 4.411781311035156 128 128 128
0.9205912947654724 -0.9485004544258118 4.740852355957031 128 128 128
0.9726081490516663 -0.9612606763839722 4.806204319000244 128 128 128
1.5592597723007202 -1.0923160314559937 5.479630947113037 128 128 128
1.6390352249145508 -1.0833126306533813 5.446414947509766 128 128 128
2.186830997467041 -1.2107875347137451 6.0920796394348145 128 128 128
2.215233564376831 -1.1984593868255615 6.032020092010498 128 128 128
2.287757635116577 -1.2093945741653442 6.092637062072754 128 128 128
2.4510490894317627 -1.2389265298843384 6.252494812011719 128 128 128
0.4938572347164154 -0.9010142087936401 4.708124160766602 128 128 128
1.015903115272522 -0.9249524474143982 4.806797027587891 128 128 128
1.061692237854004 -0.9301069378852844 4.8367180824279785 128 128 128
1.459770679473877 -1.0417157411575317 5.432153701782227 128 128 128
1.5131354331970215 -1.0464723110198975 5.4651360511779785 128 128 128
2.4043562412261963 -1.1923761367797852 6.256670951843262 128 128 128
2.4350712299346924 -1.179291009902954 6.205451011657715 128 128 128
0.2902095317840576 -0.8169881105422974 4.486049652099609 128 128 128
0.5913981199264526 -0.8356790542602539 4.545212268829346 128 128 128
0.6296514868736267 -0.8369066119194031 4.5612006187438965 128 128 128
0.8901969790458679 -0.8765213489532471 4.748631954193115 128 128 128
0.9426059722900391 -0.8875887393951416 4.824527740478516 128 128 128
0.2964399456977844 -0.7890099287033081 4.538222312927246 128 128 128
0.33301201462745667 -0.7895412445068359 4.540666103363037 128 128 128
0.47113561630249023 -0.8403971195220947 4.811503887176514 128 128 128
0.5678392052650452 -0.812843382358551 4.638478755950928 128 128 128
0.8344821333885193 -0.8563218116760254 4.863986015319824 128 128 128
0.9665480852127075 -0.868402361869812 4.928236961364746 128 128 128
0.3141225576400757 -0.7885805368423462 4.763429641723633 128 128 128
0.5857799053192139 -0.7962117791175842 4.7455267906188965 128 128 128
0.62249755859375 -0.793583869934082 4.739844799041748 128 128 128
0.7769957780838013 -0.8379253149032593 4.9755144119262695 128 128 128
0.8234524726867676 -0.8438501358032227 5.0137715339660645 128 128 128
0.8588607907295227 -0.8390003442764282 4.980825901031494 128 128 128
0.8909768462181091 -0.8316255807876587 4.932082176208496 128 128 128
0.9312089681625366 -0.8312275409698486 4.9341301918029785 128 128 128
0.9772112369537354 -0.8358688950538635 4.964259624481201 128 128 128
1.353633165359497 -0.8987843990325928 5.319620132446289 128 128 128
1.4093682765960693 -0.9054427742958069 5.3677077293396 128 128 128
1.4491225481033325 -0.9023347496986389 5.352343559265137 128 128 128
1.5008479356765747 -0.9074761271476746 5.378839015960693 128 128 128
1.7641178369522095 -0.9796629548072815 5.807531356811523 128 128 128
2.104522466659546 -1.0025463104248047 5.959049701690674 128 128 128
0.5969699621200562 -0.7679483890533447 4.809380531311035 128 128 128
1.3570284843444824 -0.8566557765007019 5.319545745849609 128 128 128
1.9361352920532227 -0.9688993096351624 6.036087989807129 128 128 128
2.000220775604248 -0.9752827882766724 6.080292701721191 128 128 128
2.0508687496185303 -0.9751089215278625 6.082150936126709 128 128 128
0.2856529653072357 -0.7190273404121399 4.831136703491211 128 128 128
0.32491832971572876 -0.7208274006843567 4.843265056610107 128 128 128
0.5644498467445374 -0.7319516539573669 4.846524238586426 128 128 128
0.6156736612319946 -0.7465806603431702 4.945608139038086 128 128 128
0.8356647491455078 -0.7688833475112915 5.042490482330322 128 128 128
0.8805749416351318 -0.7726825475692749 5.063982009887695 128 128 128
0.922600269317627 -0.7737897634506226 5.067291736602783 128 128 128
0.9714107513427734 -0.7806800007820129 5.10388708114624 128 128 128
1.0140838623046875 -0.780950665473938 5.111927032470703 128 128 128
1.2450169324874878 -0.8238607048988342 5.386865139007568 128 128 128
1.2838618755340576 -0.8212925791740417 5.363091468811035 128 128 128
0.256987065076828 -0.700112521648407 5.009312152862549 128 128 128
0.5729631185531616 -0.699260950088501 4.883974552154541 128 128 128
0.7754989862442017 -0.7451059222221375 5.16348934173584 128 128 128
0.8252670168876648 -0.7517697811126709 5.21829891204834 128 128 128
0.8621885180473328 -0.7485114932060242 5.1789093017578125 128 128 128
0.9097998142242432 -0.7526423335075378 5.213953018188477 128 128 128
2.7637979984283447 -0.9855887293815613 6.834318161010742 128 128 128
0.30273061990737915 -0.6631693840026855 5.019020080566406 128 128 128
0.5133613348007202 -0.6790151596069336 5.048097133636475 128 128 128
0.5455276370048523 -0.6687470078468323 4.978458881378174 128 128 128
0.7507763504981995 -0.7151349186897278 5.263023853302002 128 128 128
0.7978739738464355 -0.719269335269928 5.294384002685547 128 128 128
0.8338267207145691 -0.7135496735572815 5.25139045715332 128 128 128
1.29441499710083 -0.7628009915351868 5.567969799041748 128 128 128
1.5881712436676025 -0.7995189428329468 5.801549911499023 128 128 128
1.6846996545791626 -0.799929141998291 5.8069329261779785 128 128 128
1.7410757541656494 -0.8033473491668701 5.837234020233154 128 128 128
1.824110507965088 -0.7975974082946777 5.796565055847168 128 128 128
1.8850008249282837 -0.8026527762413025 5.838367462158203 128 128 128
0.2738109827041626 -0.6404754519462585 5.187453269958496 128 128 128
0.3130232095718384 -0.636040985584259 5.1381072998046875 128 128 128
0.5654460787773132 -0.6477024555206299 5.112183570861816 128 128 128
0.6129135489463806 -0.654754638671875 5.165628433227539 128 128 128
0.8777650594711304 -0.7040070295333862 5.498465538024902 128 128 128
1.1132137775421143 -0.7167925238609314 5.545348167419434 128 128 128
1.1578960418701172 -0.7164049744606018 5.544399738311768 128 128 128
1.2161779403686523 -0.7230929136276245 5.609014987945557 128 128 128
1.6654778718948364 -0.7651469111442566 5.893600940704346 128 128 128
1.8252183198928833 -0.771249532699585 5.941864967346191 128 128 128
2.289163827896118 -0.8533443808555603 6.571361064910889 128 128 128
2.3391122817993164 -0.8512316346168518 6.560500621795654 128 128 128
2.3944272994995117 -0.8505468368530273 6.56544828414917 128 128 128
2.438734531402588 -0.8474734425544739 6.5386552810668945 128 128 128
0.28329887986183167 -0.6119757294654846 5.332308769226074 128 128 128
0.5770197510719299 -0.6143053770065308 5.1861162185668945 128 128 128
0.653304398059845 -0.6085431575775146 5.1285223960876465 128 128 128
0.7435469031333923 -0.6534701585769653 5.469759464263916 128 128 128
0.7868236899375916 -0.6532721519470215 5.462737560272217 128 128 128
1.1431012153625488 -0.6859963536262512 5.681060314178467 128 128 128
1.58009934425354 -0.7218858003616333 5.919124126434326 128 128 128
1.8723067045211792 -0.7207018136978149 5.926602363586426 128 128 128
0.29198169708251953 -0.5775761008262634 5.413326740264893 128 128 128
0.5521805882453918 -0.5845980644226074 5.326988697052002 128 128 128
0.5951129198074341 -0.5847917199134827 5.335016250610352 128 128 128
0.7601025700569153 -0.6192617416381836 5.5623016357421875 128 128 128
0.8050361275672913 -0.6185581684112549 5.571871757507324 128 128 128
1.1924819946289062 -0.619148313999176 5.457976818084717 128 128 128
1.5607565641403198 -0.685901939868927 6.0141496658325195 128 128 128
1.6033207178115845 -0.6820005774497986 5.992594242095947 128 128 128
1.702649712562561 -0.6836498379707336 5.995427131652832 128 128 128
1.7536325454711914 -0.6832177639007568 6.0044846534729 128 128 128
0.30416128039360046 -0.5490934252738953 5.601688385009766 128 128 128
0.7822261452674866 -0.5859173536300659 5.707919597625732 128 128 128
0.8254218101501465 -0.5849149823188782 5.684537887573242 128 128 128
1.2083559036254883 -0.5823560953140259 5.508612632751465 128 128 128
1.2589503526687622 -0.5853400230407715 5.533908367156982 128 128 128
1.765779733657837 -0.6564568877220154 6.205362796783447 128 128 128
0.27299824357032776 -0.5206714868545532 5.814265727996826 128 128 128
0.580892026424408 -0.5155335068702698 5.537925720214844 128 128 128
0.6315257549285889 -0.5216254591941833 5.586221694946289 128 128 128
0.8702435493469238 -0.5135843753814697 5.350139617919922 128 128 128
1.1007778644561768 -0.5460011959075928 5.632457256317139 128 128 128
1.1485806703567505 -0.5465493202209473 5.645943641662598 128 128 128
1.1941556930541992 -0.5488254427909851 5.637662410736084 128 128 128
1.2391499280929565 -0.5480846166610718 5.636348247528076 128 128 128
2.0482094287872314 -0.6344339847564697 6.434240818023682 128 128 128
2.104041337966919 -0.6344473958015442 6.445507049560547 128 128 128
2.2804646492004395 -0.6415508985519409 6.493306636810303 128 128 128
2.3150219917297363 -0.6347119808197021 6.443700790405273 128 128 128
2.601897954940796 -0.684561550617218 6.9215168952941895 128 128 128
0.8922547698020935 -0.4794436991214752 5.46321964263916 128 128 128
1.1701923608779907 -0.509141206741333 5.729839324951172 128 128 128
1.202354073524475 -0.5037914514541626 5.661773681640625 128 128 128
1.5892894268035889 -0.5326704382896423 5.887501239776611 128 128 128
1.6376334428787231 -0.5321442484855652 5.890500545501709 128 128 128
1.9866175651550293 -0.5783125162124634 6.393087387084961 128 128 128
2.038850784301758 -0.5776535272598267 6.394198417663574 128 128 128
0.56305330991745 -0.4375368356704712 5.744678974151611 128 128 128
0.8704676032066345 -0.441566526889801 5.593655109405518 128 128 128
0.91823410987854 -0.4447694718837738 5.6020283699035645 128 128 128
1.1025400161743164 -0.4706350266933441 5.841837406158447 128 128 128
1.1433415412902832 -0.4688333570957184 5.807621955871582 128 128 128
1.175883173942566 -0.46354061365127563 5.737277984619141 128 128 128
1.2198657989501953 -0.46312415599823 5.72499942779541 128 128 128
1.4129925966262817 -0.4844467341899872 5.944706439971924 128 128 128
1.4854233264923096 -0.4931022822856903 6.041499137878418 128 128 128
1.5051456689834595 -0.4845868945121765 5.924344062805176 128 128 128
1.5493006706237793 -0.48283377289772034 5.910664081573486 128 128 128
1.6134084463119507 -0.4888761341571808 5.9672627449035645 128 128 128
2.055894374847412 -0.5438768863677979 6.60213565826416 128 128 128
0.850318968296051 -0.4051697850227356 5.734862804412842 128 128 128
1.1094915866851807 -0.4243517816066742 5.855991363525391 128 128 128
1.1529417037963867 -0.4238293468952179 5.834695816040039 128 128 128
1.20906400680542 -0.4257265031337738 5.883950710296631 128 128 128
1.4078007936477661 -0.4496043026447296 6.109562397003174 128 128 128
1.434826135635376 -0.44450411200523376 6.011117458343506 128 128 128
1.4854315519332886 -0.4436601400375366 6.022930145263672 128 128 128
1.5464024543762207 -0.447181761264801 6.070606231689453 128 128 128
0.8057746291160583 -0.3548281192779541 5.7289137840271 128 128 128
0.8716334104537964 -0.3647781312465668 5.8543009757995605 128 128 128
0.9529271125793457 -0.36229708790779114 5.769564151763916 128 128 128
1.4077012538909912 -0.39854514598846436 6.09146785736084 128 128 128
1.468552827835083 -0.4023492932319641 6.138345718383789 128 128 128
1.5279189348220825 -0.4070096015930176 6.172088146209717 128 128 128
1.5656745433807373 -0.40564557909965515 6.120115280151367 128 128 128
1.8706618547439575 -0.42158180475234985 6.3042988777160645 128 128 128
1.943634033203125 -0.42661646008491516 6.374728679656982 128 128 128
1.9961553812026978 -0.42718443274497986 6.3758931159973145 128 128 128
2.65523099899292 -0.4719240069389343 7.012528896331787 128 128 128
0.3435458838939667 -0.2849845290184021 5.906705379486084 128 128 128
0.5650184154510498 -0.31284356117248535 6.159663200378418 128 128 128
0.8461766839027405 -0.32096877694129944 5.988958358764648 128 128 128
0.8874591588973999 -0.3192773461341858 5.942833423614502 128 128 128
1.08262038230896 -0.34394362568855286 6.2061357498168945 128 128 128
1.1145455837249756 -0.33999010920524597 6.1033244132995605 128 128 128
1.1643738746643066 -0.3413029909133911 6.104026794433594 128 128 128
1.9427615404129028 -0.38473090529441833 6.530372142791748 128 128 128
1.9740420579910278 -0.38013604283332825 6.45999813079834 128 128 128
2.045853614807129 -0.3840635418891907 6.520668983459473 128 128 128
2.5282204151153564 -0.42180129885673523 7.127437591552734 128 128 128
0.403735876083374 -0.24287554621696472 6.032727241516113 128 128 128
0.5317508578300476 -0.263513445854187 6.352375030517578 128 128 128
0.8474303483963013 -0.2699247896671295 5.974546432495117 128 128 128
1.1232658624649048 -0.2902396321296692 6.13153076171875 128 128 128
1.4673477411270142 -0.3109259009361267 6.308706760406494 128 128 128
1.5242961645126343 -0.3113597631454468 6.336322784423828 128 128 128
1.9102853536605835 -0.3344706594944 6.585997104644775 128 128 128
1.948346734046936 -0.3297584354877472 6.538825988769531 128 128 128
0.414151668548584 -0.19470356404781342 6.154364585876465 128 128 128
0.7686123847961426 -0.22096580266952515 6.090259075164795 128 128 128
0.8144784569740295 -0.22135289013385773 6.065796375274658 128 128 128
1.1336967945098877 -0.25055330991744995 6.4505934715271 128 128 128
1.1975727081298828 -0.25248631834983826 6.520549297332764 128 128 128
1.532623529434204 -0.2673194408416748 6.577171325683594 128 128 128
1.7910394668579102 -0.2825984060764313 6.730884552001953 128 128 128
1.8391462564468384 -0.2811489403247833 6.70911169052124 128 128 128
0.8518258333206177 -0.17818446457386017 6.310530185699463 128 128 128
1.096442699432373 -0.19771017134189606 6.514948844909668 128 128 128
1.1314140558242798 -0.19614924490451813 6.413549900054932 128 128 128
1.4816246032714844 -0.21321140229701996 6.5652360916137695 128 128 128
1.5420904159545898 -0.21734115481376648 6.58924674987793 128 128 128
1.599534034729004 -0.21810638904571533 6.6071648597717285 128 128 128
1.7745745182037354 -0.22557522356510162 6.650874137878418 128 128 128
1.8547451496124268 -0.2296486794948578 6.74501895904541 128 128 128
2.0140562057495117 -0.23194162547588348 6.724621295928955 128 128 128
2.3059427738189697 -0.2444334179162979 6.937233924865723 128 128 128
2.3077664375305176 -0.2389785647392273 6.776927471160889 128 128 128
2.938551425933838 -0.27615708112716675 7.6989898681640625 128 128 128
2.983013391494751 -0.2735677659511566 7.653079509735107 128 128 128
3.013197422027588 -0.272216260433197 7.5697855949401855 128 128 128
0.3875761330127716 -0.0934244692325592 6.4207072257995605 128 128 128
1.1763635873794556 -0.14827978610992432 6.642065525054932 128 128 128
1.8748183250427246 -0.18150024116039276 7.005051136016846 128 128 128
1.9378013610839844 -0.18177518248558044 7.029263496398926 128 128 128
2.329763650894165 -0.19239573180675507 6.989954948425293 128 128 128
2.4101572036743164 -0.19291777908802032 7.061291694641113 128 128 128
2.4655795097351074 -0.19473817944526672 7.052389621734619 128 128 128
2.50480318069458 -0.1921517550945282 7.003590106964111 128 128 128
2.8834540843963623 -0.21621054410934448 7.702883720397949 128 128 128
2.9291586875915527 -0.2144598364830017 7.658970832824707 128 128 128
3.031031370162964 -0.21568164229393005 7.76186990737915 128 128 128
3.044250965118408 -0.2151423692703247 7.632234573364258 128 128 128
2.466660499572754 -0.14067229628562927 7.208652496337891 128 128 128
0.8654735684394836 -0.016055941581726074 6.743887424468994 128 128 128
2.232008457183838 -0.08035590499639511 7.388128280639648 128 128 128
2.264965057373047 -0.07826787978410721 7.304387092590332 128 128 128
1.224984049797058 0.013174102641642094 6.5371832847595215 128 128 128
1.843446969985962 -0.010560384951531887 6.832671642303467 128 128 128
1.878893256187439 -0.011708240956068039 6.759814739227295 128 128 128
1.2333744764328003 0.07021071761846542 6.568700313568115 128 128 128
1.5168628692626953 0.0590875968337059 6.859141826629639 128 128 128
1.55715012550354 0.058750931173563004 6.796828269958496 128 128 128
1.8313196897506714 0.04595924913883209 6.9758172035217285 128 128 128
1.885343074798584 0.04571668058633804 6.968134880065918 128 128 128
2.2543818950653076 0.0341900959610939 7.045777320861816 128 128 128
2.779803991317749 0.033175431191921234 7.7041778564453125 128 128 128
2.8185977935791016 0.03033979795873165 7.63607931137085 128 128 128
2.839531421661377 0.02927113138139248 7.526469707489014 128 128 128
1.2667417526245117 0.12392833828926086 6.708479881286621 128 128 128
1.465269684791565 0.11802630126476288 6.859286785125732 128 128 128
1.503423810005188 0.11458726972341537 6.7786149978637695 128 128 128
1.7389882802963257 0.11034426093101501 7.0504584312438965 128 128 128
1.7689694166183472 0.10554682463407516 6.938958168029785 128 128 128
1.8709746599197388 0.11048731207847595 7.120438098907471 128 128 128
2.312032699584961 0.09463657438755035 7.2113213539123535 128 128 128
2.760368824005127 0.09858096390962601 7.812880992889404 128 128 128
2.8501808643341064 0.09696753323078156 7.712874412536621 128 128 128
1.1757380962371826 0.1929827630519867 6.817032337188721 128 128 128
1.519958257675171 0.18126431107521057 7.093613624572754 128 128 128
1.8986693620681763 0.16631491482257843 7.195170879364014 128 128 128
1.943148136138916 0.16549727320671082 7.147615909576416 128 128 128
2.2920823097229004 0.1582292914390564 7.321462631225586 128 128 128
2.7075748443603516 0.1710362285375595 8.022110939025879 128 128 128
2.769862413406372 0.16920971870422363 8.01193904876709 128 128 128
1.5112695693969727 0.25047820806503296 7.310983657836914 128 128 128
1.559429407119751 0.2486662119626999 7.264355659484863 128 128 128
1.847477674484253 0.2277766466140747 7.20549201965332 128 128 128
2.1665635108947754 0.22700801491737366 7.48804235458374 128 128 128
2.2361037731170654 0.22715845704078674 7.518006324768066 128 128 128
1.8050894737243652 0.3058384358882904 7.504343509674072 128 128 128
1.8601421117782593 0.302694171667099 7.4791646003723145 128 128 128
1.9254857301712036 0.3025680184364319 7.498635292053223 128 128 128
2.2449114322662354 0.2993135452270508 7.741687774658203 128 128 128
2.2749111652374268 0.29267555475234985 7.629188060760498 128 128 128
3.296354293823242 0.29757049679756165 8.310070037841797 128 128 128
3.291182041168213 0.287697970867157 8.126313209533691 128 128 128
2.250788450241089 0.3613114356994629 7.739595890045166 128 128 128
2.5920772552490234 0.35281357169151306 7.808513164520264 128 128 128
3.3319153785705566 0.377448171377182 8.560843467712402 128 128 128
0.24268701672554016 -0.612819254398346 1.5472441911697388 128 128 128
0.2722542881965637 -0.5777652263641357 1.4901050329208374 128 128 128
0.34263932704925537 -0.5683754682540894 1.4665887355804443 128 128 128
0.09833065420389175 -0.5800978541374207 1.5664948225021362 128 128 128
0.2389228343963623 -0.566265881061554 1.5278041362762451 128 128 128
0.2775043845176697 -0.5640650391578674 1.5211495161056519 128 128 128
0.3186835050582886 -0.5681167840957642 1.5322641134262085 128 128 128
0.38225722312927246 -0.5655767917633057 1.5260895490646362 128 128 128
0.37425321340560913 -0.5411643981933594 1.4941771030426025 128 128 128
0.40625134110450745 -0.53191739320755 1.469025731086731 128 128 128
0.10053995251655579 -0.5663080811500549 1.6022528409957886 128 128 128
0.16933156549930573 -0.5711410045623779 1.6162312030792236 128 128 128
0.1742342710494995 -0.5309173464775085 1.5390961170196533 128 128 128
0.24834401905536652 -0.5198005437850952 1.5047434568405151 128 128 128
0.3140333294868469 -0.5213761925697327 1.5088112354278564 128 128 128
0.38031014800071716 -0.5234333872795105 1.5153926610946655 128 128 128
0.4122697114944458 -0.5150451064109802 1.4919185638427734 128 128 128
0.4477689266204834 -0.511981725692749 1.4839035272598267 128 128 128
0.43614059686660767 -0.485984742641449 1.443804383277893 128 128 128
0.06057232990860939 -0.5415186882019043 1.65330171585083 128 128 128
0.13912825286388397 -0.5210474133491516 1.5892475843429565 128 128 128
0.3862251341342926 -0.4897218644618988 1.490970253944397 128 128 128
0.04462597519159317 -0.5116651058197021 1.6052296161651611 128 128 128
0.058524783700704575 -0.5076614618301392 1.5903161764144897 128 128 128
0.1247013583779335 -0.5038654804229736 1.57772958278656 128 128 128
0.31696516275405884 -0.4898962080478668 1.530930757522583 128 128 128
0.3901263475418091 -0.4823371469974518 1.507265567779541 128 128 128
0.5285288095474243 -0.4672764241695404 1.4640424251556396 128 128 128
0.17324693500995636 -0.5141484141349792 1.6516084671020508 128 128 128
0.21276754140853882 -0.5086437463760376 1.6338183879852295 128 128 128
0.047570064663887024 -0.5102875828742981 1.6888611316680908 128 128 128
0.20976845920085907 -0.4874160885810852 1.6087276935577393 128 128 128
0.38620084524154663 -0.46851930022239685 1.5455820560455322 128 128 128
0.5293626189231873 -0.46580246090888977 1.5398602485656738 128 128 128
0.01910959929227829 -0.5214007496833801 1.7786831855773926 128 128 128
0.40739646553993225 -0.4353449046611786 1.4776198863983154 128 128 128
0.513815701007843 -0.4389512836933136 1.4929579496383667 128 128 128
0.2521827816963196 -0.462727814912796 1.616406798362732 128 128 128
0.29178184270858765 -0.4602964222431183 1.6077890396118164 128 128 128
0.5570077300071716 -0.4410448968410492 1.5449541807174683 128 128 128
0.5999268889427185 -0.44356241822242737 1.5550296306610107 128 128 128
0.046467144042253494 -0.46080532670021057 1.6662609577178955 128 128 128
0.21427197754383087 -0.4294857680797577 1.547743320465088 128 128 128
0.31066134572029114 -0.4168698191642761 1.4999852180480957 128 128 128
0.3917032480239868 -0.42096754908561707 1.5150375366210938 128 128 128
0.12916292250156403 -0.42684468626976013 1.6416791677474976 128 128 128
0.21327470242977142 -0.4280772805213928 1.6433995962142944 128 128 128
0.2888340353965759 -0.4151071310043335 1.589715600013733 128 128 128
0.38442787528038025 -0.40128880739212036 1.537057638168335 128 128 128
0.4351330101490021 -0.4128977656364441 1.5829203128814697 128 128 128
0.08739439398050308 -0.41087397933006287 1.6331658363342285 128 128 128
0.04669935256242752 -0.396373987197876 1.6946536302566528 128 128 128
0.09116098284721375 -0.40068140625953674 1.7084157466888428 128 128 128
0.13190650939941406 -0.3944297730922699 1.6826874017715454 128 128 128
0.1765345185995102 -0.36790940165519714 1.5651981830596924 128 128 128
0.21380369365215302 -0.36346080899238586 1.544472575187683 128 128 128
0.25266897678375244 -0.3627685606479645 1.5403417348861694 128 128 128
0.28509777784347534 -0.3705238997936249 1.5718220472335815 128 128 128
0.3271404504776001 -0.3729008138179779 1.5820683240890503 128 128 128
0.5874624252319336 -0.35771477222442627 1.5244147777557373 128 128 128
0.09370554238557816 -0.3828953206539154 1.7606334686279297 128 128 128
0.13540108501911163 -0.3758729100227356 1.7288514375686646 128 128 128
0.17544062435626984 -0.366782009601593 1.6813647747039795 128 128 128
0.2529976963996887 -0.35556623339653015 1.6261861324310303 128 128 128
0.2893955707550049 -0.3495810925960541 1.5981303453445435 128 128 128
0.3666885793209076 -0.34544944763183594 1.578437089920044 128 128 128
0.42636334896087646 -0.3386673629283905 1.5478689670562744 128 128 128
0.04713744670152664 -0.3590191602706909 1.7244902849197388 128 128 128
0.1789599061012268 -0.33276450634002686 1.5865488052368164 128 128 128
0.21668633818626404 -0.3293716311454773 1.5706403255462646 128 128 128
0.2773844599723816 -0.32252538204193115 1.534858226776123 128 128 128
0.35844987630844116 -0.32467523217201233 1.5428011417388916 128 128 128
0.40741658210754395 -0.311940997838974 1.4835331439971924 128 128 128
0.5708492994308472 -0.2852477431297302 1.4205266237258911 128 128 128
0.135834738612175 -0.3321869969367981 1.72714364528656 128 128 128
0.1767040491104126 -0.3269810974597931 1.6981332302093506 128 128 128
0.21975064277648926 -0.32678672671318054 1.6933153867721558 128 128 128
0.2576618790626526 -0.32071182131767273 1.6612669229507446 128 128 128
0.295091450214386 -0.31523025035858154 1.62892746925354 128 128 128
0.31963106989860535 -0.29979708790779114 1.550827980041504 128 128 128
0.4006880521774292 -0.31091779470443726 1.605918526649475 128 128 128
0.5344951152801514 -0.30123385787010193 1.5609936714172363 128 128 128
0.5652008056640625 -0.2827403247356415 1.4684680700302124 128 128 128
0.04719923436641693 -0.31488707661628723 1.723050594329834 128 128 128
0.08937303721904755 -0.3096027076244354 1.6901074647903442 128 128 128
0.13123886287212372 -0.3078758418560028 1.679253339767456 128 128 128
0.1780305653810501 -0.2915549874305725 1.5843535661697388 128 128 128
0.21853524446487427 -0.29178324341773987 1.58054518699646 128 128 128
0.27679458260536194 -0.28339287638664246 1.535125732421875 128 128 128
0.3915850818157196 -0.2979162931442261 1.6850336790084839 128 128 128
0.4090319871902466 -0.2901923358440399 1.6429593563079834 128 128 128
0.44069090485572815 -0.28346332907676697 1.6055136919021606 128 128 128
0.5224438905715942 -0.2902061641216278 1.6462444067001343 128 128 128
0.6071035861968994 -0.27663305401802063 1.5761529207229614 128 128 128
0.1353471726179123 -0.2872059941291809 1.720049500465393 128 128 128
0.2196466475725174 -0.26665088534355164 1.5924335718154907 128 128 128
0.2817636728286743 -0.26199474930763245 1.5605591535568237 128 128 128
0.360527366399765 -0.26149871945381165 1.5545685291290283 128 128 128
0.060500115156173706 -0.26265886425971985 1.6611137390136719 128 128 128
0.10071860253810883 -0.25937989354133606 1.645877480506897 128 128 128
0.22123272716999054 -0.25715529918670654 1.7096139192581177 128 128 128
0.42488086223602295 -0.23436054587364197 1.5495940446853638 128 128 128
0.4888133406639099 -0.2460649460554123 1.627962589263916 128 128 128
0.5232204794883728 -0.23013736307621002 1.5269545316696167 128 128 128
0.021023117005825043 -0.2711382210254669 1.9290714263916016 128 128 128
0.12884394824504852 -0.25981777906417847 1.8413728475570679 128 128 128
0.13788598775863647 -0.24824298918247223 1.7581707239151 128 128 128
0.17100629210472107 -0.2330171912908554 1.6448557376861572 128 128 128
0.25198662281036377 -0.23139193654060364 1.6254569292068481 128 128 128
0.32151713967323303 -0.2227240949869156 1.5609991550445557 128 128 128
0.34527862071990967 -0.21293127536773682 1.4908093214035034 128 128 128
0.5007118582725525 -0.2238350659608841 1.6666693687438965 128 128 128
0.3030036985874176 -0.21099647879600525 1.6774930953979492 128 128 128
0.3331725299358368 -0.20353256165981293 1.617246150970459 128 128 128
0.4212576448917389 -0.19353225827217102 1.5361824035644531 128 128 128
0.43299874663352966 -0.18162697553634644 1.4430404901504517 128 128 128
0.5131575465202332 -0.18781216442584991 1.497895359992981 128 128 128
0.09675473719835281 -0.21020789444446564 1.8211729526519775 128 128 128
0.21973425149917603 -0.19766002893447876 1.703889012336731 128 128 128
0.2554546296596527 -0.18284451961517334 1.5644268989562988 128 128 128
0.294676810503006 -0.19118569791316986 1.6383095979690552 128 128 128
0.2810216546058655 -0.1744323968887329 1.4865953922271729 128 128 128
0.6434949040412903 -0.20461182296276093 1.7515755891799927 128 128 128
0.047535233199596405 -0.1827610582113266 1.7206615209579468 128 128 128
0.05969496816396713 -0.17556749284267426 1.6430734395980835 128 128 128
0.39179152250289917 -0.1846083700656891 1.6940438747406006 128 128 128
0.4258837401866913 -0.18699930608272552 1.7116429805755615 128 128 128
0.4332271218299866 -0.17244818806648254 1.5802065134048462 128 128 128
0.5896978974342346 -0.17380334436893463 1.604698657989502 128 128 128
0.18426133692264557 -0.17576083540916443 1.772965908050537 128 128 128
0.22349153459072113 -0.17214293777942657 1.7249115705490112 128 128 128
0.2961428463459015 -0.1641554981470108 1.6475070714950562 128 128 128
0.32547011971473694 -0.15862682461738586 1.5843837261199951 128 128 128
0.3533353805541992 -0.1535559594631195 1.5295277833938599 128 128 128
0.4016110301017761 -0.1474994570016861 1.4638781547546387 128 128 128
0.4712192714214325 -0.15803267061710358 1.5712378025054932 128 128 128
0.03711798042058945 -0.1709342747926712 1.9128684997558594 128 128 128
0.06479424983263016 -0.159870445728302 1.7711763381958008 128 128 128
0.09602586925029755 -0.1622825264930725 1.802677035331726 128 128 128
0.10664750635623932 -0.15589436888694763 1.7242670059204102 128 128 128
0.21779026091098785 -0.14399808645248413 1.5801267623901367 128 128 128
0.6184576153755188 -0.15463051199913025 1.6861225366592407 128 128 128
0.4238160252571106 -0.1430422067642212 1.705540418624878 128 128 128
0.4614922106266022 -0.14121659100055695 1.6858036518096924 128 128 128
0.03815078362822533 -0.14127598702907562 1.9441803693771362 128 128 128
0.22353145480155945 -0.12745337188243866 1.730639934539795 128 128 128
0.22770950198173523 -0.1224055290222168 1.6523818969726562 128 128 128
0.2696041464805603 -0.12968504428863525 1.7408666610717773 128 128 128
0.2661310136318207 -0.1214432567358017 1.6299805641174316 128 128 128
0.29223862290382385 -0.1205584779381752 1.6256163120269775 128 128 128
0.03641334921121597 -0.11880552023649216 1.8630985021591187 128 128 128
0.04936360940337181 -0.11290516704320908 1.7546576261520386 128 128 128
0.06414477527141571 -0.11311652511358261 1.7523620128631592 128 128 128
0.09492000192403793 -0.11459603905677795 1.7790348529815674 128 128 128
0.13398776948451996 -0.11008339375257492 1.7046539783477783 128 128 128
0.5584102869033813 -0.10866093635559082 1.634559154510498 128 128 128
0.5834510922431946 -0.108500175178051 1.6296899318695068 128 128 128
0.6108443737030029 -0.1053665280342102 1.592153549194336 128 128 128
0.3382490575313568 -0.09494366496801376 1.6477187871932983 128 128 128
0.38105130195617676 -0.0958055704832077 1.6507995128631592 128 128 128
0.18911567330360413 -0.08686057478189468 1.8190680742263794 128 128 128
0.22895103693008423 -0.08543875068426132 1.770036220550537 128 128 128
0.22504371404647827 -0.07970071583986282 1.6304993629455566 128 128 128
0.26226961612701416 -0.0824631005525589 1.6954121589660645 128 128 128
0.2545197606086731 -0.07554592192173004 1.5621888637542725 128 128 128
0.5377572774887085 -0.09850987792015076 1.962733507156372 128 128 128
0.03797098249197006 -0.07442823797464371 1.9014774560928345 128 128 128
0.05216806381940842 -0.07225281000137329 1.8344616889953613 128 128 128
0.06403158605098724 -0.06798406690359116 1.742199182510376 128 128 128
0.4242892861366272 -0.07056906074285507 1.7129881381988525 128 128 128
0.48519569635391235 -0.07356970012187958 1.7762086391448975 128 128 128
0.5299674868583679 -0.06938988715410233 1.6759613752365112 128 128 128
0.19012074172496796 -0.04100417718291283 1.8238588571548462 128 128 128
0.582873523235321 -0.04361116513609886 1.7940106391906738 128 128 128
0.03898053988814354 -0.02672765590250492 1.9321317672729492 128 128 128
0.0525185689330101 -0.02612658217549324 1.8327770233154297 128 128 128
0.06446966528892517 -0.024746747687458992 1.7393003702163696 128 128 128
0.44765162467956543 -0.029017584398388863 1.805393099784851 128 128 128
0.4243975877761841 -0.024888312444090843 1.5542083978652954 128 128 128
0.4379957616329193 -0.023787714540958405 1.466505765914917 128 128 128
0.27670109272003174 -0.012111394666135311 1.7837142944335938 128 128 128
0.19861866533756256 0.004514680244028568 1.899394154548645 128 128 128
0.38520652055740356 0.01878719963133335 1.8723338842391968 128 128 128
0.3368736803531647 0.014738935977220535 1.572048306465149 128 128 128
0.3980700969696045 0.016422666609287262 1.7226217985153198 128 128 128
0.2735876142978668 0.031090687960386276 1.6712192296981812 128 128 128
0.18791374564170837 0.04919557645916939 1.7932751178741455 128 128 128
0.18640123307704926 0.04223214089870453 1.5324689149856567 128 128 128
0.45746520161628723 0.04774516448378563 1.8441109657287598 128 128 128
0.025726724416017532 0.07804502546787262 2.1131033897399902 128 128 128
0.3454333543777466 0.06782375276088715 1.9116876125335693 128 128 128
0.4722815155982971 0.0947008952498436 1.8406286239624023 128 128 128
0.28760218620300293 0.10552237182855606 1.7547485828399658 128 128 128
0.255139023065567 0.13420070707798004 1.9599412679672241 128 128 128
0.4385756254196167 0.10000564903020859 1.4718687534332275 128 128 128
0.3090462386608124 0.12485028058290482 1.6349979639053345 128 128 128
0.14489366114139557 -0.310921311378479 0.8209435939788818 128 128 128
0.06319387257099152 -0.321696400642395 0.867698073387146 128 128 128
0.20896589756011963 -0.30150511860847473 0.8551928400993347 128 128 128
0.07819955796003342 -0.29535984992980957 0.8767991662025452 128 128 128
0.10829168558120728 -0.2925904393196106 0.86812424659729 128 128 128
0.2085627168416977 -0.28732073307037354 0.8557027578353882 128 128 128
0.10624880343675613 -0.2739851474761963 0.855935275554657 128 128 128
0.19198474287986755 -0.2698923349380493 0.845859706401825 128 128 128
0.22274081408977509 -0.2719813287258148 0.8537350296974182 128 128 128
0.09348095953464508 -0.26526474952697754 0.8745699524879456 128 128 128
0.11876563727855682 -0.2555650472640991 0.8431369066238403 128 128 128
0.22097326815128326 -0.2561737298965454 0.8488011360168457 128 128 128
0.15621787309646606 -0.26296067237854004 0.8931271433830261 128 128 128
0.10588535666465759 -0.24491822719573975 0.8552553057670593 128 128 128
0.11848019063472748 -0.24085618555545807 0.8413782715797424 128 128 128
0.19534438848495483 -0.24658970534801483 0.8639459013938904 128 128 128
0.20746569335460663 -0.24250604212284088 0.8507997989654541 128 128 128
0.09633689373731613 -0.2511322796344757 0.9033503532409668 128 128 128
0.17269879579544067 -0.24874278903007507 0.8967923521995544 128 128 128
0.10486102104187012 -0.21490074694156647 0.850809633731842 128 128 128
0.2069793939590454 -0.22259987890720367 0.9153796434402466 128 128 128
0.14539901912212372 -0.19609291851520538 0.8329384326934814 128 128 128
0.1745622605085373 -0.19670918583869934 0.8368821740150452 128 128 128
0.14208032190799713 -0.17823830246925354 0.8155098557472229 128 128 128
0.15790626406669617 -0.1796952784061432 0.8229292035102844 128 128 128
0.10869430750608444 -0.18644008040428162 0.8863599300384521 128 128 128
0.12380588799715042 -0.18604055047035217 0.8844084143638611 128 128 128
0.139745831489563 -0.1872064471244812 0.8904034495353699 128 128 128
0.20204317569732666 -0.1874966323375702 0.8951871991157532 128 128 128
0.31951332092285156 -0.18086116015911102 0.8682074546813965 128 128 128
0.14844006299972534 -0.16455574333667755 0.851394772529602 128 128 128
0.20098771154880524 -0.17130687832832336 0.889914333820343 128 128 128
0.317544549703598 -0.16526952385902405 0.8632262349128723 128 128 128
0.07361220568418503 -0.1553771048784256 0.841870129108429 128 128 128
0.19909866154193878 -0.15495635569095612 0.8823312520980835 128 128 128
0.2247978001832962 -0.16291603446006775 0.9284029006958008 128 128 128
0.09009493887424469 -0.13698315620422363 0.8583834767341614 128 128 128
0.13891567289829254 -0.14125670492649078 0.884306013584137 128 128 128
0.2015412449836731 -0.14191436767578125 0.893987238407135 128 128 128
0.2199336588382721 -0.13461236655712128 0.8499372005462646 128 128 128
0.11958145350217819 -0.12284038215875626 0.8603359460830688 128 128 128
0.12960118055343628 -0.11837317794561386 0.8289618492126465 128 128 128
0.14547619223594666 -0.11969876289367676 0.8388786315917969 128 128 128
0.2120109647512436 -0.12441573292016983 0.8774954080581665 128 128 128
0.09242412447929382 -0.12120650708675385 0.9677068591117859 128 128 128
0.14420807361602783 -0.10474793612957001 0.832468569278717 128 128 128
0.17966602742671967 -0.10827004909515381 0.8639479279518127 128 128 128
0.2826003134250641 -0.11122062057256699 0.8926805853843689 128 128 128
0.13522715866565704 -0.0944913774728775 0.8663012385368347 128 128 128
0.1616453379392624 -0.09210414439439774 0.8470816612243652 128 128 128
0.2174423336982727 -0.08787522464990616 0.8160149455070496 128 128 128
0.21396830677986145 -0.08076409995555878 0.887205183506012 128 128 128
0.09781637787818909 -0.06047104299068451 0.8044338822364807 128 128 128
0.14705555140972137 -0.05789608135819435 0.7721092700958252 128 128 128
0.26764318346977234 -0.06465532630681992 0.9775258302688599 128 128 128
0.09314803034067154 -0.05153844878077507 0.8936660289764404 128 128 128
0.11357645690441132 -0.0478181466460228 0.8211758136749268 128 128 128
0.134978786110878 -0.05070550739765167 0.8694403767585754 128 128 128
0.26113268733024597 -0.0474650114774704 0.9549110531806946 128 128 128
0.27768459916114807 -0.04430290684103966 0.8805902004241943 128 128 128
0.08587823808193207 -0.043585583567619324 1.0886503458023071 128 128 128
0.1053089126944542 -0.03577520698308945 0.8668699264526367 128 128 128
0.11269006133079529 -0.0337265208363533 0.8140044808387756 128 128 128
0.09311886876821518 -0.02284117415547371 0.9696648716926575 128 128 128
0.11094395071268082 -0.01941896416246891 0.8027610778808594 128 128 128
0.11708496510982513 -0.01844339445233345 0.7548894286155701 128 128 128
0.2851119637489319 -0.014705114997923374 0.8581803441047668 128 128 128
0.11416882276535034 -0.008397283963859081 1.1854472160339355 128 128 128
0.01217539794743061 0.002621800173074007 1.0050326585769653 128 128 128
0.2341701090335846 0.000519627530593425 1.1371434926986694 128 128 128
0.11131766438484192 0.010889197699725628 1.1544784307479858 128 128 128
1.5970767736434937 0.08801626414060593 9.752152442932129 128 128 128
0.19486622512340546 0.01626788266003132 0.9455232620239258 128 128 128
0.20356570184230804 0.014927010983228683 0.9121096134185791 128 128 128
0.26168110966682434 0.018060756847262383 1.0908915996551514 128 128 128
0.15615805983543396 0.031166160479187965 0.9071759581565857 128 128 128
0.1922970563173294 0.03217935189604759 0.9341947436332703 128 128 128
0.2213578224182129 0.030617231503129005 0.921446681022644 128 128 128
0.254709392786026 0.033478282392024994 0.9920720458030701 128 128 128
0.1612047255039215 0.04367925599217415 0.8526472449302673 128 128 128
0.25759559869766235 0.0503271147608757 1.0019094944000244 128 128 128
0.25076717138290405 0.0485542006790638 0.8374964594841003 128 128 128
0.2512238621711731 0.06259091198444366 0.8381113409996033 128 128 128
0.06798530369997025 -0.38355115056037903 1.0524702072143555 128 128 128
0.09020692110061646 -0.3647692799568176 0.99764484167099 128 128 128
0.20595628023147583 -0.33077701926231384 0.9127345681190491 128 128 128
0.21763405203819275 -0.32204145193099976 0.8884739279747009 128 128 128
0.04445316269993782 -0.39760905504226685 1.1510652303695679 128 128 128
0.06900809705257416 -0.37195149064064026 1.07244873046875 128 128 128
0.09079290181398392 -0.3503211736679077 1.005983829498291 128 128 128
0.10629922896623611 -0.3188141882419586 0.911355197429657 128 128 128
0.04611657187342644 -0.38911283016204834 1.185840368270874 128 128 128
0.18535831570625305 -0.27023056149482727 0.8219566941261292 128 128 128
0.3609693944454193 -0.3135554790496826 0.9677004218101501 128 128 128
0.09820691496133804 -0.3392432630062103 1.0799070596694946 128 128 128
0.11304458230733871 -0.30624473094940186 0.9719521403312683 128 128 128
0.17649902403354645 -0.2666684091091156 0.8566552996635437 128 128 128
0.18615871667861938 -0.2584833800792694 0.8292621374130249 128 128 128
0.2351352721452713 -0.26343855261802673 0.8699710965156555 128 128 128
0.055911656469106674 -0.33051347732543945 1.1583564281463623 128 128 128
0.06149312108755112 -0.3099344074726105 1.0846227407455444 128 128 128
0.15633253753185272 -0.2844236493110657 0.9738491177558899 128 128 128
0.177803635597229 -0.2545928657054901 0.8653727173805237 128 128 128
0.11993034929037094 -0.2879543900489807 1.0250242948532104 128 128 128
0.22454267740249634 -0.25627511739730835 0.8951019048690796 128 128 128
0.06450306624174118 -0.302951455116272 1.1286500692367554 128 128 128
0.08672267943620682 -0.3148404359817505 1.168208360671997 128 128 128
0.16118429601192474 -0.276119589805603 1.0048996210098267 128 128 128
0.17775648832321167 -0.2748727798461914 0.9954577088356018 128 128 128
0.17127640545368195 -0.2530018389225006 0.9156465530395508 128 128 128
0.1794145703315735 -0.24265675246715546 0.8759872913360596 128 128 128
0.12132874131202698 -0.2547146677970886 0.9642536044120789 128 128 128
0.1319611519575119 -0.27625876665115356 1.1204971075057983 128 128 128
0.09096670150756836 -0.2557680904865265 1.0857385396957397 128 128 128
0.1632142961025238 -0.21139678359031677 0.8739098310470581 128 128 128
0.03556886687874794 -0.31248271465301514 1.3867573738098145 128 128 128
0.13922831416130066 -0.2700542211532593 1.1810091733932495 128 128 128
0.09799280017614365 -0.2806263566017151 1.2838672399520874 128 128 128
0.09964398294687271 -0.2575682997703552 1.1752209663391113 128 128 128
0.18990465998649597 -0.16670601069927216 0.7617859244346619 128 128 128
0.170584037899971 -0.20717203617095947 1.003544569015503 128 128 128
0.049440935254096985 -0.2673932909965515 1.3884536027908325 128 128 128
0.1357101947069168 -0.2381497174501419 1.219789981842041 128 128 128
0.22045934200286865 -0.15604159235954285 0.7766220569610596 128 128 128
0.19751790165901184 -0.2193814069032669 1.1573286056518555 128 128 128
0.230017751455307 -0.19737094640731812 1.0789310932159424 128 128 128
0.2626417279243469 -0.20968936383724213 1.1398760080337524 128 128 128
0.21976791322231293 -0.16379250586032867 0.8870877623558044 128 128 128
0.2154819369316101 -0.14953996241092682 0.80925053358078 128 128 128
0.11793944984674454 -0.22991853952407837 1.3523167371749878 128 128 128
0.22651433944702148 -0.20805759727954865 1.2048932313919067 128 128 128
0.1888071596622467 -0.16685466468334198 0.9603816270828247 128 128 128
0.17211855947971344 -0.21649032831192017 1.327850341796875 128 128 128
0.12283030897378922 -0.21528592705726624 1.3984187841415405 128 128 128
0.22553250193595886 -0.20489601790905 1.3108586072921753 128 128 128
0.24893797934055328 -0.2064422070980072 1.3179525136947632 128 128 128
0.16963763535022736 -0.1921728402376175 1.303048014640808 128 128 128
0.3331162929534912 -0.21627920866012573 1.4402679204940796 128 128 128
0.1267319917678833 -0.19919799268245697 1.436237096786499 128 128 128
0.20018760859966278 -0.1805148720741272 1.2864055633544922 128 128 128
0.24230559170246124 -0.19714714586734772 1.4045308828353882 128 128 128
0.22177265584468842 -0.19970183074474335 1.5063230991363525 128 128 128
0.2401105910539627 -0.1735859215259552 1.3915590047836304 128 128 128
0.2986166179180145 -0.19797204434871674 1.578214406967163 128 128 128
0.12533479928970337 -0.13840247690677643 1.2933804988861084 128 128 128
0.2709793746471405 -0.1081550270318985 0.9942994117736816 128 128 128
0.21238470077514648 -0.07741998136043549 0.8375793099403381 128 128 128
0.19219139218330383 -0.091929130256176 1.1860798597335815 128 128 128
0.2647304832935333 -0.07313410192728043 0.9749875068664551 128 128 128
0.07952013611793518 -0.09864342212677002 1.4694567918777466 128 128 128
0.16058646142482758 -0.09206092357635498 1.334368109703064 128 128 128
0.2012273371219635 -0.101213239133358 1.4681172370910645 128 128 128
0.10753057152032852 -0.08076747506856918 1.3607177734375 128 128 128
0.22000910341739655 -0.055433955043554306 0.9335171580314636 128 128 128
0.2207837849855423 -0.040539417415857315 0.8161253929138184 128 128 128
0.20229141414165497 -0.03562701866030693 1.0058857202529907 128 128 128
0.0410696305334568 -0.04067888855934143 1.4909110069274902 128 128 128
0.05241433531045914 -0.03961842134594917 1.4570904970169067 128 128 128
0.162668839097023 -0.032237522304058075 1.1380155086517334 128 128 128
0.23600895702838898 -0.02333769015967846 0.9367926716804504 128 128 128
0.05869022756814957 -0.02577344886958599 1.336377501487732 128 128 128
0.15742236375808716 -0.01324498187750578 1.1098662614822388 128 128 128
0.20685061812400818 -0.009054324589669704 0.9542219042778015 128 128 128
0.21727895736694336 -0.008122815750539303 0.9289747476577759 128 128 128
0.2893216013908386 -0.00715159485116601 0.8680412173271179 128 128 128
0.12591613829135895 -0.005167038179934025 1.255621075630188 128 128 128
0.2246517688035965 0.000747396785300225 0.8340435028076172 128 128 128
0.024968871846795082 0.006758670322597027 1.4076309204101562 128 128 128
0.2004833221435547 0.006736752111464739 0.9301953315734863 128 128 128
0.21592319011688232 0.007466265000402927 0.927708625793457 128 128 128
0.1205023005604744 0.015208632685244083 1.2099995613098145 128 128 128
0.18904003500938416 0.02229437045753002 0.9551736116409302 128 128 128
0.1665973663330078 0.030838944017887115 1.015164852142334 128 128 128
0.18542242050170898 0.031890805810689926 1.0241234302520752 128 128 128
0.2030453234910965 0.038865163922309875 0.9469596743583679 128 128 128
0.16884183883666992 0.05298193544149399 0.9370865225791931 128 128 128
0.16625328361988068 -0.27861902117729187 0.720380961894989 128 128 128
0.14268270134925842 -0.3325619697570801 0.9209812879562378 128 128 128
0.17027442157268524 -0.3260054588317871 0.9020710587501526 128 128 128
0.19739127159118652 -0.32075604796409607 0.8873936533927917 128 128 128
0.07914452254772186 -0.3440427780151367 1.0007764101028442 128 128 128
0.12989148497581482 -0.3235798180103302 0.9393836855888367 128 128 128
0.1458742916584015 -0.32397571206092834 0.9408160448074341 128 128 128
0.029190335422754288 -0.33195751905441284 1.0138448476791382 128 128 128
0.0528058297932148 -0.3199763298034668 0.9777567386627197 128 128 128
0.09918282926082611 -0.31053048372268677 0.9479602575302124 128 128 128
0.08356834948062897 -0.2956662178039551 0.9518563747406006 128 128 128
0.10272105038166046 -0.3048495948314667 0.9829795956611633 128 128 128
0.10424477607011795 -0.28642213344573975 0.9218872785568237 128 128 128
0.11600330471992493 -0.27750104665756226 0.8920835852622986 128 128 128
0.02911515347659588 -0.29636478424072266 1.0095839500427246 128 128 128
0.045924074947834015 -0.29507941007614136 1.0047550201416016 128 128 128
0.08573051542043686 -0.28663063049316406 0.9766286015510559 128 128 128
0.11662570387125015 -0.281719833612442 0.9605252742767334 128 128 128
0.13379472494125366 -0.2677420973777771 0.9115726351737976 128 128 128
0.04754570871591568 -0.28766921162605286 1.039710283279419 128 128 128
0.052921112626791 -0.2706303298473358 0.9759010076522827 128 128 128
0.08399604260921478 -0.26448047161102295 0.956358790397644 128 128 128
0.10285565257072449 -0.2723153829574585 0.9813982248306274 128 128 128
0.04800993576645851 -0.2726517915725708 1.0484825372695923 128 128 128
0.04730831831693649 -0.25143030285835266 1.0323398113250732 128 128 128
0.0878191888332367 -0.24329273402690887 0.9984042644500732 128 128 128
0.11855143308639526 -0.2219560444355011 0.9112932682037354 128 128 128
0.14716817438602448 -0.21916373074054718 0.898462176322937 128 128 128
0.1628456562757492 -0.2124747931957245 0.9014945030212402 128 128 128
0.18698997795581818 -0.22268211841583252 0.9467208981513977 128 128 128
0.18855494260787964 -0.20675967633724213 0.8795580863952637 128 128 128
0.19799530506134033 -0.2014571875333786 0.8563109040260315 128 128 128
0.05291345342993736 -0.22068467736244202 0.9747684001922607 128 128 128
0.07093390077352524 -0.22584527730941772 0.9971955418586731 128 128 128
0.08791494369506836 -0.22610217332839966 0.9990575909614563 128 128 128
0.10691985487937927 -0.2309209406375885 1.0197831392288208 128 128 128
0.21890147030353546 -0.12979626655578613 0.5716301798820496 128 128 128
0.1954546421766281 -0.19866938889026642 0.9114075899124146 128 128 128
0.20669490098953247 -0.19528958201408386 0.8939169049263 128 128 128
0.05517451465129852 -0.21335797011852264 1.0165386199951172 128 128 128
0.20643295347690582 -0.14578258991241455 0.6920679807662964 128 128 128
0.30188632011413574 -0.16942115128040314 0.8054013252258301 128 128 128
0.20116978883743286 -0.18949063122272491 0.9387244582176208 128 128 128
0.21055689454078674 -0.18385154008865356 0.9108937382698059 128 128 128
0.2297735959291458 -0.18675951659679413 0.9262195229530334 128 128 128
0.3075028359889984 -0.15866456925868988 0.8201320767402649 128 128 128
0.15524466335773468 -0.1749081313610077 0.9474292397499084 128 128 128
0.17371104657649994 -0.17748968303203583 0.9612753987312317 128 128 128
0.19041673839092255 -0.1781826764345169 0.9641201496124268 128 128 128
0.18727901577949524 -0.13795360922813416 0.7817015647888184 128 128 128
0.24372823536396027 -0.15293897688388824 0.8657782673835754 128 128 128
0.14254221320152283 -0.16360323131084442 0.9712352156639099 128 128 128
0.17045940458774567 -0.1586073935031891 0.9438095688819885 128 128 128
0.09046301245689392 -0.16482731699943542 1.0302067995071411 128 128 128
0.2717437446117401 -0.14563459157943726 0.9113453030586243 128 128 128
0.16206154227256775 -0.14990337193012238 0.990247368812561 128 128 128
0.17402267456054688 -0.1457398682832718 0.9637020230293274 128 128 128
0.25586819648742676 -0.13025523722171783 0.9101667404174805 128 128 128
0.16083590686321259 -0.13201022148132324 0.9824088215827942 128 128 128
0.17686791718006134 -0.13143903017044067 0.9791027307510376 128 128 128
0.2585982382297516 -0.1046440377831459 0.7791508436203003 128 128 128
0.11283966898918152 -0.12564273178577423 0.9972710013389587 128 128 128
0.19981759786605835 -0.10525685548782349 0.8348468542098999 128 128 128
0.06409907341003418 -0.11298909783363342 1.0291047096252441 128 128 128
0.07879388332366943 -0.10879425704479218 0.9938988089561462 128 128 128
0.09369399398565292 -0.10682389885187149 0.9752255082130432 128 128 128
0.11202745884656906 -0.10063754767179489 0.9934331774711609 128 128 128
0.14448758959770203 -0.09891818463802338 0.9835546016693115 128 128 128
0.18083053827285767 -0.08160263299942017 0.8806684017181396 128 128 128
0.22541527450084686 -0.06939397752285004 0.8265405893325806 128 128 128
0.24214714765548706 -0.0698150247335434 0.8344963192939758 128 128 128
0.12723086774349213 -0.06255698949098587 0.9236552119255066 128 128 128
0.14596892893314362 -0.06356394290924072 0.9428673982620239 128 128 128
0.21422497928142548 -0.05634503811597824 0.8379406332969666 128 128 128
0.22564147412776947 -0.05515817552804947 0.825603723526001 128 128 128
0.0801195576786995 -0.06028154492378235 1.0158354043960571 128 128 128
0.182595893740654 -0.0525965541601181 0.8905177116394043 128 128 128
0.04006342217326164 -0.054439399391412735 1.0797691345214844 128 128 128
0.11606785655021667 -0.047957196831703186 0.955635666847229 128 128 128
0.21431134641170502 -0.04206392914056778 0.8374950885772705 128 128 128
0.22235552966594696 -0.040991298854351044 0.8157864212989807 128 128 128
0.09874279052019119 -0.04296470433473587 1.0271730422973633 128 128 128
0.2232905924320221 -0.03227444738149643 0.7720708250999451 128 128 128
0.24034906923770905 -0.03272660821676254 0.7849653363227844 128 128 128
0.2528144419193268 -0.03236896172165871 0.7802324295043945 128 128 128
0.14927704632282257 -0.032064344733953476 0.9623844623565674 128 128 128
0.07949268072843552 -0.025840461254119873 1.0092445611953735 128 128 128
0.2445351630449295 -0.019731193780899048 0.797608494758606 128 128 128
0.2601263225078583 -0.019831541925668716 0.8037157654762268 128 128 128
0.0627351850271225 -0.009026750922203064 1.0154248476028442 128 128 128
0.1582319587469101 -0.007500556763261557 0.8807982802391052 128 128 128
0.11423717439174652 -0.00022943147632759064 0.9462475776672363 128 128 128
0.26566341519355774 0.000498697510920465 0.7799554467201233 128 128 128
0.10246313363313675 0.016333190724253654 0.9870896935462952 128 128 128
0.11476385593414307 0.01587558165192604 0.9503359794616699 128 128 128
0.18318049609661102 0.014530552551150322 0.8590443730354309 128 128 128
0.1799170970916748 0.028609860688447952 0.8425812721252441 128 128 128
0.1899053454399109 0.03495676815509796 0.8248743414878845 128 128 128
0.17214952409267426 0.04450184851884842 0.8744094967842102 128 128 128
0.2078121155500412 0.04990459978580475 0.8404869437217712 128 128 128
0.682727038860321 -2.060239553451538 5.323925971984863 128 128 128
0.5685819983482361 -1.9429144859313965 5.139087677001953 128 128 128
0.719836950302124 -2.2653627395629883 5.9854278564453125 128 128 128
0.7447456121444702 -2.196072816848755 5.801259517669678 128 128 128
0.7615328431129456 -2.098419189453125 5.5412421226501465 128 128 128
1.017471432685852 -1.70591139793396 4.5244951248168945 128 128 128
0.23782813549041748 -3.312898874282837 9.017070770263672 128 128 128
0.2663603723049164 -2.7835628986358643 7.56217098236084 128 128 128
0.32902660965919495 -2.8001670837402344 7.612237453460693 128 128 128
0.36225298047065735 -2.568211793899536 6.972160339355469 128 128 128
0.5258750319480896 -1.3350499868392944 3.6048524379730225 128 128 128
0.7045888304710388 -1.369725227355957 3.70491623878479 128 128 128
0.7413555383682251 -1.3729948997497559 3.7191824913024902 128 128 128
0.7669798135757446 -1.3598393201828003 3.686941623687744 128 128 128
0.9490779042243958 -1.394766926765442 3.7920265197753906 128 128 128
0.27445533871650696 -2.8118937015533447 7.826614856719971 128 128 128
0.3007529079914093 -2.477943181991577 6.889517307281494 128 128 128
0.3448948860168457 -2.3852384090423584 6.629001140594482 128 128 128
0.3831082284450531 -2.2864749431610107 6.35330867767334 128 128 128
0.42046234011650085 -2.2102158069610596 6.141252040863037 128 128 128
0.48367321491241455 -1.2766776084899902 3.5284008979797363 128 128 128
0.5060479640960693 -1.1766725778579712 3.2523751258850098 128 128 128
0.620471715927124 -1.1756677627563477 3.2564895153045654 128 128 128
0.668899655342102 -1.2164292335510254 3.368281126022339 128 128 128
0.8388708233833313 -1.244197130203247 3.464959144592285 128 128 128
0.9064971208572388 -1.300938606262207 3.6220171451568604 128 128 128
0.1171683669090271 -3.923537015914917 11.179328918457031 128 128 128
0.19549009203910828 -3.637708902359009 10.361677169799805 128 128 128
0.27423420548439026 -3.561319351196289 10.1502103805542 128 128 128
0.41868433356285095 -2.419159412384033 6.876002311706543 128 128 128
0.43506044149398804 -2.217993974685669 6.305950164794922 128 128 128
0.48707810044288635 -2.210777521133423 6.279764175415039 128 128 128
0.5186153650283813 -1.3365556001663208 3.7820003032684326 128 128 128
0.49170982837677 -1.1851199865341187 3.3531527519226074 128 128 128
0.5731215476989746 -1.0129235982894897 2.876305341720581 128 128 128
0.3361065089702606 -1.4900339841842651 4.339075088500977 128 128 128
0.8724770545959473 -1.8863626718521118 5.606231212615967 128 128 128
0.8340259194374084 -1.7066001892089844 5.074247360229492 128 128 128
0.9566318988800049 -1.8515887260437012 5.51287317276001 128 128 128
0.6996672749519348 -3.708390951156616 11.344231605529785 128 128 128
0.7377379536628723 -3.082437753677368 9.429899215698242 128 128 128
0.5971710681915283 -2.257641553878784 6.906344890594482 128 128 128
0.6561539769172668 -1.46632719039917 4.468739986419678 128 128 128
0.6614828705787659 -1.3996765613555908 4.26485538482666 128 128 128
0.715160608291626 -1.4248126745224 4.346681118011475 128 128 128
0.732689380645752 -1.3885557651519775 4.23706579208374 128 128 128
1.2699472904205322 -1.7789649963378906 5.459034442901611 128 128 128
1.0689303874969482 -1.305368423461914 4.01422643661499 128 128 128
1.4177274703979492 -1.2207274436950684 3.774423599243164 128 128 128
1.4210299253463745 -1.1461092233657837 3.545323371887207 128 128 128
0.4176165759563446 -3.61907696723938 11.36368179321289 128 128 128
0.5559821724891663 -3.9322268962860107 12.355313301086426 128 128 128
0.6510162949562073 -3.8760986328125 12.169355392456055 128 128 128
0.6585617661476135 -3.388437032699585 10.633818626403809 128 128 128
0.7771973013877869 -3.524761199951172 11.061944961547852 128 128 128
0.7701898813247681 -3.1230897903442383 9.800678253173828 128 128 128
0.6613125801086426 -1.2805564403533936 4.012279033660889 128 128 128
0.8309521079063416 -1.2775477170944214 4.013962745666504 128 128 128
0.9465218186378479 -1.391113042831421 4.383738040924072 128 128 128
1.082381010055542 -1.4741237163543701 4.651318550109863 128 128 128
0.9334576725959778 -1.146851897239685 3.6211862564086914 128 128 128
0.3619736433029175 -9.612465858459473 31.00539207458496 128 128 128
0.5928359031677246 -2.1097917556762695 6.7950825691223145 128 128 128
0.40895918011665344 -0.8141941428184509 2.6186180114746094 128 128 128
0.3128247559070587 -0.7832305431365967 2.5894267559051514 128 128 128
0.811639130115509 -1.3813375234603882 4.700557231903076 128 128 128
1.1295007467269897 -1.8245455026626587 6.224338054656982 128 128 128
0.8846173882484436 -1.2066713571548462 4.117320537567139 128 128 128
0.9330028295516968 -1.4634929895401 5.145047187805176 128 128 128
0.9721304178237915 -1.285579800605774 4.525045394897461 128 128 128
1.0643153190612793 -1.3552746772766113 4.768600940704346 128 128 128
1.3351730108261108 -1.640254259109497 5.766556739807129 128 128 128
1.395469069480896 -1.6524180173873901 5.814865589141846 128 128 128
1.181264877319336 -1.2622016668319702 4.452754974365234 128 128 128
1.118528127670288 -0.9783540964126587 3.4505650997161865 128 128 128
1.2164204120635986 -1.0349968671798706 3.657147169113159 128 128 128
3.1888325214385986 -10.061492919921875 36.25235366821289 128 128 128
0.9756097197532654 -2.809081792831421 10.11605453491211 128 128 128
1.2536052465438843 -3.3191378116607666 11.954723358154297 128 128 128
1.2514500617980957 -3.0671310424804688 11.051460266113281 128 128 128
0.3668545186519623 -0.651519238948822 2.353513479232788 128 128 128
1.262949824333191 -0.8674939274787903 3.15846586227417 128 128 128
1.2986716032028198 -6.444303512573242 23.930591583251953 128 128 128
1.2546941041946411 -4.244002819061279 15.778057098388672 128 128 128
0.8238669633865356 -2.5189030170440674 9.36948299407959 128 128 128
1.145383358001709 -3.197542905807495 11.883898735046387 128 128 128
0.8082225322723389 -1.9192062616348267 7.143161296844482 128 128 128
1.4055547714233398 -3.1075305938720703 11.566239356994629 128 128 128
0.4385087788105011 -0.7196695804595947 2.6763947010040283 128 128 128
3.1224422454833984 -28.246427536010742 107.74080657958984 128 128 128
4.472026348114014 -31.312192916870117 119.57486724853516 128 128 128
1.5594165325164795 -8.90516471862793 34.032535552978516 128 128 128
1.3411887884140015 -6.4571404457092285 24.7247371673584 128 128 128
1.7486480474472046 -7.28611946105957 27.90219497680664 128 128 128
13.042389869689941 -42.902801513671875 164.0077362060547 128 128 128
3.2116239070892334 -9.53978443145752 36.51889419555664 128 128 128
2.924274206161499 -7.919507026672363 30.343631744384766 128 128 128
1.0189801454544067 -1.190669059753418 4.574093818664551 128 128 128
1.2980616092681885 -1.457972526550293 5.615270614624023 128 128 128
1.5769851207733154 -1.709606409072876 6.581684589385986 128 128 128
1.7094110250473022 -1.792954444885254 6.89140510559082 128 128 128
1.0105278491973877 -12.56405258178711 49.45421600341797 128 128 128
0.8782064318656921 -7.737568378448486 30.44366455078125 128 128 128
1.162031888961792 -6.434998512268066 25.410993576049805 128 128 128
3.8509039878845215 -11.089995384216309 43.846492767333984 128 128 128
0.15960881114006042 -0.311245858669281 1.2321829795837402 128 128 128
1.3120639324188232 -1.8335899114608765 7.259897708892822 128 128 128
1.3381385803222656 -1.783240556716919 7.080371856689453 128 128 128
1.0528950691223145 -1.1895116567611694 4.7279887199401855 128 128 128
1.1721583604812622 -1.2758288383483887 5.071521759033203 128 128 128
4.183063983917236 -22.4920654296875 91.75798797607422 128 128 128
0.43848344683647156 -0.8854734897613525 3.623398542404175 128 128 128
0.42419031262397766 -0.7946992516517639 3.2596209049224854 128 128 128
0.316885381937027 -0.5547427535057068 2.2742414474487305 128 128 128
1.3707236051559448 -1.7688846588134766 7.244751930236816 128 128 128
1.4595414400100708 -1.8017818927764893 7.389838695526123 128 128 128
1.4356998205184937 -0.9100316166877747 3.7506275177001953 128 128 128
1.5337246656417847 -0.9505609273910522 3.920532703399658 128 128 128
-17.40650749206543 90.83618927001953 -383.3455505371094 128 128 128
0.6033537983894348 -1.372272253036499 5.803206920623779 128 128 128
1.0450637340545654 -1.3626326322555542 5.771054267883301 128 128 128
1.33260178565979 -1.1145474910736084 4.728334426879883 128 128 128
0.9237442016601562 -1.8623480796813965 8.193448066711426 128 128 128
1.4741284847259521 -2.746605634689331 12.10448932647705 128 128 128
0.9692338705062866 -1.6847736835479736 7.425652027130127 128 128 128
1.3126921653747559 -2.136967658996582 9.411995887756348 128 128 128
0.8348066806793213 -0.8519931435585022 3.742269992828369 128 128 128
1.2285988330841064 -0.9921415448188782 4.357553958892822 128 128 128
1.1356490850448608 -2.6149332523345947 11.910296440124512 128 128 128
1.1770246028900146 -2.479552745819092 11.31521987915039 128 128 128
1.0719956159591675 -1.939983606338501 8.866129875183105 128 128 128
0.7627796530723572 -0.881989061832428 4.012627124786377 128 128 128
0.9490148425102234 -0.8988609313964844 4.097865104675293 128 128 128
1.0981974601745605 -1.0034034252166748 4.5771355628967285 128 128 128
1.297685980796814 -1.1452339887619019 5.22625732421875 128 128 128
0.21376796066761017 -1.636285424232483 7.690388202667236 128 128 128
0.2723151445388794 -1.5943185091018677 7.50579309463501 128 128 128
0.9415238499641418 -2.0807859897613525 9.86697006225586 128 128 128
1.2742109298706055 -1.2510910034179688 5.92559289932251 128 128 128
0.23446911573410034 -1.736041784286499 8.49579906463623 128 128 128
0.33894073963165283 -1.9045244455337524 9.350258827209473 128 128 128
1.6071739196777344 -3.7414133548736572 18.476728439331055 128 128 128
1.2479305267333984 -2.4363291263580322 12.041214942932129 128 128 128
0.42123544216156006 -0.6096575260162354 3.022509813308716 128 128 128
0.5315595865249634 -0.7254801392555237 3.594257116317749 128 128 128
0.6099364757537842 -0.7874113321304321 3.897256374359131 128 128 128
1.2007157802581787 -0.7712420225143433 3.8010709285736084 128 128 128
1.3226531744003296 -0.8276649713516235 4.078380584716797 128 128 128
0.7266070246696472 -0.898756206035614 4.643200874328613 128 128 128
0.971799373626709 -0.7871333360671997 4.035701274871826 128 128 128
1.1968004703521729 -0.9377627372741699 4.8004961013793945 128 128 128
1.4301120042800903 -1.0837891101837158 5.552380561828613 128 128 128
1.197790503501892 -0.8250274658203125 4.242190361022949 128 128 128
1.3068761825561523 -0.874992847442627 4.493229866027832 128 128 128
1.3641618490219116 -0.8889363408088684 4.556495189666748 128 128 128
0.6886091232299805 -0.914916455745697 4.950101375579834 128 128 128
0.8458409905433655 -1.0546451807022095 5.699455738067627 128 128 128
0.8456290364265442 -0.9973940849304199 5.383183479309082 128 128 128
1.1015809774398804 -1.2330845594406128 6.64373779296875 128 128 128
0.8357795476913452 -0.7503923773765564 4.023482322692871 128 128 128
0.944526731967926 -0.8159010410308838 4.369570732116699 128 128 128
0.9864668846130371 -0.7639114260673523 4.094901084899902 128 128 128
1.0988606214523315 -0.8228640556335449 4.407188892364502 128 128 128
1.1674710512161255 -1.4780844449996948 8.378780364990234 128 128 128
1.0396909713745117 -0.8565115928649902 4.812557697296143 128 128 128
1.4126955270767212 -0.6869232654571533 3.851923704147339 128 128 128
1.543449878692627 -0.7334626317024231 4.114457130432129 128 128 128
0.42000532150268555 -0.9131178259849548 5.400453567504883 128 128 128
0.7024716138839722 -0.7138539552688599 4.233058929443359 128 128 128
1.0040545463562012 -0.8185149431228638 4.8259735107421875 128 128 128
1.1355184316635132 -0.8910930156707764 5.235273361206055 128 128 128
1.2304980754852295 -0.9306980967521667 5.463289260864258 128 128 128
1.2690930366516113 -0.9253567457199097 5.443482398986816 128 128 128
1.2512120008468628 -0.7309402227401733 4.290560245513916 128 128 128
1.2934383153915405 -0.735482394695282 4.309520721435547 128 128 128
1.4591209888458252 -0.8074912428855896 4.729361057281494 128 128 128
1.3123631477355957 -0.6877734065055847 4.037060260772705 128 128 128
1.3800880908966064 -0.7040390372276306 4.140592098236084 128 128 128
1.3922687768936157 -0.6940971612930298 4.072564125061035 128 128 128
0.34872469305992126 -1.0748569965362549 6.668375492095947 128 128 128
0.42695143818855286 -1.1321592330932617 7.031182765960693 128 128 128
0.5739597678184509 -0.6188442707061768 3.876347541809082 128 128 128
0.6366360783576965 -0.6462773680686951 4.039425849914551 128 128 128
0.7028767466545105 -0.6791089177131653 4.242910385131836 128 128 128
0.8753594756126404 -0.8049917817115784 5.021324634552002 128 128 128
0.9968303442001343 -0.6255782842636108 3.8507323265075684 128 128 128
1.290648102760315 -0.6964123845100403 4.300815105438232 128 128 128
1.4197646379470825 -0.744802713394165 4.604276180267334 128 128 128
1.5014631748199463 -0.767503559589386 4.739126205444336 128 128 128
0.24054192006587982 -1.0596641302108765 6.901566505432129 128 128 128
0.30621233582496643 -1.0665837526321411 6.980911731719971 128 128 128
0.4083751440048218 -1.018978476524353 6.692748069763184 128 128 128
0.46143320202827454 -1.0088785886764526 6.634958267211914 128 128 128
0.6334351897239685 -0.6107038855552673 4.033642768859863 128 128 128
0.8003151416778564 -0.6967679262161255 4.588238716125488 128 128 128
1.1468948125839233 -0.6598226428031921 4.2955145835876465 128 128 128
0.08794661611318588 -1.3206372261047363 9.613903999328613 128 128 128
0.16052637994289398 -1.2138359546661377 8.884099006652832 128 128 128
0.2252403348684311 -1.1736563444137573 8.585121154785156 128 128 128
0.29903480410575867 -1.1599178314208984 8.520641326904297 128 128 128
0.37760093808174133 -1.1834954023361206 8.698223114013672 128 128 128
0.43092766404151917 -0.6029785871505737 4.48818302154541 128 128 128
0.44244906306266785 -0.5689183473587036 4.235589504241943 128 128 128
1.069383144378662 -0.6234662532806396 4.569525718688965 128 128 128
1.1912047863006592 -0.5443075299263 3.955322027206421 128 128 128
0.08909770846366882 -1.2486273050308228 9.702505111694336 128 128 128
0.177839994430542 -1.2794134616851807 9.973710060119629 128 128 128
0.2582772672176361 -1.2586456537246704 9.827180862426758 128 128 128
0.40099042654037476 -1.1711758375167847 9.195324897766113 128 128 128
0.5717354416847229 -0.630508542060852 5.016716003417969 128 128 128
0.8001675605773926 -0.5524032711982727 4.350341796875 128 128 128
0.8956844806671143 -0.5919184684753418 4.647562503814697 128 128 128
0.9635323286056519 -0.4776722192764282 3.7113897800445557 128 128 128
1.0026558637619019 -0.48214030265808105 3.741091012954712 128 128 128
1.1320518255233765 -0.5285940170288086 4.095345497131348 128 128 128
1.2427669763565063 -0.5185466408729553 4.013566970825195 128 128 128
0.3026900887489319 -1.0399246215820312 8.71512508392334 128 128 128
0.39991942048072815 -1.0922636985778809 9.186714172363281 128 128 128
0.44388851523399353 -0.6007137298583984 5.103338241577148 128 128 128
0.5058415532112122 -0.6227551698684692 5.294868469238281 128 128 128
0.5481534004211426 -0.6156874299049377 5.243063449859619 128 128 128
0.5500298142433167 -0.5671844482421875 4.835684299468994 128 128 128
1.0018534660339355 -0.4635448455810547 3.858356237411499 128 128 128
1.1296205520629883 -0.5067828893661499 4.215674877166748 128 128 128
1.2158035039901733 -0.5295525789260864 4.399532318115234 128 128 128
1.4108824729919434 -0.4540461301803589 3.745156764984131 128 128 128
1.4600250720977783 -0.45976945757865906 3.7913918495178223 128 128 128
0.09465045481920242 -1.1998121738433838 10.728262901306152 128 128 128
0.19000974297523499 -1.209723711013794 10.857194900512695 128 128 128
0.25688308477401733 -1.0832065343856812 9.764341354370117 128 128 128
0.32319530844688416 -1.0295970439910889 9.295957565307617 128 128 128
0.5683486461639404 -0.6456004977226257 5.920529842376709 128 128 128
0.6205217838287354 -0.6439218521118164 5.9123406410217285 128 128 128
0.5715447664260864 -0.4730815291404724 4.344276428222656 128 128 128
0.8965906500816345 -0.4252335727214813 3.814707040786743 128 128 128
1.2381185293197632 -0.426907479763031 3.7882471084594727 128 128 128
1.223273754119873 -0.40285277366638184 3.5578877925872803 128 128 128
1.2929267883300781 -0.3867221176624298 3.4313414096832275 128 128 128
0.5186665058135986 -0.5461130142211914 5.423071384429932 128 128 128
0.44529789686203003 -0.39430704712867737 3.9243249893188477 128 128 128
0.47362643480300903 -0.3865295350551605 3.849868059158325 128 128 128
0.5155807733535767 -0.39208412170410156 3.9027528762817383 128 128 128
1.0998919010162354 -0.46569377183914185 4.520345211029053 128 128 128
1.1591583490371704 -0.47609224915504456 4.596202850341797 128 128 128
1.1168838739395142 -0.4079625606536865 3.907402515411377 128 128 128
1.2690144777297974 -0.40478843450546265 3.8803765773773193 128 128 128
0.846743643283844 -0.3935658633708954 4.202688217163086 128 128 128
1.105441927909851 -0.370866060256958 3.8647384643554688 128 128 128
1.3147218227386475 -0.32984963059425354 3.4056622982025146 128 128 128
1.4029784202575684 -0.344650536775589 3.5574302673339844 128 128 128
0.5327417850494385 -0.3911671042442322 4.680299282073975 128 128 128
0.8340790867805481 -0.3524845540523529 4.1466522216796875 128 128 128
0.8806727528572083 -0.35805124044418335 4.19298791885376 128 128 128
0.9105998873710632 -0.3226921260356903 3.7264037132263184 128 128 128
0.9510491490364075 -0.3268849551677704 3.7599892616271973 128 128 128
0.5953344702720642 -0.36532872915267944 4.8605804443359375 128 128 128
1.0463285446166992 -0.2660885453224182 3.3631691932678223 128 128 128
1.1374430656433105 -0.28298643231391907 3.5571658611297607 128 128 128
1.2670273780822754 -0.28071698546409607 3.5045876502990723 128 128 128
0.07028733938932419 -0.514096200466156 7.491220474243164 128 128 128
0.544045090675354 -0.2577708661556244 3.855179786682129 128 128 128
1.1027909517288208 -0.2952955663204193 4.220327854156494 128 128 128
0.9872711300849915 -0.24376003444194794 3.441683053970337 128 128 128
1.112356424331665 -0.24685335159301758 3.4782052040100098 128 128 128
1.2285007238388062 -0.2669704556465149 3.7407379150390625 128 128 128
1.3573811054229736 -0.2885452210903168 4.029531955718994 128 128 128
0.6992271542549133 -0.2154790312051773 3.6150097846984863 128 128 128
0.7300158739089966 -0.21630680561065674 3.61112117767334 128 128 128
0.7810384035110474 -0.22273065149784088 3.715517282485962 128 128 128
0.866241455078125 -0.23886772990226746 3.9460349082946777 128 128 128
1.2241015434265137 -0.2521747350692749 4.0327067375183105 128 128 128
0.687501072883606 -0.23040547966957092 4.598904132843018 128 128 128
0.9193934798240662 -0.21757924556732178 4.1946234703063965 128 128 128
0.8984895944595337 -0.1883130967617035 3.5402190685272217 128 128 128
0.20529155433177948 -0.2531765103340149 5.917574882507324 128 128 128
0.3000375032424927 -0.24070826172828674 5.70929479598999 128 128 128
0.36057931184768677 -0.24529989063739777 5.856540203094482 128 128 128
0.602552592754364 -0.15872512757778168 3.7885122299194336 128 128 128
0.9876077175140381 -0.1684228628873825 3.7709739208221436 128 128 128
0.63386470079422 -0.13343024253845215 3.9929168224334717 128 128 128
0.6769136786460876 -0.13581039011478424 4.048556804656982 128 128 128
0.7038210034370422 -0.1349601000547409 3.9922242164611816 128 128 128
0.7731350660324097 -0.12328055500984192 3.5208804607391357 128 128 128
0.8406357765197754 -0.13048401474952698 3.6770670413970947 128 128 128
1.1019490957260132 -0.13612520694732666 3.6171655654907227 128 128 128
1.2174447774887085 -0.13724176585674286 3.603400468826294 128 128 128
0.15533991158008575 -0.15524621307849884 5.962707996368408 128 128 128
0.26391705870628357 -0.15368346869945526 6.033261775970459 128 128 128
0.32233625650405884 -0.11440163850784302 4.593323707580566 128 128 128
0.3638594150543213 -0.11271195113658905 4.574232578277588 128 128 128
0.413915753364563 -0.11438865959644318 4.668398380279541 128 128 128
0.727341890335083 -0.10920926928520203 4.338383674621582 128 128 128
0.7691628932952881 -0.11055081337690353 4.369451522827148 128 128 128
0.7804641723632812 -0.09424373507499695 3.554202079772949 128 128 128
1.1348164081573486 -0.10805178433656693 3.725606679916382 128 128 128
0.15928830206394196 -0.10418467223644257 6.008812427520752 128 128 128
0.365054190158844 -0.08536826819181442 5.193795204162598 128 128 128
0.4008222818374634 -0.08146774023771286 5.032601833343506 128 128 128
0.435167521238327 -0.07881519198417664 4.9051408767700195 128 128 128
0.9040188193321228 -0.06600458174943924 3.4492757320404053 128 128 128
0.17734238505363464 -0.059230536222457886 6.6839518547058105 128 128 128
0.6036862134933472 -0.029885675758123398 3.594496726989746 128 128 128
1.0460741519927979 -0.043452393263578415 3.7364659309387207 128 128 128
1.1631518602371216 -0.044309232383966446 3.4352786540985107 128 128 128
1.2097636461257935 -0.04602943733334541 3.48519229888916 128 128 128
0.12349877506494522 -0.00363549473695457 6.863145351409912 128 128 128
0.18564066290855408 -0.0026338452007621527 6.98473596572876 128 128 128
0.23613029718399048 -0.0019059411715716124 6.738046169281006 128 128 128
0.6661024689674377 0.0002737071190495044 3.956777811050415 128 128 128
1.0120327472686768 -0.013057575561106205 3.311915636062622 128 128 128
0.4426003396511078 0.04200016334652901 4.517276287078857 128 128 128
0.7279279828071594 0.03452584892511368 4.119016647338867 128 128 128
0.786374032497406 0.034510448575019836 4.23695182800293 128 128 128
0.8052812218666077 0.02639343962073326 3.6565897464752197 128 128 128
0.9166128635406494 0.02533409185707569 3.8556690216064453 128 128 128
0.964948296546936 0.024488594383001328 3.916245460510254 128 128 128
0.9276940822601318 0.018587501719594002 3.41068434715271 128 128 128
1.1585038900375366 0.016660740599036217 3.599844455718994 128 128 128
1.1244287490844727 0.012036126106977463 3.236036539077759 128 128 128
0.4428168833255768 0.08025316148996353 4.553061485290527 128 128 128
0.5157753229141235 0.08548812568187714 4.824371337890625 128 128 128
0.5159202218055725 0.10811522603034973 4.15237283706665 128 128 128
0.7053749561309814 0.09494936466217041 3.7954742908477783 128 128 128
0.7420059442520142 0.09431879967451096 3.810227870941162 128 128 128
0.7853988409042358 0.09456294775009155 3.859678268432617 128 128 128
1.0280503034591675 0.08175694197416306 3.665972948074341 128 128 128
1.0876511335372925 0.08231277018785477 3.7609663009643555 128 128 128
0.7262617945671082 0.12459266185760498 3.7384912967681885 128 128 128
0.7867295742034912 0.12712252140045166 3.862133741378784 128 128 128
0.8344422578811646 0.11204256862401962 3.5051963329315186 128 128 128
0.8783769011497498 0.1128331646323204 3.5608911514282227 128 128 128
0.5687258243560791 0.18273025751113892 4.267732620239258 128 128 128
0.6016653776168823 0.18159042298793793 4.249423980712891 128 128 128
0.7219316363334656 0.17133647203445435 4.071322441101074 128 128 128
0.7596684694290161 0.170249804854393 4.073310375213623 128 128 128
0.7814911007881165 0.16786208748817444 4.020226001739502 128 128 128
0.8320003151893616 0.1423037201166153 3.50184965133667 128 128 128
0.8946174383163452 0.1461840718984604 3.6297695636749268 128 128 128
0.9522812366485596 0.1484602689743042 3.7275657653808594 128 128 128
0.9283282160758972 0.1287028044462204 3.301339864730835 128 128 128
0.986343502998352 0.1324426233768463 3.407876968383789 128 128 128
0.5083853602409363 0.2259126752614975 4.397263526916504 128 128 128
0.7016603946685791 0.1717233657836914 3.444159984588623 128 128 128
0.9369122385978699 0.15992504358291626 3.340284824371338 128 128 128
0.749010443687439 0.2150009125471115 3.6820313930511475 128 128 128
0.6766931414604187 -2.0514235496520996 5.260684490203857 128 128 128
0.30081161856651306 -1.6472570896148682 4.2528204917907715 128 128 128
0.7043259143829346 -1.925563097000122 5.074826240539551 128 128 128
0.7651241421699524 -1.9593558311462402 5.176466464996338 128 128 128
8.140313148498535 -6.678991317749023 19.530908584594727 128 128 128
0.2114611119031906 -1.5675753355026245 4.123241901397705 128 128 128
0.5947346091270447 -1.7012513875961304 4.579074382781982 128 128 128
0.6507803201675415 -1.738795280456543 4.689805030822754 128 128 128
1.1584516763687134 -2.1626248359680176 5.969700813293457 128 128 128
1.2461574077606201 -2.2175209522247314 6.141824722290039 128 128 128
2.00748872756958 -2.8839144706726074 8.135567665100098 128 128 128
2.1768252849578857 -3.017238140106201 8.53049087524414 128 128 128
0.4080043137073517 -1.62126886844635 4.416585445404053 128 128 128
0.4411792755126953 -1.5902996063232422 4.341760158538818 128 128 128
0.5484334230422974 -1.6583704948425293 4.554508209228516 128 128 128
0.6007105708122253 -1.6760447025299072 4.620984077453613 128 128 128
0.9019340872764587 -1.926608681678772 5.39556884765625 128 128 128
0.9726877212524414 -1.966425895690918 5.524791240692139 128 128 128
1.0124239921569824 -1.9433510303497314 5.476329326629639 128 128 128
1.9794687032699585 -2.77254056930542 8.029483795166016 128 128 128
2.025933265686035 -2.7382619380950928 7.946721076965332 128 128 128
8.268224716186523 -6.443211078643799 19.897981643676758 128 128 128
0.3632846772670746 -1.5780704021453857 4.388757228851318 128 128 128
0.8211526274681091 -1.9336241483688354 5.5128045082092285 128 128 128
0.8821512460708618 -1.9542148113250732 5.588315486907959 128 128 128
1.6690092086791992 -2.4677486419677734 7.287907600402832 128 128 128
1.7972466945648193 -2.555751323699951 7.567843914031982 128 128 128
1.9737054109573364 -2.695901393890381 8.017316818237305 128 128 128
2.0574185848236084 -2.713986396789551 8.084216117858887 128 128 128
0.29505881667137146 -1.4060447216033936 3.999152421951294 128 128 128
0.3374662399291992 -1.4228270053863525 4.0566020011901855 128 128 128
0.38869673013687134 -1.459900140762329 4.177852630615234 128 128 128
0.7679499983787537 -1.7641651630401611 5.158754348754883 128 128 128
1.5796133279800415 -2.4837965965270996 7.476715564727783 128 128 128
1.6920366287231445 -2.5477466583251953 7.6953277587890625 128 128 128
1.8080980777740479 -2.614410638809204 7.917895317077637 128 128 128
0.1739186942577362 -1.3083291053771973 3.7927441596984863 128 128 128
0.20836211740970612 -1.2957866191864014 3.763617753982544 128 128 128
0.24661870300769806 -1.3123975992202759 3.818286418914795 128 128 128
0.6104406714439392 -1.5617280006408691 4.65901517868042 128 128 128
0.6769353151321411 -1.6064292192459106 4.817831516265869 128 128 128
0.05887005478143692 -1.2012566328048706 3.5511534214019775 128 128 128
0.09323588758707047 -1.1937445402145386 3.533867120742798 128 128 128
0.4868086576461792 -1.4050991535186768 4.285490036010742 128 128 128
0.5838170051574707 -1.4400116205215454 4.427197456359863 128 128 128
0.6460090279579163 -1.4942786693572998 4.602512359619141 128 128 128
1.227186918258667 -2.1100025177001953 6.6412129402160645 128 128 128
1.2939977645874023 -2.1147079467773438 6.685473442077637 128 128 128
1.6069910526275635 -2.292754650115967 7.32824182510376 128 128 128
2.632190704345703 -3.2007713317871094 10.392220497131348 128 128 128
0.12917716801166534 -1.1507409811019897 3.503929376602173 128 128 128
0.4259251058101654 -1.30851149559021 4.083683013916016 128 128 128
0.48430460691452026 -1.3549692630767822 4.25204610824585 128 128 128
0.5526066422462463 -1.4312567710876465 4.504467487335205 128 128 128
0.9825690984725952 -1.7260268926620483 5.577422618865967 128 128 128
1.0957837104797363 -1.8248937129974365 5.925409317016602 128 128 128
1.158547043800354 -1.8422335386276245 5.993940830230713 128 128 128
2.3779807090759277 -2.9180660247802734 9.729930877685547 128 128 128
2.4485580921173096 -2.9027113914489746 9.691418647766113 128 128 128
2.6771090030670166 -3.0526323318481445 10.24804401397705 128 128 128
2.84474515914917 -3.023517608642578 10.228192329406738 128 128 128
3.1666934490203857 -3.2601206302642822 11.056079864501953 128 128 128
0.4119669497013092 -1.2242087125778198 3.934441328048706 128 128 128
0.9047475457191467 -1.727659821510315 5.706202030181885 128 128 128
0.9592858552932739 -1.734180212020874 5.7430219650268555 128 128 128
1.0196630954742432 -1.7465139627456665 5.80512809753418 128 128 128
1.2462584972381592 -1.9202754497528076 6.451629161834717 128 128 128
2.32061767578125 -2.767228364944458 9.514822006225586 128 128 128
2.434967041015625 -2.798774003982544 9.652347564697266 128 128 128
2.912641763687134 -3.1166462898254395 10.826498031616211 128 128 128
0.22768749296665192 -1.024149775505066 3.33914852142334 128 128 128
0.32840168476104736 -1.1528782844543457 3.787327289581299 128 128 128
0.9086917638778687 -1.6857800483703613 5.739866256713867 128 128 128
0.9653459787368774 -1.6949470043182373 5.787852764129639 128 128 128
1.0201703310012817 -1.6967254877090454 5.81665563583374 128 128 128
2.073396921157837 -2.604995012283325 9.159369468688965 128 128 128
2.6258108615875244 -2.9291250705718994 10.433095932006836 128 128 128
0.9645937085151672 -1.637732744216919 5.784451961517334 128 128 128
2.279710531234741 -2.6703884601593018 9.73420524597168 128 128 128
2.459643840789795 -2.7699694633483887 10.138936996459961 128 128 128
2.5568618774414062 -2.6839942932128906 9.864374160766602 128 128 128
2.862504720687866 -2.800894021987915 10.373040199279785 128 128 128
3.2763876914978027 -3.102806329727173 11.526688575744629 128 128 128
3.4937524795532227 -3.202361583709717 11.940459251403809 128 128 128
0.08940455317497253 -0.8744677901268005 2.977289915084839 128 128 128
0.11924143880605698 -0.877159833908081 2.9968531131744385 128 128 128
0.6146942377090454 -1.4019372463226318 4.996012210845947 128 128 128
0.7007322311401367 -1.4829273223876953 5.313396453857422 128 128 128
0.7718855738639832 -1.5306867361068726 5.500508785247803 128 128 128
0.8333170413970947 -1.55195951461792 5.597426891326904 128 128 128
2.588956356048584 -2.8278725147247314 10.701671600341797 128 128 128
2.791255235671997 -2.731846332550049 10.453226089477539 128 128 128
2.9055914878845215 -2.7531487941741943 10.554156303405762 128 128 128
6.963546276092529 -5.485312461853027 21.426523208618164 128 128 128
6.8804097175598145 -5.112056732177734 20.134010314941406 128 128 128
7.9725260734558105 -5.6261210441589355 22.248607635498047 128 128 128
2.3983731269836426 -2.446837902069092 9.608205795288086 128 128 128
2.6841204166412354 -2.644853115081787 10.409107208251953 128 128 128
3.040911912918091 -2.8935282230377197 11.42573356628418 128 128 128
6.780666828155518 -5.027799129486084 20.388416290283203 128 128 128
8.296520233154297 -5.9699387550354 24.338712692260742 128 128 128
8.404961585998535 -5.889835357666016 24.068740844726562 128 128 128
9.550256729125977 -6.2032294273376465 25.522899627685547 128 128 128
2.3326010704040527 -2.4889473915100098 10.046892166137695 128 128 128
2.460170030593872 -2.532231092453003 10.23311996459961 128 128 128
2.570558786392212 -2.5479657649993896 10.33388614654541 128 128 128
4.601912021636963 -4.097208499908447 16.822425842285156 128 128 128
4.493305206298828 -3.8732786178588867 15.94010066986084 128 128 128
7.580442428588867 -5.149109840393066 21.756195068359375 128 128 128
8.078155517578125 -5.346537113189697 22.643951416015625 128 128 128
9.74950885772705 -6.2755303382873535 26.70784568786621 128 128 128
0.19357196986675262 -1.0002635717391968 3.7888615131378174 128 128 128
8.387414932250977 -5.673529624938965 24.72359848022461 128 128 128
8.928215980529785 -5.858565330505371 25.687021255493164 128 128 128
8.268425941467285 -5.011252403259277 22.188892364501953 128 128 128
8.674113273620605 -5.131622791290283 22.768224716186523 128 128 128
0.5845298767089844 -1.373659610748291 5.576261520385742 128 128 128
0.7573242783546448 -1.5218850374221802 6.2242112159729 128 128 128
3.063488721847534 -3.489992141723633 14.916369438171387 128 128 128
0.5492811799049377 -1.3616399765014648 5.719281196594238 128 128 128
0.6339424848556519 -1.4398460388183594 6.0702223777771 128 128 128
0.7277452945709229 -1.5229778289794922 6.448126316070557 128 128 128
2.1734619140625 -2.898517370223999 12.679417610168457 128 128 128
2.3465380668640137 -2.975459575653076 13.057184219360352 128 128 128
2.376671075820923 -2.8710436820983887 12.63945198059082 128 128 128
2.6697683334350586 -3.0766687393188477 13.597883224487305 128 128 128
3.8755104541778564 -3.9197824001312256 17.519330978393555 128 128 128
0.523271918296814 -1.2587611675262451 5.482518196105957 128 128 128
0.5843678712844849 -1.2840708494186401 5.62167501449585 128 128 128
0.6645622849464417 -1.3461129665374756 5.916606903076172 128 128 128
0.7884728312492371 -1.4742485284805298 6.524999618530273 128 128 128
0.8535260558128357 -1.487959861755371 6.607977867126465 128 128 128
1.7600656747817993 -2.5298283100128174 11.421248435974121 128 128 128
1.9088255167007446 -2.5994088649749756 11.757308959960938 128 128 128
2.22428297996521 -2.8656063079833984 13.032219886779785 128 128 128
2.46669340133667 -3.020962953567505 13.783708572387695 128 128 128
2.567047119140625 -2.9985334873199463 13.709895133972168 128 128 128
2.825028419494629 -3.1453089714050293 14.446352005004883 128 128 128
3.145991563796997 -3.3475635051727295 15.433219909667969 128 128 128
0.2517513930797577 -0.927396297454834 4.122798442840576 128 128 128
0.5968680381774902 -1.261160135269165 5.7622904777526855 128 128 128
1.8028743267059326 -2.5034019947052 11.757649421691895 128 128 128
2.0213136672973633 -2.5240278244018555 11.898909568786621 128 128 128
2.098207473754883 -2.4866816997528076 11.774055480957031 128 128 128
2.490720510482788 -2.810633659362793 13.357196807861328 128 128 128
3.7121198177337646 -3.497661590576172 16.899614334106445 128 128 128
4.350849151611328 -3.9352338314056396 19.08823585510254 128 128 128
5.3825249671936035 -4.684924602508545 22.787944793701172 128 128 128
0.19126012921333313 -0.7965460419654846 3.6674506664276123 128 128 128
2.5337018966674805 -3.044060468673706 14.987330436706543 128 128 128
2.653259038925171 -3.0297141075134277 14.960151672363281 128 128 128
2.7469329833984375 -2.9885077476501465 14.79549789428711 128 128 128
2.951568365097046 -3.058891534805298 15.216902732849121 128 128 128
3.167681932449341 -3.1341605186462402 15.660750389099121 128 128 128
3.4303927421569824 -3.249967336654663 16.291213989257812 128 128 128
4.153189659118652 -3.62081241607666 18.283098220825195 128 128 128
4.587920665740967 -3.8457188606262207 19.484933853149414 128 128 128
3.9624874591827393 -3.3134119510650635 17.50456428527832 128 128 128
4.346458435058594 -3.493927478790283 18.5214900970459 128 128 128
4.764776706695557 -3.6877808570861816 19.609708786010742 128 128 128
5.496312618255615 -3.817681312561035 20.512184143066406 128 128 128
7.097633361816406 -4.766224384307861 25.694690704345703 128 128 128
7.43567419052124 -4.831729412078857 26.12980842590332 128 128 128
17.41094398498535 -10.61319351196289 57.822330474853516 128 128 128
0.517328679561615 -1.327514410018921 6.777774333953857 128 128 128
7.088108062744141 -4.5599846839904785 25.73235321044922 128 128 128
25.075830459594727 -15.109843254089355 85.88436126708984 128 128 128
27.197710037231445 -15.846254348754883 90.57785034179688 128 128 128
33.998191833496094 -15.71687126159668 92.62308502197266 128 128 128
38.12656784057617 -17.167585372924805 101.55894470214844 128 128 128
0.18409237265586853 -1.050035834312439 5.458200454711914 128 128 128
0.2337077558040619 -1.0523617267608643 5.517752170562744 128 128 128
0.3293747007846832 -1.241176724433899 6.5210394859313965 128 128 128
0.5711853504180908 -1.6037346124649048 8.508662223815918 128 128 128
0.6917816400527954 -1.7182540893554688 9.167281150817871 128 128 128
1.110434651374817 -2.043431282043457 11.064730644226074 128 128 128
6.660598278045654 -6.781744956970215 38.09815979003906 128 128 128
35.088157653808594 -15.514348983764648 95.76687622070312 128 128 128
30.30580711364746 -13.046407699584961 80.86668395996094 128 128 128
30.960433959960938 -13.019901275634766 80.79570770263672 128 128 128
0.31500115990638733 -1.1392821073532104 6.299108028411865 128 128 128
0.39489397406578064 -1.2223241329193115 6.779836177825928 128 128 128
0.4929864704608917 -1.331729531288147 7.413580417633057 128 128 128
0.6608486175537109 -1.5794204473495483 8.840505599975586 128 128 128
0.8275064826011658 -1.772225022315979 9.96810245513916 128 128 128
1.0358257293701172 -2.0140037536621094 11.35074234008789 128 128 128
5.182020664215088 -6.360889434814453 36.78970718383789 128 128 128
0.17875631153583527 -0.9524856209754944 5.470761775970459 128 128 128
3.289591073989868 -4.7471089363098145 28.56430435180664 128 128 128
5.255529880523682 -6.159736633300781 37.52937698364258 128 128 128
5.652899265289307 -6.2437896728515625 38.09392547607422 128 128 128
7.689002513885498 -8.011346817016602 49.07249069213867 128 128 128
12.091846466064453 -11.907588005065918 73.30268096923828 128 128 128
10.345464706420898 -9.65385913848877 59.704734802246094 128 128 128
9.684501647949219 -8.590556144714355 53.324344635009766 128 128 128
8.13634967803955 -6.874518871307373 42.83026123046875 128 128 128
4.786864757537842 -7.172736644744873 45.13237762451172 128 128 128
6.797367095947266 -9.410651206970215 59.44045639038086 128 128 128
5.222840309143066 -6.711014270782471 42.571075439453125 128 128 128
7.662804126739502 -8.593998908996582 55.020233154296875 128 128 128
10.451337814331055 -11.03646183013916 70.79747772216797 128 128 128
9.646974563598633 -9.581803321838379 61.88288497924805 128 128 128
8.272068977355957 -7.366182327270508 47.9326286315918 128 128 128
7.667353630065918 -6.493400573730469 42.3729248046875 128 128 128
12.033838272094727 -9.246309280395508 60.91436767578125 128 128 128
16.051515579223633 -11.796791076660156 77.95758819580078 128 128 128
28.82733917236328 -18.681385040283203 124.82785034179688 128 128 128
39.495235443115234 -24.541000366210938 165.11407470703125 128 128 128
33.742713928222656 -20.216489791870117 136.27117919921875 128 128 128
21.41935157775879 -12.358999252319336 83.67630004882812 128 128 128
8.077553749084473 -6.840963363647461 47.00125503540039 128 128 128
8.645134925842285 -6.958075046539307 47.97129440307617 128 128 128
12.09290885925293 -9.279716491699219 64.1241455078125 128 128 128
14.4089937210083 -10.53249454498291 73.18561553955078 128 128 128
15.946240425109863 -11.129304885864258 77.70858764648438 128 128 128
15.23515510559082 -10.197442054748535 71.3154296875 128 128 128
13.876867294311523 -8.195216178894043 58.148014068603516 128 128 128
19.847023010253906 -11.254629135131836 80.38009643554688 128 128 128
19.532026290893555 -10.695056915283203 76.48961639404297 128 128 128
34.45265579223633 -17.858797073364258 135.24363708496094 128 128 128
46.295345306396484 -21.469261169433594 165.51792907714844 128 128 128
260.44757080078125 -109.44353485107422 854.4551391601562 128 128 128
63.80320739746094 -25.94794464111328 203.73355102539062 128 128 128
77.94729614257812 -30.697586059570312 242.4471435546875 128 128 128
1.1453372240066528 -3.504587411880493 24.939159393310547 128 128 128
1.3744601011276245 -3.538731813430786 25.369123458862305 128 128 128
1.4256147146224976 -3.1699416637420654 22.790075302124023 128 128 128
35.47526550292969 -13.63003921508789 113.42155456542969 128 128 128
69.11328887939453 -24.074596405029297 204.66262817382812 128 128 128
97.80199432373047 -31.22823143005371 269.5603332519531 128 128 128
0.7396631836891174 -2.6628177165985107 20.044723510742188 128 128 128
6.397805690765381 -11.908130645751953 91.08545684814453 128 128 128
-5.315051555633545 4.564335346221924 -36.65442657470703 128 128 128
-7.273306846618652 5.880239486694336 -47.41632843017578 128 128 128
-1.4939663410186768 3.499203681945801 -28.271869659423828 128 128 128
-2.004485607147217 3.539449691772461 -28.781936645507812 128 128 128
-2.2431585788726807 3.5152969360351562 -28.799915313720703 128 128 128
-2.330950975418091 3.285167694091797 -27.023645401000977 128 128 128
-4.708056926727295 5.507867336273193 -45.7036247253418 128 128 128
-4.921051025390625 5.285101890563965 -44.24921798706055 128 128 128
-4.9361419677734375 4.905581951141357 -41.292686462402344 128 128 128
-5.008484840393066 4.631209373474121 -39.158626556396484 128 128 128
-5.992605686187744 4.849969863891602 -41.4479866027832 128 128 128
-13.954724311828613 8.134831428527832 -71.65702056884766 128 128 128
-6.762813091278076 4.560772895812988 -42.009071350097656 128 128 128
-7.655054092407227 4.8754425048828125 -45.21828079223633 128 128 128
-8.636777877807617 5.205345153808594 -48.63475799560547 128 128 128
-11.428278923034668 6.562036514282227 -61.416603088378906 128 128 128
-10.427249908447266 5.686892986297607 -53.65328598022461 128 128 128
-12.159775733947754 5.546177387237549 -53.364013671875 128 128 128
-12.844066619873047 4.984158515930176 -49.164772033691406 128 128 128
-17.458023071289062 5.2143096923828125 -57.69906234741211 128 128 128
-15.939201354980469 4.464745998382568 -49.90647506713867 128 128 128
-25.1857967376709 6.826898574829102 -76.83966064453125 128 128 128
-28.368345260620117 7.442905426025391 -84.39753723144531 128 128 128
40.72444152832031 -9.17200756072998 107.71623992919922 128 128 128
65.0427017211914 -14.210326194763184 168.3307342529297 128 128 128
-0.9401687979698181 3.564023494720459 -34.32807159423828 128 128 128
-1.3452633619308472 3.891007661819458 -37.748390197753906 128 128 128
-2.9249427318573 4.27254056930542 -42.4443359375 128 128 128
-4.040977478027344 5.234515190124512 -52.3172607421875 128 128 128
-4.039731502532959 4.6999359130859375 -47.1754264831543 128 128 128
-3.9504008293151855 4.1572346687316895 -42.086708068847656 128 128 128
-4.0018630027771 3.842000722885132 -39.1756591796875 128 128 128
-10.147191047668457 8.964491844177246 -91.75251770019531 128 128 128
-6.649532794952393 5.430670261383057 -55.91315460205078 128 128 128
-8.247690200805664 5.829173564910889 -60.842552185058594 128 128 128
-13.138340950012207 3.7238399982452393 -44.71787643432617 128 128 128
-19.396013259887695 4.796295166015625 -59.25995635986328 128 128 128
-17.508119583129883 4.186830997467041 -52.16334915161133 128 128 128
90.97783660888672 -18.10157012939453 235.68687438964844 128 128 128
95.09419250488281 -18.353012084960938 241.1346435546875 128 128 128
-0.5624856948852539 1.217356562614441 -12.833852767944336 128 128 128
-0.6637505888938904 1.2001569271087646 -12.740928649902344 128 128 128
-0.7379957437515259 1.1450936794281006 -12.185529708862305 128 128 128
-0.4970620572566986 0.9891594052314758 -11.30193042755127 128 128 128
-0.646379828453064 1.0755407810211182 -12.359588623046875 128 128 128
-0.7367507219314575 1.0508583784103394 -12.171514511108398 128 128 128
-0.8459076881408691 1.0532268285751343 -12.305466651916504 128 128 128
-1.2589292526245117 1.2447162866592407 -14.755465507507324 128 128 128
-1.4505020380020142 1.2975947856903076 -15.493656158447266 128 128 128
-1.4753320217132568 1.20645272731781 -14.456405639648438 128 128 128
-2.5809667110443115 1.6574581861495972 -20.331375122070312 128 128 128
-2.5332722663879395 1.5162805318832397 -18.726720809936523 128 128 128
-13.695369720458984 6.358241081237793 -81.28268432617188 128 128 128
-11.290956497192383 4.465957164764404 -58.342742919921875 128 128 128
-24.46591567993164 6.203482151031494 -88.37310028076172 128 128 128
-22.296401977539062 6.521117687225342 -98.39899444580078 128 128 128
-25.03485107421875 7.020078182220459 -106.52247619628906 128 128 128
-22.070222854614258 5.918788909912109 -90.69788360595703 128 128 128
-16.195621490478516 4.171954154968262 -64.33500671386719 128 128 128
-17.723180770874023 4.198861598968506 -66.03227996826172 128 128 128
-0.4492701292037964 1.6440045833587646 -21.846996307373047 128 128 128
-23.1136531829834 4.254400730133057 -78.84461212158203 128 128 128
-21.494068145751953 3.789335012435913 -71.31092071533203 128 128 128
-29.50703239440918 5.043049335479736 -95.20561981201172 128 128 128
-37.98429870605469 5.167750835418701 -105.54071807861328 128 128 128
-42.27710723876953 5.531313896179199 -114.82231140136719 128 128 128
-28.660303115844727 3.6143858432769775 -76.12080383300781 128 128 128
-0.9615483283996582 1.3957669734954834 -21.31991195678711 128 128 128
-2.028427839279175 1.4777791500091553 -23.53975486755371 128 128 128
-3.9859018325805664 2.3902673721313477 -38.843894958496094 128 128 128
-3.7510054111480713 2.0541610717773438 -33.882652282714844 128 128 128
-3.251535177230835 1.3247100114822388 -25.531208038330078 128 128 128
-3.5936079025268555 1.3601008653640747 -26.4960994720459 128 128 128
-4.598681449890137 1.6199573278427124 -31.96617317199707 128 128 128
-4.909061908721924 1.6150773763656616 -32.27349853515625 128 128 128
-5.476629734039307 1.583686351776123 -32.48050308227539 128 128 128
-6.3769426345825195 1.551481008529663 -32.95146560668945 128 128 128
-7.803553104400635 1.794822335243225 -38.67142868041992 128 128 128
-7.398787498474121 1.618646264076233 -35.205875396728516 128 128 128
-6.434756278991699 1.4843510389328003 -36.33636474609375 128 128 128
-5.3068647384643555 1.149599552154541 -28.639324188232422 128 128 128
-8.064787864685059 1.3239895105361938 -35.56466293334961 128 128 128
-7.773674964904785 1.2113428115844727 -33.07140350341797 128 128 128
-9.534395217895508 1.2753020524978638 -36.67876434326172 128 128 128
-9.895925521850586 1.2611258029937744 -36.88935089111328 128 128 128
-11.13709545135498 1.348021388053894 -40.275001525878906 128 128 128
-33.0722541809082 3.4398739337921143 -109.73737335205078 128 128 128
-53.3087272644043 5.333138465881348 -172.07041931152344 128 128 128
-96.12126159667969 9.122984886169434 -302.2137451171875 128 128 128
-211.11843872070312 19.130874633789062 -646.8355712890625 128 128 128
-130.3035888671875 11.281563758850098 -389.29364013671875 128 128 128
-90.8910903930664 7.489918231964111 -264.984375 128 128 128
-61.549224853515625 4.876705169677734 -175.15135192871094 128 128 128
-80.16635131835938 5.787034511566162 -217.808349609375 128 128 128
-0.7433156371116638 0.8328315019607544 -19.09731674194336 128 128 128
-0.8174765110015869 0.7522282004356384 -17.37529182434082 128 128 128
-0.9999974966049194 0.7763662338256836 -18.15907859802246 128 128 128
-73.43158721923828 3.751835346221924 -199.61984252929688 128 128 128
-241.06582641601562 11.791402816772461 -640.6491088867188 128 128 128
-113.3757553100586 5.285460472106934 -294.7378845214844 128 128 128
-1.3762438297271729 0.7501786351203918 -21.566205978393555 128 128 128
-1.5636721849441528 0.7453209161758423 -21.761329650878906 128 128 128
-1.6549969911575317 0.6983616948127747 -20.704099655151367 128 128 128
-1.9870960712432861 0.7526618838310242 -22.543737411499023 128 128 128
-2.2483129501342773 0.763587474822998 -23.383710861206055 128 128 128
-1.977156400680542 0.5735756754875183 -22.308876037597656 128 128 128
-2.84394907951355 0.5531209111213684 -23.491024017333984 128 128 128
-3.0073082447052 0.530907928943634 -23.29388999938965 128 128 128
-2.7984437942504883 0.45015963912010193 -20.400794982910156 128 128 128
-3.128028631210327 0.46519285440444946 -21.510873794555664 128 128 128
-12.092799186706543 0.9499715566635132 -57.333431243896484 128 128 128
-12.361035346984863 0.897342324256897 -56.40913772583008 128 128 128
-14.173439025878906 0.9526938796043396 -62.33677291870117 128 128 128
-15.286236763000488 0.9536256194114685 -64.87358093261719 128 128 128
-15.068768501281738 0.8668332099914551 -61.793739318847656 128 128 128
-14.852170944213867 0.7694635391235352 -58.95036697387695 128 128 128
-12.602648735046387 0.618837833404541 -48.40355682373047 128 128 128
-16.97209358215332 0.7697414755821228 -63.17680740356445 128 128 128
-4.672407627105713 0.268312007188797 -25.061697006225586 128 128 128
-16.886259078979492 0.49396950006484985 -71.65351104736328 128 128 128
-22.29575538635254 0.5030264854431152 -88.4177474975586 128 128 128
-18.97804832458496 0.3481850028038025 -70.57899475097656 128 128 128
-19.137746810913086 0.19448421895503998 -65.17620849609375 128 128 128
-16.67055892944336 0.12166760116815567 -55.23257827758789 128 128 128
-247.37744140625 -0.1457839459180832 -757.7894897460938 128 128 128
98.1001968383789 0.1400640606880188 292.9339294433594 128 128 128
68.45079803466797 0.2480325549840927 199.49530029296875 128 128 128
-0.7590367197990417 0.5657826662063599 -40.188350677490234 128 128 128
-1.3684686422348022 0.7101385593414307 -51.32074737548828 128 128 128
-2.4679136276245117 0.7367608547210693 -126.33855438232422 128 128 128
-1.5263221263885498 0.3175194263458252 -55.86152648925781 128 128 128
-9.960245132446289 0.02991599030792713 -76.18531036376953 128 128 128
-6.850509166717529 -0.0248383991420269 -46.59831237792969 128 128 128
-8.620345115661621 -0.0740964263677597 -55.622413635253906 128 128 128
-6.649822235107422 -0.07490748167037964 -40.7628173828125 128 128 128
-8.851536750793457 -0.11868666857481003 -51.664039611816406 128 128 128
-38.28443908691406 -1.4866328239440918 -137.984619140625 128 128 128
-9.758988380432129 -0.5826094150543213 -56.88449478149414 128 128 128
-9.103265762329102 -0.5224925875663757 -50.585628509521484 128 128 128
-7.8788065910339355 -0.4730144739151001 -41.936119079589844 128 128 128
-8.474150657653809 -0.5122987031936646 -43.23007583618164 128 128 128
-8.069722175598145 -0.48325854539871216 -37.97531509399414 128 128 128
-11.390213012695312 -0.7093766927719116 -49.8110237121582 128 128 128
-36.960636138916016 -2.3646156787872314 -145.99156188964844 128 128 128
-46.68458557128906 -3.031022310256958 -178.66709899902344 128 128 128
-32.15226745605469 -2.0559911727905273 -115.6849365234375 128 128 128
-42.17461395263672 -2.748866558074951 -147.45066833496094 128 128 128
-246.38424682617188 -15.875125885009766 -836.9092407226562 128 128 128
-111.48529815673828 -7.228156089782715 -368.4097595214844 128 128 128
-37.810367584228516 -2.4792752265930176 -121.66351318359375 128 128 128
38.199913024902344 2.5921576023101807 108.5624008178711 128 128 128
28.382333755493164 2.509457588195801 78.76627349853516 128 128 128
-37.2389030456543 -9.59895133972168 -339.4806213378906 128 128 128
-70.336669921875 -11.924576759338379 -342.0395202636719 128 128 128
-47.17293930053711 -7.754971504211426 -220.53689575195312 128 128 128
-48.70058059692383 -9.274519920349121 -211.2146453857422 128 128 128
-62.19004440307617 -11.328568458557129 -251.914306640625 128 128 128
-46.13201904296875 -8.231156349182129 -180.88795471191406 128 128 128
-28.169414520263672 -4.9297709465026855 -107.03076171875 128 128 128
-20.172595977783203 -3.4787728786468506 -74.3642578125 128 128 128
-21.898548126220703 -3.719285726547241 -78.3818130493164 128 128 128
30.18845558166504 4.880255222320557 99.31658172607422 128 128 128
43.954132080078125 14.739713668823242 274.9479064941406 128 128 128
23.53386878967285 5.651780605316162 94.85428619384766 128 128 128
14.33352279663086 3.0002479553222656 47.01211166381836 128 128 128
11.630199432373047 3.7427592277526855 45.1218147277832 128 128 128
15.102896690368652 4.726816654205322 56.78432846069336 128 128 128
11.347960472106934 3.187859535217285 37.03553009033203 128 128 128
10.471887588500977 2.889357328414917 33.30131912231445 128 128 128
-1.699137806892395 2.6726906299591064 -6.793231010437012 128 128 128
-1.3875218629837036 2.1682240962982178 -5.752862453460693 128 128 128
-1.8737537860870361 2.5805811882019043 -6.836705207824707 128 128 128
-2.8192081451416016 3.6590359210968018 -9.693942070007324 128 128 128
-1.2372894287109375 1.9629104137420654 -5.322352886199951 128 128 128
-1.406097173690796 2.0842692852020264 -5.648614883422852 128 128 128
-1.9185184240341187 2.5882151126861572 -7.0069966316223145 128 128 128
-2.1699869632720947 2.8412859439849854 -7.690661907196045 128 128 128
-2.5772783756256104 3.190001964569092 -8.625402450561523 128 128 128
-25.34890365600586 24.53927230834961 -66.21829986572266 128 128 128
-1.06977117061615 1.6629732847213745 -4.610290050506592 128 128 128
-1.186261534690857 1.782244086265564 -4.938006401062012 128 128 128
-1.349158763885498 1.9572291374206543 -5.425337314605713 128 128 128
-1.5268378257751465 2.1457390785217285 -5.9432268142700195 128 128 128
-1.7091573476791382 2.3268518447875977 -6.44344425201416 128 128 128
-1.995404601097107 2.6339335441589355 -7.292475700378418 128 128 128
-2.2284281253814697 2.8552627563476562 -7.902687072753906 128 128 128
-2.398381471633911 2.9811012744903564 -8.256574630737305 128 128 128
-2.72114896774292 3.2890939712524414 -9.105761528015137 128 128 128
-0.20230643451213837 2.4978020191192627 -7.147924900054932 128 128 128
-0.9598718285560608 1.5143928527832031 -4.2961835861206055 128 128 128
-1.0446749925613403 1.5888303518295288 -4.5075364112854 128 128 128
-1.1996262073516846 1.7630271911621094 -4.998413562774658 128 128 128
-1.3665215969085693 1.943740725517273 -5.505212306976318 128 128 128
-1.4619344472885132 2.0108118057250977 -5.696079730987549 128 128 128
-1.652156114578247 2.201901435852051 -6.234461307525635 128 128 128
-1.857885718345642 2.3993630409240723 -6.794493675231934 128 128 128
-2.2497661113739014 2.821228504180908 -7.983992576599121 128 128 128
-2.629899024963379 3.2016806602478027 -9.061675071716309 128 128 128
-8.423744201660156 9.459830284118652 -26.716657638549805 128 128 128
11.189549446105957 -10.37128734588623 29.241525650024414 128 128 128
-0.41136178374290466 2.615368366241455 -7.646773815155029 128 128 128
-0.742080569267273 1.187711238861084 -3.4522621631622314 128 128 128
-0.8862975835800171 1.3695149421691895 -3.9743916988372803 128 128 128
-2.2804791927337646 2.7955377101898193 -8.095861434936523 128 128 128
-0.689369261264801 1.0787162780761719 -3.2116129398345947 128 128 128
-0.8063216805458069 1.2154878377914429 -3.6165599822998047 128 128 128
-0.9464016556739807 1.3770363330841064 -4.092738151550293 128 128 128
-1.1349687576293945 1.5962638854980469 -4.738249778747559 128 128 128
-1.349618673324585 1.8346487283706665 -5.44351053237915 128 128 128
-1.499579668045044 1.971008539199829 -5.848935604095459 128 128 128
-1.780125379562378 2.269347667694092 -6.7248454093933105 128 128 128
-2.0197904109954834 2.493589401245117 -7.393237590789795 128 128 128
-2.1237497329711914 2.5436649322509766 -7.541006088256836 128 128 128
-0.2657528221607208 2.991276741027832 -9.190783500671387 128 128 128
-0.3306158185005188 2.8830883502960205 -8.855021476745605 128 128 128
-0.3777259588241577 2.6862473487854004 -8.2540922164917 128 128 128
-0.43725213408470154 2.626979351043701 -8.06991958618164 128 128 128
-0.8325828313827515 4.334566116333008 -13.3008394241333 128 128 128
-0.5227715373039246 0.8327865600585938 -2.5384085178375244 128 128 128
-0.6463919878005981 0.9888415932655334 -3.01499342918396 128 128 128
-0.7821553349494934 1.1543840169906616 -3.5127339363098145 128 128 128
-0.8980584740638733 1.2767515182495117 -3.8856778144836426 128 128 128
-1.0652598142623901 1.4634226560592651 -4.44827938079834 128 128 128
-1.3121495246887207 1.7410469055175781 -5.292476654052734 128 128 128
0.09681709110736847 -0.18865129351615906 0.5912186503410339 128 128 128
-0.34933310747146606 2.3546268939971924 -7.60187292098999 128 128 128
0.5898346900939941 -1.4056259393692017 4.528426170349121 128 128 128
-5.674729824066162 6.303415775299072 -20.1346435546875 128 128 128
-0.37379327416419983 2.4527060985565186 -8.1290864944458 128 128 128
-4.116361141204834 4.893202781677246 -16.02741813659668 128 128 128
-4.327017784118652 4.982194423675537 -16.314058303833008 128 128 128
-8.896854400634766 9.62636661529541 -31.5463924407959 128 128 128
-0.3584456443786621 2.288088083267212 -7.793890953063965 128 128 128
-0.38017070293426514 2.0487802028656006 -6.981430530548096 128 128 128
11.44880485534668 -29.729467391967773 101.0440673828125 128 128 128
-5.3265838623046875 6.35042142868042 -21.42207908630371 128 128 128
-5.116776943206787 5.901930809020996 -19.908327102661133 128 128 128
-0.3742961585521698 2.3281190395355225 -8.151427268981934 128 128 128
-0.3961294889450073 2.0783023834228516 -7.28143835067749 128 128 128
107.49195098876953 -253.8653106689453 885.8997192382812 128 128 128
-3.9015069007873535 4.518937110900879 -15.667672157287598 128 128 128
6.765454292297363 -5.760020732879639 19.81344985961914 128 128 128
-0.35506415367126465 2.156616449356079 -7.762650966644287 128 128 128
-6.975266456604004 18.575679779052734 -66.77361297607422 128 128 128
-0.37786129117012024 1.8839898109436035 -6.988602638244629 128 128 128
-4.157484531402588 10.763713836669922 -39.872615814208984 128 128 128
-4.872469902038574 11.708070755004883 -43.32896423339844 128 128 128
-5.672417163848877 12.697793006896973 -46.98320007324219 128 128 128
-112.81959533691406 221.71002197265625 -820.9422607421875 128 128 128
-0.34171539545059204 1.9589084386825562 -7.497777938842773 128 128 128
-0.39821770787239075 1.9309654235839844 -7.386213779449463 128 128 128
-7.241822719573975 18.351287841796875 -69.92898559570312 128 128 128
29.463397979736328 -69.0315933227539 263.2004699707031 128 128 128
-8.990888595581055 19.544389724731445 -74.61811828613281 128 128 128
3.8958165645599365 -2.652350664138794 9.918679237365723 128 128 128
3.812678098678589 -2.539043426513672 9.50545597076416 128 128 128
-0.3277879059314728 2.265937089920044 -8.928131103515625 128 128 128
-0.3614536225795746 2.0379903316497803 -8.025574684143066 128 128 128
-0.4172217845916748 1.9827502965927124 -7.809072494506836 128 128 128
-0.4640323221683502 1.9045383930206299 -7.503678798675537 128 128 128
-11.742444038391113 31.252893447875977 -123.2025375366211 128 128 128
-16.219018936157227 39.87331008911133 -156.9532470703125 128 128 128
-0.3861284554004669 2.12074875831604 -8.625968933105469 128 128 128
-0.45757126808166504 2.1201393604278564 -8.620596885681152 128 128 128
-0.5322519540786743 2.134537696838379 -8.674726486206055 128 128 128
-0.45050638914108276 2.0226917266845703 -8.514372825622559 128 128 128
-0.3773198425769806 1.9606868028640747 -8.540637016296387 128 128 128
-0.43602773547172546 1.910668134689331 -8.317906379699707 128 128 128
-1.5266642570495605 4.540750980377197 -19.765487670898438 128 128 128
3.4928059577941895 -5.207491397857666 22.86333656311035 128 128 128
1.2000330686569214 -1.2189749479293823 5.355319499969482 128 128 128
1.7052857875823975 -1.5094066858291626 6.594669342041016 128 128 128
-0.3945535123348236 1.9964447021484375 -9.012030601501465 128 128 128
-0.46641695499420166 1.9669063091278076 -8.899031639099121 128 128 128
-0.5224729180335999 1.905088186264038 -8.615466117858887 128 128 128
-1.4866578578948975 4.281309604644775 -19.33234977722168 128 128 128
2.1335830688476562 -3.44421124458313 15.680986404418945 128 128 128
2.1063389778137207 -3.0226714611053467 13.786078453063965 128 128 128
2.081244468688965 -2.8184454441070557 12.874004364013672 128 128 128
2.4999887943267822 -3.210754156112671 14.680055618286133 128 128 128
2.3848581314086914 -2.913864850997925 13.33299732208252 128 128 128
1.177019476890564 -1.1968809366226196 5.469037055969238 128 128 128
1.1966228485107422 -1.1709882020950317 5.3473405838012695 128 128 128
1.3668595552444458 -1.2887063026428223 5.876601219177246 128 128 128
1.876957893371582 -1.708315134048462 7.780152797698975 128 128 128
2.4726462364196777 -1.7791823148727417 7.967977046966553 128 128 128
-0.33546552062034607 2.006577968597412 -9.433989524841309 128 128 128
-0.41784822940826416 2.0344982147216797 -9.555534362792969 128 128 128
-0.47613391280174255 1.960506796836853 -9.193692207336426 128 128 128
-1.3826276063919067 3.8340487480163574 -18.007722854614258 128 128 128
-1.7157008647918701 4.298943519592285 -20.1908016204834 128 128 128
2.63985538482666 -4.383231163024902 20.72677993774414 128 128 128
2.042501211166382 -3.1985113620758057 15.116724967956543 128 128 128
2.0506396293640137 -3.005821466445923 14.238253593444824 128 128 128
2.1797034740448 -3.0045275688171387 14.25715446472168 128 128 128
2.7301580905914307 -3.380559206008911 16.072708129882812 128 128 128
1.335594892501831 -1.3616148233413696 6.479314804077148 128 128 128
1.361510157585144 -1.331801176071167 6.332266807556152 128 128 128
1.4709829092025757 -1.3832402229309082 6.568037986755371 128 128 128
1.5888148546218872 -1.4398202896118164 6.828963279724121 128 128 128
1.7091004848480225 -1.4952069520950317 7.0841450691223145 128 128 128
-0.3972291946411133 1.886206865310669 -9.20007610321045 128 128 128
-0.48940151929855347 1.9477514028549194 -9.503774642944336 128 128 128
-0.546306312084198 1.8663049936294556 -9.116531372070312 128 128 128
-2.1053202152252197 5.640180587768555 -27.558704376220703 128 128 128
-1.9557902812957764 4.698352336883545 -23.006025314331055 128 128 128
-1.9162088632583618 4.1889753341674805 -20.527193069458008 128 128 128
-2.0887675285339355 4.195450305938721 -20.565757751464844 128 128 128
2.36332631111145 -3.7933037281036377 18.65712547302246 128 128 128
2.5315113067626953 -3.8058364391326904 18.74164581298828 128 128 128
2.631706476211548 -3.713036298751831 18.31485939025879 128 128 128
1.8790791034698486 -2.4920339584350586 12.31557559967041 128 128 128
1.8667707443237305 -2.34112548828125 11.583463668823242 128 128 128
1.3234680891036987 -1.2970490455627441 6.433165073394775 128 128 128
1.5034548044204712 -1.412256121635437 6.9974684715271 128 128 128
1.6096214056015015 -1.4549705982208252 7.207006454467773 128 128 128
-0.4394931197166443 1.6846168041229248 -8.571276664733887 128 128 128
-0.5359105467796326 1.761946439743042 -8.975472450256348 128 128 128
-2.5242974758148193 5.848357200622559 -29.8409423828125 128 128 128
-2.6178994178771973 5.517534255981445 -28.175827026367188 128 128 128
2.6447360515594482 -3.0051677227020264 15.538707733154297 128 128 128
1.4454154968261719 -1.3010300397872925 6.727907657623291 128 128 128
1.5990126132965088 -1.3846052885055542 7.156615257263184 128 128 128
1.6496585607528687 -1.168584942817688 5.963059425354004 128 128 128
1.7427870035171509 -1.2002315521240234 6.1054606437683105 128 128 128
2.057607650756836 -1.3774160146713257 7.009653568267822 128 128 128
2.377593994140625 -1.549765944480896 7.870057106018066 128 128 128
2.257049798965454 -1.220658779144287 6.097968101501465 128 128 128
-0.35864686965942383 1.96382737159729 -10.42750072479248 128 128 128
-0.44064316153526306 1.938657283782959 -10.302210807800293 128 128 128
-0.5027748346328735 1.8527547121047974 -9.848134994506836 128 128 128
-2.0054383277893066 4.959707736968994 -26.40814781188965 128 128 128
-1.8029652833938599 4.035194396972656 -21.47316551208496 128 128 128
2.3687398433685303 -3.502239942550659 18.778717041015625 128 128 128
2.93517804145813 -3.794358491897583 20.42826271057129 128 128 128
3.372492790222168 -4.124016761779785 22.217721939086914 128 128 128
2.734882116317749 -3.1553916931152344 17.028202056884766 128 128 128
1.1844360828399658 -1.222760796546936 6.616179943084717 128 128 128
1.3289200067520142 -1.2484873533248901 6.760007381439209 128 128 128
1.4134364128112793 -1.2720102071762085 6.888271331787109 128 128 128
1.8310832977294922 -1.0341055393218994 5.443260192871094 128 128 128
1.863900065422058 -1.0282286405563354 5.40617561340332 128 128 128
2.13107967376709 -1.1497533321380615 6.032742023468018 128 128 128
2.2961137294769287 -1.2118067741394043 6.348617076873779 128 128 128
-2.2825019359588623 5.457085132598877 -30.34544563293457 128 128 128
3.044327735900879 -3.5407259464263916 20.00065040588379 128 128 128
1.1862008571624756 -1.232632040977478 6.981985092163086 128 128 128
1.4195256233215332 -1.39833664894104 7.92780065536499 128 128 128
1.5759799480438232 -1.4801870584487915 8.395917892456055 128 128 128
1.5696967840194702 -1.4106206893920898 8.00523567199707 128 128 128
1.3577800989151 -0.9965844750404358 5.625097274780273 128 128 128
1.5474305152893066 -1.0625289678573608 5.970673561096191 128 128 128
1.6629612445831299 -1.1070618629455566 6.202282428741455 128 128 128
-0.4552100896835327 1.855334758758545 -10.8104887008667 128 128 128
-0.5252296924591064 1.797324299812317 -10.46455192565918 128 128 128
-1.8836106061935425 4.789819240570068 -28.0056095123291 128 128 128
-2.3608720302581787 5.355003356933594 -31.310134887695312 128 128 128
-2.870715856552124 5.837373733520508 -34.19862747192383 128 128 128
-3.6692423820495605 6.827739715576172 -39.96434783935547 128 128 128
3.57578182220459 -5.593762397766113 32.866703033447266 128 128 128
1.3910038471221924 -1.457382082939148 8.656120300292969 128 128 128
1.3940210342407227 -1.3869850635528564 8.246199607849121 128 128 128
1.1915816068649292 -0.8958310484886169 5.32399845123291 128 128 128
-0.35921624302864075 1.7463297843933105 -10.694117546081543 128 128 128
-0.5602168440818787 1.821707010269165 -11.16762924194336 128 128 128
-2.400359869003296 5.879465579986572 -36.06502151489258 128 128 128
-3.3540639877319336 6.576350212097168 -40.39859390258789 128 128 128
-2.8589069843292236 5.082133769989014 -31.270360946655273 128 128 128
1.604331374168396 -1.5962532758712769 9.98215389251709 128 128 128
1.691058874130249 -1.5965142250061035 9.994418144226074 128 128 128
1.1621599197387695 -0.9039959907531738 5.673253059387207 128 128 128
1.1740095615386963 -0.8738144636154175 5.4782490730285645 128 128 128
1.216819167137146 -0.8711312413215637 5.460463047027588 128 128 128
1.3546342849731445 -0.9327142834663391 5.835464954376221 128 128 128
1.3872517347335815 -0.9207960963249207 5.746509552001953 128 128 128
1.5167316198349 -0.9733364582061768 6.070276737213135 128 128 128
1.7587279081344604 -0.8204362392425537 4.969311714172363 128 128 128
1.9340676069259644 -0.8832529187202454 5.336304664611816 128 128 128
1.346391201019287 -1.436140537261963 9.44106388092041 128 128 128
1.3757095336914062 -1.375771403312683 9.066885948181152 128 128 128
1.4657588005065918 -1.3902392387390137 9.170183181762695 128 128 128
1.6539973020553589 -1.4009737968444824 9.271058082580566 128 128 128
1.2467619180679321 -0.919284999370575 6.092236042022705 128 128 128
1.3486870527267456 -0.912990152835846 6.035369396209717 128 128 128
1.4405975341796875 -0.9397176504135132 6.20883321762085 128 128 128
1.6095763444900513 -1.0124071836471558 6.676270008087158 128 128 128
-0.385316401720047 1.7159861326217651 -11.69809341430664 128 128 128
-1.9803828001022339 5.044795989990234 -34.42443084716797 128 128 128
-2.2672414779663086 5.038961410522461 -34.42898941040039 128 128 128
-2.90659499168396 5.684770584106445 -38.97425079345703 128 128 128
-2.782061815261841 4.865540981292725 -33.44424819946289 128 128 128
1.41169273853302 -1.4206912517547607 9.892538070678711 128 128 128
1.4885828495025635 -1.4132747650146484 9.854084014892578 128 128 128
1.6090091466903687 -1.4355220794677734 10.033829689025879 128 128 128
1.6564850807189941 -1.3978843688964844 9.785547256469727 128 128 128
1.881620168685913 -1.508322834968567 10.570079803466797 128 128 128
1.15672767162323 -0.8404073119163513 5.896282196044922 128 128 128
1.2243012189865112 -0.8507965803146362 5.968938827514648 128 128 128
1.4091503620147705 -0.9405794143676758 6.601255893707275 128 128 128
1.6816964149475098 -0.8542386889457703 5.890581130981445 128 128 128
1.4385292530059814 -0.659214198589325 4.490149021148682 128 128 128
1.5697230100631714 -0.6854857802391052 4.656120777130127 128 128 128
1.6839512586593628 -0.7203977704048157 4.865765571594238 128 128 128
-0.3107614517211914 1.7717335224151611 -12.792132377624512 128 128 128
-0.40969106554985046 1.7400126457214355 -12.57274055480957 128 128 128
-2.6698830127716064 5.5520172119140625 -40.37009811401367 128 128 128
-3.8119168281555176 7.034262180328369 -51.20810317993164 128 128 128
25.205263137817383 -38.11674880981445 277.81903076171875 128 128 128
1.548231601715088 -1.4674748182296753 10.856825828552246 128 128 128
1.4840424060821533 -1.324889063835144 9.818559646606445 128 128 128
1.541611909866333 -1.294446349143982 9.615317344665527 128 128 128
1.2094511985778809 -0.8681484460830688 6.471659183502197 128 128 128
1.2381742000579834 -0.847527027130127 6.320779323577881 128 128 128
1.37312650680542 -0.8984515070915222 6.700382709503174 128 128 128
1.5549366474151611 -0.6534999012947083 4.735961437225342 128 128 128
1.6209001541137695 -0.6657562255859375 4.810474395751953 128 128 128
1.5397084951400757 -0.580411434173584 4.1479010581970215 128 128 128
1.6263376474380493 -0.6024899482727051 4.278434753417969 128 128 128
1.5096004009246826 -1.428663730621338 11.257149696350098 128 128 128
1.55507230758667 -1.3843101263046265 10.921574592590332 128 128 128
1.7080118656158447 -1.4297699928283691 11.303608894348145 128 128 128
1.132578730583191 -0.8451544046401978 6.7071943283081055 128 128 128
1.2341891527175903 -0.875709593296051 6.958016872406006 128 128 128
1.3145946264266968 -0.8461777567863464 6.7362589836120605 128 128 128
1.3135628700256348 -0.8071131110191345 6.425863742828369 128 128 128
1.3990147113800049 -0.8242220878601074 6.562697887420654 128 128 128
1.259163737297058 -0.684499979019165 5.436253547668457 128 128 128
1.3717609643936157 -0.7184933423995972 5.689426422119141 128 128 128
1.4112110137939453 -0.7143994569778442 5.6497697830200195 128 128 128
1.480774998664856 -0.7253925800323486 5.717676639556885 128 128 128
1.6025477647781372 -0.5570385456085205 4.215066432952881 128 128 128
1.6127899885177612 -1.4260278940200806 12.03711986541748 128 128 128
1.1270387172698975 -0.8324053883552551 7.064188480377197 128 128 128
1.161505937576294 -0.8087208271026611 6.878661632537842 128 128 128
1.190905213356018 -0.7852177023887634 6.68853235244751 128 128 128
1.206634521484375 -0.7585663795471191 6.467482089996338 128 128 128
1.3403133153915405 -0.8035591840744019 6.855468273162842 128 128 128
1.4454081058502197 -0.8286598920822144 7.071684837341309 128 128 128
1.1631009578704834 -0.5898255109786987 5.019711017608643 128 128 128
1.501848578453064 -0.5658591985702515 4.697308540344238 128 128 128
1.1592217683792114 -0.7936162948608398 7.256956577301025 128 128 128
1.183834433555603 -0.7645827531814575 7.006590843200684 128 128 128
1.246253490447998 -0.7650903463363647 7.020074844360352 128 128 128
1.3134337663650513 -0.7652115225791931 7.028840065002441 128 128 128
1.4435571432113647 -0.8020159006118774 7.370639324188232 128 128 128
1.1303539276123047 -0.5760703086853027 5.295006275177002 128 128 128
1.2303036451339722 -0.6024129986763 5.535183906555176 128 128 128
1.2646151781082153 -0.595199465751648 5.456414699554443 128 128 128
1.3446307182312012 -0.610492467880249 5.590095043182373 128 128 128
6.538566589355469 -8.291848182678223 80.0594253540039 128 128 128
7.739216327667236 -8.8121337890625 85.48119354248047 128 128 128
11.009073257446289 -11.49181842803955 111.57916259765625 128 128 128
1.177507758140564 -0.788560152053833 7.797743797302246 128 128 128
1.2995343208312988 -0.7391124367713928 7.348136901855469 128 128 128
1.0648829936981201 -0.5231374502182007 5.215024471282959 128 128 128
1.136471152305603 -0.5351599454879761 5.335577487945557 128 128 128
1.2673864364624023 -0.5726718306541443 5.704542636871338 128 128 128
1.3492730855941772 -0.5862320065498352 5.828527927398682 128 128 128
1.2424719333648682 -0.41131970286369324 3.9958841800689697 128 128 128
1.2906397581100464 -0.4175998866558075 4.033283233642578 128 128 128
6.954531669616699 -10.407693862915039 108.45824432373047 128 128 128
4.1914496421813965 -5.5340375900268555 57.820247650146484 128 128 128
1.1619641780853271 -0.7579163908958435 8.160294532775879 128 128 128
1.2246274948120117 -0.7542039155960083 8.131903648376465 128 128 128
1.1709833145141602 -0.5047253370285034 5.491360187530518 128 128 128
1.2662276029586792 -0.5244557857513428 5.705725193023682 128 128 128
1.1525977849960327 -0.3684868812561035 3.9248311519622803 128 128 128
1.232060194015503 -0.3838821053504944 4.073249816894531 128 128 128
1.2900025844573975 -0.3917085826396942 4.148704528808594 128 128 128
-0.8110566139221191 2.3767385482788086 -26.81627082824707 128 128 128
1.1859965324401855 -0.7063648700714111 8.357315063476562 128 128 128
1.2203996181488037 -0.6861645579338074 8.131624221801758 128 128 128
1.4476759433746338 -0.7612079381942749 9.059591293334961 128 128 128
1.1887586116790771 -0.5076957941055298 6.078763961791992 128 128 128
1.2159072160720825 -0.4975026547908783 5.961968421936035 128 128 128
1.2491511106491089 -0.4896383285522461 5.8682475090026855 128 128 128
1.1685373783111572 -0.3392859101295471 3.9863314628601074 128 128 128
1.3138731718063354 -0.3626241683959961 4.228885173797607 128 128 128
4.883751392364502 -5.334407806396484 67.70744323730469 128 128 128
3.8741979598999023 -3.769071578979492 48.03699493408203 128 128 128
1.2097504138946533 -0.648245096206665 8.523277282714844 128 128 128
0.9867551326751709 -0.4412238299846649 5.851802349090576 128 128 128
1.0448049306869507 -0.4442306458950043 5.901422023773193 128 128 128
1.0949058532714844 -0.44277113676071167 5.891873836517334 128 128 128
1.1931211948394775 -0.4590236246585846 6.11432409286499 128 128 128
1.0488172769546509 -0.3546205163002014 4.721701145172119 128 128 128
10.389039039611816 -11.48360824584961 162.95936584472656 128 128 128
1.3063305616378784 -0.6246793270111084 9.229823112487793 128 128 128
0.9736071825027466 -0.41104990243911743 6.11673641204834 128 128 128
1.0421911478042603 -0.4164263606071472 6.212356090545654 128 128 128
1.0862451791763306 -0.4117400646209717 6.157244682312012 128 128 128
1.1741366386413574 -0.4221284091472626 6.326517105102539 128 128 128
1.1949046850204468 -0.2849073112010956 4.2091755867004395 128 128 128
-0.11636905372142792 1.6057928800582886 -25.149545669555664 128 128 128
-0.298358291387558 1.5038615465164185 -23.538362503051758 128 128 128
8.603446006774902 -9.755627632141113 156.43621826171875 128 128 128
1.0075860023498535 -0.39541885256767273 6.704235076904297 128 128 128
1.1046677827835083 -0.3846953511238098 6.568811893463135 128 128 128
0.9717902541160583 -0.2906940281391144 4.994985580444336 128 128 128
1.0333175659179688 -0.29485031962394714 5.0689263343811035 128 128 128
1.1447577476501465 -0.22761209309101105 3.788424491882324 128 128 128
1.2036712169647217 -0.2344362586736679 3.864860773086548 128 128 128
1.2001763582229614 -0.21130722761154175 3.3793647289276123 128 128 128
7.0705180168151855 -6.991103172302246 129.43414306640625 128 128 128
1.0635017156600952 -0.3595588207244873 7.103036880493164 128 128 128
1.0978080034255981 -0.3467128574848175 6.892077445983887 128 128 128
1.1548418998718262 -0.3440510630607605 6.864112377166748 128 128 128
1.1681382656097412 -0.17959125339984894 3.3777148723602295 128 128 128
-0.11307037621736526 1.1881169080734253 -25.40781593322754 128 128 128
0.9959190487861633 -0.2999132573604584 7.069698333740234 128 128 128
1.0731159448623657 -0.3002677261829376 7.136702537536621 128 128 128
1.1473705768585205 -0.3022473156452179 7.214654922485352 128 128 128
0.9870251417160034 -0.22022996842861176 5.314810752868652 128 128 128
1.029554843902588 -0.21898937225341797 5.29702615737915 128 128 128
1.0548635721206665 -0.2139173448085785 5.178420066833496 128 128 128
1.0170363187789917 -0.15540030598640442 3.702592611312866 128 128 128
1.007539987564087 -0.18914836645126343 5.708192348480225 128 128 128
1.1080130338668823 -0.19728462398052216 5.976168632507324 128 128 128
1.032213807106018 -0.1292816400527954 3.887664318084717 128 128 128
1.0796705484390259 -0.19505079090595245 7.654752731323242 128 128 128
0.9244316220283508 -0.14705152809619904 5.853175163269043 128 128 128
0.9577446579933167 -0.14224398136138916 5.719912528991699 128 128 128
1.0411993265151978 -0.14553847908973694 5.892609596252441 128 128 128
0.9794585704803467 -0.1392562985420227 7.9367899894714355 128 128 128
0.9192691445350647 -0.1037321463227272 6.1524977684021 128 128 128
0.9688886404037476 -0.10148193687200546 6.109317779541016 128 128 128
1.0168404579162598 -0.10033426433801651 6.091309547424316 128 128 128
1.010662317276001 -0.05614694207906723 3.082167387008667 128 128 128
1.0651719570159912 -0.059535831212997437 3.158205509185791 128 128 128
1.7619081735610962 -0.4699220657348633 39.008365631103516 128 128 128
0.8561338782310486 -0.052637528628110886 6.090130805969238 128 128 128
0.9250960350036621 -0.047986552119255066 5.847012042999268 128 128 128
0.8741794228553772 -0.038851119577884674 4.9551215171813965 128 128 128
0.88882976770401 -0.03711220249533653 4.804778575897217 128 128 128
0.9331396818161011 -0.03670848533511162 4.81742000579834 128 128 128
0.9826788902282715 -0.02897072769701481 3.5821895599365234 128 128 128
1.0199576616287231 -0.030139092355966568 3.59755802154541 128 128 128
0.9017380475997925 -0.0020139224361628294 6.446984767913818 128 128 128
0.9361151456832886 -0.00019500190683174878 6.28525447845459 128 128 128
0.9499436020851135 0.002238191431388259 3.701202630996704 128 128 128
0.9947695732116699 0.0012499102158471942 3.7390871047973633 128 128 128
1.0377917289733887 0.0006671254523098469 3.7753608226776123 128 128 128
0.8602419495582581 0.04558499529957771 5.151406764984131 128 128 128
0.924669623374939 0.04735145717859268 5.271109580993652 128 128 128
1.0101896524429321 0.04809035733342171 3.0789637565612793 128 128 128
0.8741838932037354 0.14136554300785065 5.539957046508789 128 128 128
0.8971483707427979 0.08784251660108566 3.386669635772705 128 128 128
1.125846266746521 0.07638640701770782 3.255960702896118 128 128 128
0.8174498081207275 0.23561429977416992 7.1860151290893555 128 128 128
0.7938320636749268 0.19025291502475739 5.681282043457031 128 128 128
0.8608946204185486 0.19547255337238312 5.802596569061279 128 128 128
0.8257191777229309 0.16140979528427124 4.708150386810303 128 128 128
0.7868157029151917 0.251069039106369 6.036043167114258 128 128 128
0.8180900812149048 0.24593770503997803 5.87448263168335 128 128 128
0.8604170680046082 0.22009076178073883 5.172626972198486 128 128 128
0.8938361406326294 0.1563393622636795 3.627275228500366 128 128 128
0.9303650259971619 0.15667855739593506 3.642219066619873 128 128 128
0.9085870385169983 0.16905617713928223 3.314061164855957 128 128 128
0.8468939661979675 0.19884510338306427 3.318692922592163 128 128 128
0.8708140850067139 0.1970624029636383 3.2952568531036377 128 128 128
0.9405398368835449 0.17941761016845703 3.0432217121124268 128 128 128
1.268819808959961 -3.252136468887329 8.200637817382812 128 128 128
1.3870971202850342 -2.912059783935547 7.351659774780273 128 128 128
1.2769941091537476 -3.0274412631988525 7.811141014099121 128 128 128
1.3502252101898193 -2.7617876529693604 7.1368937492370605 128 128 128
1.3861334323883057 -2.712412118911743 7.011222839355469 128 128 128
1.2834577560424805 -2.1830265522003174 5.763193130493164 128 128 128
1.29579496383667 -2.1223268508911133 5.604377746582031 128 128 128
1.78984534740448 -1.9355729818344116 5.116150379180908 128 128 128
1.7867122888565063 -1.88593327999115 4.98541259765625 128 128 128
1.2913931608200073 -2.420724630355835 6.538136005401611 128 128 128
1.3095802068710327 -2.359743595123291 6.367724418640137 128 128 128
1.319791555404663 -2.2796623706817627 6.156920433044434 128 128 128
1.3329259157180786 -2.209505319595337 5.973570823669434 128 128 128
1.3743196725845337 -2.194237470626831 5.933215618133545 128 128 128
1.5155482292175293 -1.9299834966659546 5.21631383895874 128 128 128
1.5243597030639648 -1.8800952434539795 5.087852954864502 128 128 128
1.2195392847061157 -2.7053725719451904 7.465173721313477 128 128 128
1.307154893875122 -2.6240487098693848 7.2459025382995605 128 128 128
1.340851068496704 -2.0947067737579346 5.793126106262207 128 128 128
1.7475864887237549 -2.309295892715454 6.386538028717041 128 128 128
1.8075251579284668 -2.3093085289001465 6.394705772399902 128 128 128
1.8676846027374268 -2.3193106651306152 6.419750213623047 128 128 128
1.701237440109253 -2.0557916164398193 5.687361240386963 128 128 128
1.6336640119552612 -1.9176702499389648 5.307499885559082 128 128 128
0.5189635753631592 -6.585658550262451 18.540559768676758 128 128 128
1.3674556016921997 -2.560415029525757 7.240153789520264 128 128 128
1.3202143907546997 -2.2598824501037598 6.400928497314453 128 128 128
1.3436838388442993 -2.0451602935791016 5.79655647277832 128 128 128
1.668890118598938 -2.0801327228546143 5.899953842163086 128 128 128
1.3625041246414185 -2.277008295059204 6.606589317321777 128 128 128
1.7366316318511963 -2.2501931190490723 6.535262584686279 128 128 128
1.7889721393585205 -2.179175853729248 6.329041957855225 128 128 128
1.686176061630249 -1.6183161735534668 4.698703289031982 128 128 128
1.1410162448883057 -2.966562271118164 8.800040245056152 128 128 128
1.2408095598220825 -3.02858829498291 8.984857559204102 128 128 128
1.2951009273529053 -2.972095489501953 8.825016021728516 128 128 128
1.3180713653564453 -2.8558151721954346 8.484878540039062 128 128 128
1.3871304988861084 -2.857609510421753 8.48285961151123 128 128 128
1.4336903095245361 -2.8021953105926514 8.325716018676758 128 128 128
1.3834561109542847 -2.573826789855957 7.651679515838623 128 128 128
1.410361886024475 -2.5112526416778564 7.460870265960693 128 128 128
1.3988181352615356 -2.382974863052368 7.08139705657959 128 128 128
1.4124462604522705 -2.304380416870117 6.851646900177002 128 128 128
1.421005129814148 -2.218754529953003 6.606667518615723 128 128 128
1.6911810636520386 -1.583510398864746 4.71272087097168 128 128 128
1.7072713375091553 -1.5596894025802612 4.643394947052002 128 128 128
1.0835593938827515 -2.93446683883667 8.93130874633789 128 128 128
1.1426773071289062 -2.888092279434204 8.795940399169922 128 128 128
1.1591522693634033 -2.738429069519043 8.353551864624023 128 128 128
1.300891399383545 -2.9072799682617188 8.857908248901367 128 128 128
1.418869137763977 -2.9957427978515625 9.130876541137695 128 128 128
1.3781315088272095 -2.7546348571777344 8.40195083618164 128 128 128
1.4885493516921997 -2.6898272037506104 8.213397026062012 128 128 128
1.360660433769226 -1.6781426668167114 5.122745513916016 128 128 128
1.758604884147644 -1.6042609214782715 4.898174285888672 128 128 128
1.8068114519119263 -1.6080225706100464 4.911364555358887 128 128 128
1.2765984535217285 -2.9560155868530273 9.236237525939941 128 128 128
1.3178702592849731 -2.864899158477783 8.964025497436523 128 128 128
1.3707038164138794 -2.8217320442199707 8.82502555847168 128 128 128
1.4018065929412842 -2.729879140853882 8.546087265014648 128 128 128
1.4193955659866333 -2.6240627765655518 8.220420837402344 128 128 128
1.4490785598754883 -1.8531984090805054 5.813914775848389 128 128 128
1.6607626676559448 -1.8205233812332153 5.705144882202148 128 128 128
1.7017838954925537 -1.8091806173324585 5.673629283905029 128 128 128
1.695212483406067 -1.7528430223464966 5.496635913848877 128 128 128
1.6577801704406738 -1.7689381837844849 5.694073677062988 128 128 128
1.6757124662399292 -1.7328262329101562 5.583255767822266 128 128 128
1.7272685766220093 -1.7372900247573853 5.597214698791504 128 128 128
1.7523534297943115 -1.713855266571045 5.523225784301758 128 128 128
0.6035959124565125 -4.060643672943115 13.36644458770752 128 128 128
0.8746813535690308 -3.760815382003784 12.390547752380371 128 128 128
1.011573076248169 -3.4822592735290527 11.499594688415527 128 128 128
1.1139860153198242 -3.501737356185913 11.561860084533691 128 128 128
1.0986535549163818 -3.1689727306365967 10.46992301940918 128 128 128
1.3420084714889526 -1.8180285692214966 6.011285781860352 128 128 128
1.3215773105621338 -1.7186435461044312 5.690784454345703 128 128 128
1.6625467538833618 -1.7241746187210083 5.7066521644592285 128 128 128
1.7003345489501953 -1.709942102432251 5.663742542266846 128 128 128
0.49931856989860535 -4.016571521759033 13.598305702209473 128 128 128
0.5685474276542664 -3.7046616077423096 12.552125930786133 128 128 128
1.4605062007904053 -1.9187095165252686 6.532006740570068 128 128 128
1.7925947904586792 -1.8063689470291138 6.151043891906738 128 128 128
1.8135313987731934 -1.7709718942642212 6.036340236663818 128 128 128
0.5829001069068909 -3.670752763748169 12.815435409545898 128 128 128
0.9766889810562134 -2.005688428878784 7.026360988616943 128 128 128
1.4593791961669922 -2.0987648963928223 7.357924461364746 128 128 128
1.4785394668579102 -2.035081386566162 7.140348434448242 128 128 128
0.27433305978775024 -3.828972578048706 13.754240989685059 128 128 128
0.37952330708503723 -3.7306642532348633 13.39873218536377 128 128 128
0.8663305044174194 -2.118868350982666 7.639546871185303 128 128 128
0.9580546021461487 -2.1743879318237305 7.847468852996826 128 128 128
1.4095669984817505 -2.061011552810669 7.436895847320557 128 128 128
1.5247503519058228 -2.0357682704925537 7.361198902130127 128 128 128
1.566981554031372 -1.9323633909225464 6.989569187164307 128 128 128
1.811711072921753 -1.361201524734497 4.917924404144287 128 128 128
0.8055452108383179 -2.2545182704925537 8.37193489074707 128 128 128
0.8589657545089722 -2.1998772621154785 8.180957794189453 128 128 128
0.9197993874549866 -2.1708216667175293 8.084243774414062 128 128 128
1.438100814819336 -1.446523904800415 5.39540958404541 128 128 128
1.9811630249023438 -1.4438234567642212 5.3793206214904785 128 128 128
1.9307297468185425 -1.3734698295593262 5.118600368499756 128 128 128
0.5641151070594788 -2.345404624938965 8.997976303100586 128 128 128
0.8898489475250244 -2.197197675704956 8.447310447692871 128 128 128
1.0017473697662354 -2.1288442611694336 8.188333511352539 128 128 128
1.4489141702651978 -1.4556530714035034 5.6088433265686035 128 128 128
0.7046497464179993 -2.2319633960723877 8.851378440856934 128 128 128
0.7495687007904053 -2.1364126205444336 8.484042167663574 128 128 128
0.8107733130455017 -2.1144795417785645 8.39111328125 128 128 128
0.8561828136444092 -2.054351806640625 8.151698112487793 128 128 128
0.9532697796821594 -2.1162173748016357 8.398578643798828 128 128 128
1.0970909595489502 -1.5968871116638184 6.345244884490967 128 128 128
1.1133359670639038 -1.5462567806243896 6.1422834396362305 128 128 128
1.159867763519287 -1.5351306200027466 6.10413932800293 128 128 128
1.4556224346160889 -1.5215182304382324 6.04827356338501 128 128 128
1.473465085029602 -1.4831032752990723 5.90277624130249 128 128 128
1.8774933815002441 -1.226996660232544 4.875040531158447 128 128 128
1.8411736488342285 -1.176178216934204 4.673688888549805 128 128 128
0.6488935947418213 -2.203735589981079 9.059983253479004 128 128 128
0.7842473387718201 -2.156277656555176 8.864009857177734 128 128 128
1.0650200843811035 -1.5780128240585327 6.483109951019287 128 128 128
1.090378999710083 -1.5250190496444702 6.283061981201172 128 128 128
1.1265990734100342 -1.5018467903137207 6.188435077667236 128 128 128
1.8924182653427124 -1.1942754983901978 4.910427093505859 128 128 128
0.4578935503959656 -2.3291449546813965 9.912896156311035 128 128 128
0.7068886160850525 -2.0696210861206055 8.817828178405762 128 128 128
0.7931414842605591 -2.106698513031006 8.968879699707031 128 128 128
1.2001535892486572 -1.6267656087875366 6.932547569274902 128 128 128
1.8200050592422485 -1.1347109079360962 4.832267761230469 128 128 128
1.95156991481781 -1.1901789903640747 5.067615509033203 128 128 128
0.3751518726348877 -2.2534472942352295 9.945331573486328 128 128 128
0.453186571598053 -2.2316532135009766 9.843465805053711 128 128 128
0.5395961999893188 -2.2474887371063232 9.911823272705078 128 128 128
0.6120566129684448 -2.2034623622894287 9.721757888793945 128 128 128
0.7294719219207764 -2.0610339641571045 9.105547904968262 128 128 128
0.8647394180297852 -1.601244568824768 7.072727680206299 128 128 128
0.9201526045799255 -1.5902312994003296 7.029515266418457 128 128 128
0.945360541343689 -1.5321640968322754 6.7768635749816895 128 128 128
0.9983434677124023 -1.5288052558898926 6.756909370422363 128 128 128
1.0845283269882202 -1.4921542406082153 6.591940879821777 128 128 128
1.1262221336364746 -1.4677551984786987 6.494287967681885 128 128 128
2.0348105430603027 -1.1929072141647339 5.272280216217041 128 128 128
0.5368608832359314 -2.1522223949432373 9.858741760253906 128 128 128
0.634223461151123 -2.184688091278076 10.02574348449707 128 128 128
0.9731185436248779 -1.6183156967163086 7.431435585021973 128 128 128
1.0082470178604126 -1.5686815977096558 7.213986396789551 128 128 128
1.4379761219024658 -1.2115978002548218 5.568894863128662 128 128 128
1.4519764184951782 -1.1824108362197876 5.4383392333984375 128 128 128
0.3129920959472656 -2.2432026863098145 10.693965911865234 128 128 128
0.4859794080257416 -2.2011656761169434 10.50143051147461 128 128 128
0.9487165212631226 -1.6240553855895996 7.7531232833862305 128 128 128
1.007209062576294 -1.6068462133407593 7.681077003479004 128 128 128
1.05581533908844 -1.5762728452682495 7.545401573181152 128 128 128
1.1186656951904297 -1.1758900880813599 5.623451232910156 128 128 128
1.1811827421188354 -1.190320372581482 5.693535804748535 128 128 128
1.4113309383392334 -1.1827296018600464 5.653497695922852 128 128 128
1.5242761373519897 -1.1555390357971191 5.530114650726318 128 128 128
1.5743871927261353 -1.1567846536636353 5.5377583503723145 128 128 128
0.3125821352005005 -2.150484561920166 10.680703163146973 128 128 128
0.9635898470878601 -1.5835496187210083 7.875682830810547 128 128 128
1.0282038450241089 -1.5761224031448364 7.846749782562256 128 128 128
1.079298734664917 -1.5531346797943115 7.734259128570557 128 128 128
1.109635591506958 -1.4972652196884155 7.471386432647705 128 128 128
1.1566455364227295 -1.1666117906570435 5.813450336456299 128 128 128
1.58485746383667 -1.2270621061325073 6.122611045837402 128 128 128
1.6042935848236084 -0.9639705419540405 4.79716157913208 128 128 128
1.638023018836975 -0.9560415744781494 4.763898849487305 128 128 128
0.7859223484992981 -1.5630630254745483 8.109291076660156 128 128 128
0.9024651050567627 -1.5264792442321777 7.923296928405762 128 128 128
1.021919846534729 -1.500600814819336 7.797875881195068 128 128 128
1.0980409383773804 -1.5116525888442993 7.861146926879883 128 128 128
1.1001837253570557 -1.162946105003357 6.0468902587890625 128 128 128
1.1878105401992798 -1.1463276147842407 5.96540641784668 128 128 128
1.516742467880249 -1.1667888164520264 6.069401264190674 128 128 128
1.4004240036010742 -0.9479274153709412 4.931415557861328 128 128 128
1.4346237182617188 -0.9444513320922852 4.909840106964111 128 128 128
1.4646586179733276 -0.9342641234397888 4.862173557281494 128 128 128
1.678907036781311 -0.9407655000686646 4.889311790466309 128 128 128
1.8851650953292847 -0.9420577883720398 4.889403820037842 128 128 128
1.9286179542541504 -0.94256192445755 4.891824245452881 128 128 128
1.1147654056549072 -1.183325171470642 6.430924892425537 128 128 128
1.139251470565796 -1.148134708404541 6.2504706382751465 128 128 128
1.5097455978393555 -0.9760690927505493 5.312638759613037 128 128 128
1.6839876174926758 -0.9256353974342346 5.030396461486816 128 128 128
1.958032250404358 -0.9344881176948547 5.073633193969727 128 128 128
2.01141095161438 -0.938734769821167 5.096490859985352 128 128 128
0.28314417600631714 -1.705954909324646 9.686821937561035 128 128 128
0.8059430718421936 -1.592268466949463 9.069452285766602 128 128 128
0.8520194888114929 -1.53468656539917 8.74610710144043 128 128 128
1.1636499166488647 -1.1166456937789917 6.376253128051758 128 128 128
1.185320496559143 -0.9245358109474182 5.275073051452637 128 128 128
1.1989905834197998 -0.9014666080474854 5.142639636993408 128 128 128
1.2130467891693115 -0.8783482909202576 5.014636039733887 128 128 128
1.4142142534255981 -0.8995099663734436 5.13065767288208 128 128 128
0.645707368850708 -1.101906180381775 6.606696128845215 128 128 128
0.704107940196991 -1.1162952184677124 6.671234130859375 128 128 128
1.1535365581512451 -0.8902314305305481 5.33526611328125 128 128 128
1.1975964307785034 -0.8878104090690613 5.324616432189941 128 128 128
1.5371358394622803 -0.9292104840278625 5.571079254150391 128 128 128
1.5846073627471924 -0.9283283948898315 5.5677924156188965 128 128 128
1.5859662294387817 -0.7536852359771729 4.50744104385376 128 128 128
1.1881204843521118 -0.9076142907142639 5.724457740783691 128 128 128
1.2512043714523315 -0.9122947454452515 5.770415782928467 128 128 128
0.4777965843677521 -1.133063793182373 7.533092498779297 128 128 128
0.5243976712226868 -1.087875485420227 7.251605033874512 128 128 128
0.5781242251396179 -1.0715928077697754 7.14775276184082 128 128 128
0.6270745396614075 -1.0495057106018066 7.006643295288086 128 128 128
0.6898322105407715 -1.057045817375183 7.051785469055176 128 128 128
1.4080151319503784 -0.7005541920661926 4.6701436042785645 128 128 128
0.36325687170028687 -1.1098711490631104 7.813601970672607 128 128 128
0.48553338646888733 -1.0748621225357056 7.593885898590088 128 128 128
0.5545334815979004 -1.0855324268341064 7.666526794433594 128 128 128
0.6009467840194702 -1.0583845376968384 7.463108539581299 128 128 128
0.654223620891571 -1.0377458333969116 7.329755783081055 128 128 128
0.7037824392318726 -1.0201393365859985 7.204413890838623 128 128 128
0.7575438618659973 -1.0058469772338867 7.115875244140625 128 128 128
0.8611568212509155 -0.8726682662963867 6.1583027839660645 128 128 128
0.8888535499572754 -0.8424199223518372 5.965396881103516 128 128 128
1.2457304000854492 -0.8460264205932617 5.984185695648193 128 128 128
1.2598135471343994 -0.819394588470459 5.804231643676758 128 128 128
1.464515209197998 -0.7062989473342896 4.993103504180908 128 128 128
1.5091445446014404 -0.7071508765220642 4.999040126800537 128 128 128
1.7469946146011353 -0.7220552563667297 5.087591171264648 128 128 128
0.29530003666877747 -1.0415946245193481 7.7877678871154785 128 128 128
0.3683416247367859 -1.0534918308258057 7.89330530166626 128 128 128
0.4874347746372223 -1.0134432315826416 7.615577697753906 128 128 128
0.6654614806175232 -0.9894940853118896 7.439236640930176 128 128 128
0.8127655982971191 -0.8172854781150818 6.154271125793457 128 128 128
0.8472975492477417 -0.7999840974807739 6.026015758514404 128 128 128
1.2369028329849243 -0.704356849193573 5.295154571533203 128 128 128
1.4831080436706543 -0.6746165752410889 5.064226150512695 128 128 128
1.5098520517349243 -0.6658586263656616 5.0031843185424805 128 128 128
1.8074672222137451 -0.5999095439910889 4.485204219818115 128 128 128
0.17137272655963898 -1.0068364143371582 8.048650741577148 128 128 128
0.23827271163463593 -1.0079857110977173 8.049888610839844 128 128 128
0.38488322496414185 -1.0277533531188965 8.225955963134766 128 128 128
0.8015643954277039 -0.8063943982124329 6.483819007873535 128 128 128
1.6497464179992676 -0.5857462286949158 4.684268951416016 128 128 128
1.6576459407806396 -0.5741746425628662 4.592489719390869 128 128 128
1.7621994018554688 -0.5597347617149353 4.467490196228027 128 128 128
0.10477757453918457 -0.9696111679077148 8.295395851135254 128 128 128
0.17504481971263885 -0.9713647961616516 8.310198783874512 128 128 128
0.2406800538301468 -0.9444801211357117 8.0948486328125 128 128 128
0.3822598159313202 -0.9436752200126648 8.116944313049316 128 128 128
0.44373616576194763 -0.9270068407058716 7.977906703948975 128 128 128
0.4985879957675934 -0.9086690545082092 7.807859897613525 128 128 128
0.5497068762779236 -0.8765919804573059 7.555760860443115 128 128 128
0.7399751543998718 -0.7514463663101196 6.457348346710205 128 128 128
0.8385140299797058 -0.7414963841438293 6.373591899871826 128 128 128
1.1847461462020874 -0.6076688170433044 5.246179103851318 128 128 128
1.4075353145599365 -0.5269959568977356 4.533733367919922 128 128 128
1.5631017684936523 -0.5301560759544373 4.547431468963623 128 128 128
1.6305444240570068 -0.5389533638954163 4.624692916870117 128 128 128
0.1798521876335144 -0.8858857154846191 8.223012924194336 128 128 128
0.24699582159519196 -0.8870609998703003 8.216197967529297 128 128 128
0.746113657951355 -0.7025580406188965 6.50908899307251 128 128 128
0.8274598717689514 -0.7169386148452759 6.67782735824585 128 128 128
1.1885144710540771 -0.5889074802398682 5.475625991821289 128 128 128
1.2270119190216064 -0.5869476795196533 5.4483323097229 128 128 128
1.2093106508255005 -0.5009641647338867 4.656961917877197 128 128 128
1.4063266515731812 -0.5022028684616089 4.658139228820801 128 128 128
1.4493911266326904 -0.502832293510437 4.665765285491943 128 128 128
1.6565357446670532 -0.509335458278656 4.7054266929626465 128 128 128
1.5814458131790161 -0.4253036677837372 3.921642780303955 128 128 128
0.1119365394115448 -0.8571388721466064 8.598196983337402 128 128 128
0.18637113273143768 -0.865937352180481 8.68602466583252 128 128 128
0.25066077709198 -0.8310572504997253 8.345943450927734 128 128 128
0.3235335648059845 -0.8281631469726562 8.339437484741211 128 128 128
0.6708062887191772 -0.681780219078064 6.856719493865967 128 128 128
0.838067889213562 -0.558092474937439 5.625589370727539 128 128 128
0.8954951167106628 -0.5609565377235413 5.670661449432373 128 128 128
1.2080514430999756 -0.4762780964374542 4.806814193725586 128 128 128
1.2498828172683716 -0.47774046659469604 4.815300464630127 128 128 128
1.4370037317276 -0.47349852323532104 4.761636734008789 128 128 128
0.11383750289678574 -0.7923755049705505 8.68857479095459 128 128 128
0.1930859088897705 -0.7922844290733337 8.734428405761719 128 128 128
0.4672764241695404 -0.6653508543968201 7.306550025939941 128 128 128
0.5761359930038452 -0.6474987864494324 7.1163434982299805 128 128 128
0.6087968349456787 -0.6191187500953674 6.806135177612305 128 128 128
0.6746881008148193 -0.6219235062599182 6.860617160797119 128 128 128
0.8385538458824158 -0.5383017659187317 5.948418617248535 128 128 128
0.9091944694519043 -0.520070493221283 5.7515668869018555 128 128 128
0.9651930928230286 -0.5248824954032898 5.799274921417236 128 128 128
1.2147763967514038 -0.43969276547431946 4.840685844421387 128 128 128
1.2406272888183594 -0.43331658840179443 4.7760820388793945 128 128 128
1.3592591285705566 -0.38784733414649963 4.2608962059021 128 128 128
0.6278036236763 -0.5779398679733276 7.0086798667907715 128 128 128
0.9148914217948914 -0.4788944721221924 5.811470031738281 128 128 128
0.9504570364952087 -0.40637513995170593 4.950634956359863 128 128 128
0.998204231262207 -0.4089772403240204 4.980171203613281 128 128 128
1.2609801292419434 -0.41450461745262146 5.026638507843018 128 128 128
1.297312617301941 -0.41074416041374207 4.992239952087402 128 128 128
0.8508276343345642 -0.442735880613327 6.0230488777160645 128 128 128
0.9155806303024292 -0.3679720163345337 4.9919233322143555 128 128 128
0.9569311141967773 -0.36668622493743896 4.981100082397461 128 128 128
1.251662254333496 -0.38240334391593933 5.164694309234619 128 128 128
1.2093446254730225 -0.3343559801578522 4.514171123504639 128 128 128
1.2185250520706177 -0.3254028856754303 4.401511192321777 128 128 128
1.4024323225021362 -0.33548855781555176 4.519692420959473 128 128 128
1.4602007865905762 -0.33868882060050964 4.571484565734863 128 128 128
0.9465159773826599 -0.3555038273334503 5.424551486968994 128 128 128
0.9774137139320374 -0.3479711413383484 5.32869291305542 128 128 128
1.3003989458084106 -0.26143547892570496 3.9711930751800537 128 128 128
1.4825676679611206 -0.27101635932922363 4.103909969329834 128 128 128
1.5523970127105713 -0.2768101990222931 4.193615913391113 128 128 128
1.5872408151626587 -0.2772095203399658 4.1939802169799805 128 128 128
0.920581042766571 -0.3134155869483948 5.522931098937988 128 128 128
0.9510120153427124 -0.3079701066017151 5.4278388023376465 128 128 128
0.9664187431335449 -0.29809126257896423 5.2577409744262695 128 128 128
1.022009253501892 -0.3019503653049469 5.318223476409912 128 128 128
0.9478724598884583 -0.25964632630348206 4.546014785766602 128 128 128
1.2110060453414917 -0.26620227098464966 4.66234016418457 128 128 128
1.3235890865325928 -0.23832115530967712 4.151081562042236 128 128 128
1.3466250896453857 -0.23503458499908447 4.104584217071533 128 128 128
1.5841244459152222 -0.2410525232553482 4.182589530944824 128 128 128
0.3618966042995453 -0.31097033619880676 6.4267778396606445 128 128 128
0.6796247959136963 -0.2625410556793213 5.456198215484619 128 128 128
1.373558521270752 -0.21093273162841797 4.30678129196167 128 128 128
0.26421454548835754 -0.2756291925907135 6.815027236938477 128 128 128
0.4717774987220764 -0.254576712846756 6.408542633056641 128 128 128
1.0065422058105469 -0.20079092681407928 5.017964839935303 128 128 128
1.2024908065795898 -0.1756294071674347 4.3483567237854 128 128 128
1.4167084693908691 -0.17510004341602325 4.322268486022949 128 128 128
1.4665899276733398 -0.15839113295078278 3.876585006713867 128 128 128
0.20994868874549866 -0.21744713187217712 6.846273899078369 128 128 128
0.2590709626674652 -0.20909486711025238 6.601677417755127 128 128 128
0.3190094232559204 -0.20964008569717407 6.6546311378479 128 128 128
0.3775964081287384 -0.21043546497821808 6.687854766845703 128 128 128
0.6745252013206482 -0.18406960368156433 5.832077503204346 128 128 128
0.7055967450141907 -0.1765955090522766 5.657350540161133 128 128 128
0.9691334366798401 -0.16037029027938843 5.052988052368164 128 128 128
1.0626360177993774 -0.15925252437591553 5.070743560791016 128 128 128
1.1931127309799194 -0.141701340675354 4.446956634521484 128 128 128
1.3288995027542114 -0.12676796317100525 3.9498207569122314 128 128 128
1.4819568395614624 -0.1267092376947403 3.9132485389709473 128 128 128
0.20863112807273865 -0.15808115899562836 6.7865424156188965 128 128 128
0.2674611806869507 -0.15758086740970612 6.796899318695068 128 128 128
0.32181316614151 -0.15652906894683838 6.738766193389893 128 128 128
0.377285361289978 -0.15411552786827087 6.68280029296875 128 128 128
0.43258288502693176 -0.1523754596710205 6.643764495849609 128 128 128
0.5293868184089661 -0.13675455749034882 5.8788251876831055 128 128 128
0.6228993535041809 -0.13148730993270874 5.7775774002075195 128 128 128
1.0145885944366455 -0.12218806892633438 5.279351234436035 128 128 128
1.0068269968032837 -0.1027483195066452 4.446908950805664 128 128 128
1.0439510345458984 -0.10287084430456161 4.444764614105225 128 128 128
1.2566230297088623 -0.10661710798740387 4.540117263793945 128 128 128
1.2946341037750244 -0.10561306774616241 4.528462886810303 128 128 128
1.3414053916931152 -0.09660426527261734 4.089544773101807 128 128 128
0.15761031210422516 -0.10462842136621475 7.0531439781188965 128 128 128
0.21065549552440643 -0.1022365614771843 6.859087944030762 128 128 128
0.2704118490219116 -0.10019566863775253 6.841073513031006 128 128 128
0.4951677620410919 -0.08812265843153 6.040221691131592 128 128 128
0.5378848314285278 -0.08716876059770584 5.951914310455322 128 128 128
0.5826519727706909 -0.0859190970659256 5.888841152191162 128 128 128
0.6342218518257141 -0.08594520390033722 5.901309967041016 128 128 128
0.692399799823761 -0.0768197625875473 5.218754291534424 128 128 128
0.7403697371482849 -0.07593851536512375 5.230990886688232 128 128 128
0.7797736525535583 -0.07439166307449341 5.185940265655518 128 128 128
1.2071077823638916 -0.061475969851017 4.102272987365723 128 128 128
0.4927756190299988 -0.0381484292447567 6.027701377868652 128 128 128
0.5794375538825989 -0.0346621498465538 5.833276271820068 128 128 128
0.6961812973022461 -0.032873041927814484 5.244241714477539 128 128 128
1.199929118156433 -0.02809232845902443 4.205999374389648 128 128 128
0.1013803705573082 0.016064871102571487 7.116069793701172 128 128 128
0.7182750701904297 0.012950684875249863 5.391377925872803 128 128 128
0.7535666227340698 0.012973245233297348 5.314011573791504 128 128 128
0.9908292889595032 0.00966313760727644 4.7378034591674805 128 128 128
1.0455029010772705 0.009321190416812897 4.290486812591553 128 128 128
1.198994517326355 0.00881410762667656 4.317765712738037 128 128 128
1.2352906465530396 0.007623888086527586 4.328617095947266 128 128 128
1.2449367046356201 0.007601627614349127 4.233032703399658 128 128 128
1.374434232711792 0.00644814083352685 3.9791173934936523 128 128 128
0.5968819856643677 0.05869799107313156 5.563362121582031 128 128 128
0.6509221792221069 0.0605446994304657 5.600368499755859 128 128 128
0.697317361831665 0.06056981906294823 5.588456630706787 128 128 128
0.737247109413147 0.06036344915628433 5.524718761444092 128 128 128
0.7712808847427368 0.05296001955866814 4.851510524749756 128 128 128
0.805305004119873 0.052580881863832474 4.806211948394775 128 128 128
1.0217657089233398 0.04618753865361214 4.343408584594727 128 128 128
1.0491565465927124 0.04543280974030495 4.307097911834717 128 128 128
1.094382882118225 0.046152833849191666 4.3349833488464355 128 128 128
1.3743696212768555 0.039506927132606506 3.986346483230591 128 128 128
0.7737537026405334 0.0929526835680008 4.885349750518799 128 128 128
1.1843736171722412 0.07505183666944504 4.026383399963379 128 128 128
1.2057557106018066 0.07435762137174606 3.980133295059204 128 128 128
1.2204258441925049 0.073106549680233 3.9176716804504395 128 128 128
1.011198878288269 0.12202080339193344 4.468479633331299 128 128 128
1.2053378820419312 0.11084387451410294 4.097950458526611 128 128 128
0.8013792634010315 0.16407470405101776 4.561785697937012 128 128 128
1.0102628469467163 0.14849139750003815 4.1455230712890625 128 128 128
0.8641499876976013 0.2086709588766098 4.677623748779297 128 128 128
1.0158944129943848 0.1843412071466446 4.169642925262451 128 128 128
1.1449859142303467 0.16592282056808472 3.7826404571533203 128 128 128
0.48846378922462463 0.28442850708961487 5.337233543395996 128 128 128
0.5349478721618652 0.285000741481781 5.347323894500732 128 128 128
0.8381787538528442 0.22980530560016632 4.339895248413086 128 128 128
1.0436650514602661 0.22529342770576477 4.2875142097473145 128 128 128
1.1684376001358032 0.2018180936574936 3.859652519226074 128 128 128
1.0247420072555542 0.23967885971069336 3.9350829124450684 128 128 128
0.8158225417137146 0.30845052003860474 4.407194137573242 128 128 128
1.1277704238891602 0.2575089633464813 3.724600076675415 128 128 128
1.1471372842788696 0.2546675503253937 3.6784660816192627 128 128 128
1.1695373058319092 0.2525903880596161 3.6479880809783936 128 128 128
0.9891951680183411 0.3161381185054779 4.048370361328125 128 128 128
0.7163558602333069 -1.8411498069763184 4.696206092834473 128 128 128
0.5368372201919556 -1.7188384532928467 4.486964702606201 128 128 128
0.5130373239517212 -1.5358765125274658 4.0051069259643555 128 128 128
0.4820690453052521 -1.278241515159607 3.330627918243408 128 128 128
0.6371191143989563 -2.1378350257873535 5.702752590179443 128 128 128
0.563816487789154 -1.7608143091201782 4.694263935089111 128 128 128
0.8971545100212097 -1.1936063766479492 3.1653168201446533 128 128 128
0.2712866961956024 -2.210805892944336 6.05012845993042 128 128 128
0.3266249895095825 -2.242563009262085 6.136859893798828 128 128 128
0.6150534749031067 -1.2095603942871094 3.282695770263672 128 128 128
0.5159750580787659 -0.7931777834892273 2.1432838439941406 128 128 128
0.7421436309814453 -0.9954811334609985 2.6994545459747314 128 128 128
0.7240940928459167 -2.1511993408203125 5.994387626647949 128 128 128
0.7188883423805237 -1.9978692531585693 5.5638203620910645 128 128 128
0.6450614929199219 -1.6838984489440918 4.690266132354736 128 128 128
0.6203140020370483 -1.5267181396484375 4.2542572021484375 128 128 128
0.5508489608764648 -1.2830426692962646 3.5688533782958984 128 128 128
0.49585825204849243 -0.9117521643638611 2.531661033630371 128 128 128
0.47541114687919617 -0.8376708030700684 2.3199472427368164 128 128 128
0.406714528799057 -2.287053108215332 6.543214321136475 128 128 128
0.40984073281288147 -1.815431833267212 5.188892841339111 128 128 128
0.7484893202781677 -2.1675539016723633 6.184858798980713 128 128 128
0.7388308048248291 -2.000690221786499 5.711368083953857 128 128 128
0.6474023461341858 -1.5529054403305054 4.431573390960693 128 128 128
1.0726475715637207 -1.517351746559143 4.302540302276611 128 128 128
1.4980255365371704 -2.0487756729125977 5.814447402954102 128 128 128
0.17470259964466095 -2.939764976501465 8.59467601776123 128 128 128
0.24129535257816315 -2.8715245723724365 8.39356803894043 128 128 128
0.2933967709541321 -2.698970317840576 7.899863243103027 128 128 128
0.32780027389526367 -2.4591028690338135 7.1949310302734375 128 128 128
0.3633442223072052 -2.3010828495025635 6.7316508293151855 128 128 128
0.39620837569236755 -2.1730823516845703 6.347044944763184 128 128 128
0.4693180322647095 -2.0281589031219482 5.921223163604736 128 128 128
0.4166734218597412 -1.6280534267425537 4.7527971267700195 128 128 128
0.43800845742225647 -1.5604791641235352 4.56069278717041 128 128 128
1.0179866552352905 -1.405956506729126 4.086142063140869 128 128 128
1.0576930046081543 -1.2886943817138672 3.747809886932373 128 128 128
0.6559543609619141 -1.0712217092514038 3.1906321048736572 128 128 128
0.2981589734554291 -0.4186466634273529 1.2440305948257446 128 128 128
0.5099937319755554 -1.4721890687942505 4.504698276519775 128 128 128
0.8490389585494995 -2.1341168880462646 6.527780055999756 128 128 128
0.8191583752632141 -1.9336247444152832 5.914973258972168 128 128 128
0.5083805322647095 -2.2782955169677734 7.14646577835083 128 128 128
0.5232753753662109 -2.093848705291748 6.575209617614746 128 128 128
1.052460789680481 -1.3585072755813599 4.24041748046875 128 128 128
3.247702121734619 -4.051684856414795 12.659490585327148 128 128 128
0.4811760485172272 -2.097677230834961 6.759368896484375 128 128 128
3.350238084793091 -4.204266548156738 13.485368728637695 128 128 128
1.0575886964797974 -2.0727596282958984 6.818954944610596 128 128 128
0.9837505221366882 -1.827290654182434 6.015429496765137 128 128 128
0.418880820274353 -0.5142858624458313 1.746688723564148 128 128 128
0.43478164076805115 -0.6975616216659546 2.423456907272339 128 128 128
0.5330798625946045 -0.749016284942627 2.6081371307373047 128 128 128
0.5505520105361938 -0.7380747199058533 2.5774567127227783 128 128 128
0.2827603220939636 -1.462601661682129 5.2441558837890625 128 128 128
0.6570336222648621 -1.193816065788269 4.264268398284912 128 128 128
0.5915231108665466 -1.0175018310546875 3.639183282852173 128 128 128
0.7531666159629822 -1.0748730897903442 3.8501393795013428 128 128 128
0.4867989420890808 -1.0944815874099731 4.034209728240967 128 128 128
0.7236312031745911 -1.3503742218017578 4.972386837005615 128 128 128
0.6757934093475342 -1.1885236501693726 4.385000705718994 128 128 128
0.4187783896923065 -0.5307249426841736 1.9679820537567139 128 128 128
0.6320587396621704 -0.6614639759063721 2.45314359664917 128 128 128
0.4729684591293335 -1.3090463876724243 4.968181133270264 128 128 128
0.4586113393306732 -0.7070192694664001 2.6921803951263428 128 128 128
0.428447425365448 -0.6288290023803711 2.396836042404175 128 128 128
0.5025115013122559 -0.6444084644317627 2.4634461402893066 128 128 128
0.20548856258392334 -1.44841468334198 5.6657586097717285 128 128 128
0.23679089546203613 -1.3490978479385376 5.28672456741333 128 128 128
0.4342767000198364 -1.5848045349121094 6.210846424102783 128 128 128
0.46724289655685425 -0.9682509303092957 3.9144577980041504 128 128 128
0.5693004131317139 -0.9174444079399109 3.722921133041382 128 128 128
0.4858528673648834 -1.2375948429107666 5.168025970458984 128 128 128
0.5187197327613831 -1.2077679634094238 5.055436611175537 128 128 128
0.5289104580879211 -1.1384013891220093 4.767219543457031 128 128 128
0.4409768879413605 -0.6210667490959167 2.610726833343506 128 128 128
0.4806554913520813 -0.5111861824989319 2.170147180557251 128 128 128
0.22166380286216736 -1.1747612953186035 5.074053764343262 128 128 128
0.2435951828956604 -1.0809277296066284 4.6737589836120605 128 128 128
0.27614912390708923 -1.0539684295654297 4.561305046081543 128 128 128
0.4009070098400116 -0.6826263070106506 2.963008165359497 128 128 128
0.45909154415130615 -0.5909533500671387 2.5838968753814697 128 128 128
0.6021654605865479 -0.395705908536911 1.7048488855361938 128 128 128
0.13959543406963348 -1.1653660535812378 5.219438076019287 128 128 128
0.18068867921829224 -1.1424907445907593 5.125839710235596 128 128 128
0.38322848081588745 -0.7236149311065674 3.2476894855499268 128 128 128
0.43263229727745056 -0.4458567202091217 2.0367720127105713 128 128 128
0.44295334815979004 -0.43596938252449036 1.994402527809143 128 128 128
0.41439664363861084 -0.8074125647544861 3.7726237773895264 128 128 128
0.33503854274749756 -0.4976353943347931 2.3365440368652344 128 128 128
0.4156941771507263 -0.4970674216747284 2.3464014530181885 128 128 128
0.4622018337249756 -0.47983410954475403 2.275751829147339 128 128 128
0.36737939715385437 -0.3103906214237213 1.4766751527786255 128 128 128
0.46303361654281616 -0.3438328206539154 1.6262519359588623 128 128 128
0.21983233094215393 -0.8963720798492432 4.32556676864624 128 128 128
0.24704614281654358 -0.8654327988624573 4.177918910980225 128 128 128
0.25841954350471497 -0.7896479368209839 3.820228338241577 128 128 128
0.3782408833503723 -0.34362635016441345 1.7033900022506714 128 128 128
0.4175178110599518 -0.33858469128608704 1.678148627281189 128 128 128
0.5802069902420044 -0.4020117223262787 1.9786558151245117 128 128 128
0.7585615515708923 -0.4154876172542572 1.9996048212051392 128 128 128
0.19910039007663727 -0.9350018501281738 4.703836441040039 128 128 128
0.2947900593280792 -0.6357682943344116 3.205599784851074 128 128 128
0.40221819281578064 -0.678770899772644 3.4355344772338867 128 128 128
0.38739773631095886 -0.6053991913795471 3.076075553894043 128 128 128
0.4224258065223694 -0.36862680315971375 1.9066054821014404 128 128 128
0.5755544304847717 -0.35299888253211975 1.7992498874664307 128 128 128
0.724502682685852 -0.40473049879074097 2.047653913497925 128 128 128
0.2763366997241974 -0.6314220428466797 3.3193676471710205 128 128 128
0.2876330018043518 -0.5919142961502075 3.124528408050537 128 128 128
0.4090823531150818 -0.4329342544078827 2.3201122283935547 128 128 128
0.41910427808761597 -0.4189489781856537 2.2539188861846924 128 128 128
0.41637447476387024 -0.2992423176765442 1.6178948879241943 128 128 128
0.517756998538971 -0.3284839391708374 1.763031005859375 128 128 128
0.263714075088501 -0.6387953758239746 3.5178329944610596 128 128 128
0.3608993887901306 -0.4875849485397339 2.7078475952148438 128 128 128
0.6629092693328857 -0.3381419777870178 1.8701263666152954 128 128 128
0.3563743233680725 -0.48890581727027893 2.849580764770508 128 128 128
0.3633086085319519 -0.33099254965782166 1.9582726955413818 128 128 128
0.4452224373817444 -0.33779704570770264 2.0101890563964844 128 128 128
0.4621110260486603 -0.27395278215408325 1.6202691793441772 128 128 128
0.23240654170513153 -0.5880255103111267 3.549621343612671 128 128 128
0.25250372290611267 -0.5666227340698242 3.4237704277038574 128 128 128
0.3891465365886688 -0.3559742271900177 2.2096447944641113 128 128 128
0.40124765038490295 -0.3472899794578552 2.1630659103393555 128 128 128
0.44590866565704346 -0.2765560746192932 1.7321971654891968 128 128 128
0.5441723465919495 -0.2980106472969055 1.8541655540466309 128 128 128
0.2581581473350525 -0.5487813353538513 3.500779867172241 128 128 128
0.26618459820747375 -0.5052480101585388 3.2332394123077393 128 128 128
0.40600302815437317 -0.2774152159690857 1.8349013328552246 128 128 128
0.3986970782279968 -0.2611216604709625 1.728196620941162 128 128 128
0.6094146370887756 -0.27258047461509705 1.7565844058990479 128 128 128
0.0847761482000351 -0.5477091073989868 3.655569076538086 128 128 128
0.2484121322631836 -0.4097331464290619 2.766446590423584 128 128 128
0.26016703248023987 -0.38802027702331543 2.6341612339019775 128 128 128
0.35988596081733704 -0.27885743975639343 1.941546082496643 128 128 128
0.41017043590545654 -0.2275874763727188 1.5941184759140015 128 128 128
0.4720100164413452 -0.23785623908042908 1.6574753522872925 128 128 128
0.4989606738090515 -0.24441905319690704 1.700954794883728 128 128 128
0.2496330589056015 -0.4303255081176758 3.074995279312134 128 128 128
0.26165446639060974 -0.40392979979515076 2.9029576778411865 128 128 128
0.3130131661891937 -0.2849878668785095 2.0865378379821777 128 128 128
0.38801276683807373 -0.22559237480163574 1.680605173110962 128 128 128
0.5561579465866089 -0.22111102938652039 1.6026935577392578 128 128 128
0.10405998677015305 -0.44860270619392395 3.374953508377075 128 128 128
0.2501426041126251 -0.3047671914100647 2.343588352203369 128 128 128
0.3266712725162506 -0.2974974811077118 2.3145623207092285 128 128 128
0.3603302240371704 -0.23570257425308228 1.8620949983596802 128 128 128
0.4152103662490845 -0.2368035912513733 1.880617618560791 128 128 128
0.4877986013889313 -0.2474503219127655 1.967124342918396 128 128 128
0.5228334665298462 -0.2088087946176529 1.6303315162658691 128 128 128
0.10587985068559647 -0.4261903464794159 3.432526111602783 128 128 128
0.13083802163600922 -0.4186467230319977 3.367496967315674 128 128 128
0.24808372557163239 -0.3098503649234772 2.53725004196167 128 128 128
0.2594616711139679 -0.2977933883666992 2.4441699981689453 128 128 128
0.39851370453834534 -0.18200862407684326 1.5497089624404907 128 128 128
0.43212059140205383 -0.190590962767601 1.619686484336853 128 128 128
0.5483994483947754 -0.21508996188640594 1.8099336624145508 128 128 128
0.5501086711883545 -0.19150300323963165 1.584936261177063 128 128 128
0.5876119136810303 -0.2002595067024231 1.6519341468811035 128 128 128
0.6454728245735168 -0.20737174153327942 1.6906801462173462 128 128 128
0.05131135880947113 -0.4404681622982025 3.779811143875122 128 128 128
0.07940787822008133 -0.42013800144195557 3.6141507625579834 128 128 128
0.15595923364162445 -0.32446104288101196 2.815749406814575 128 128 128
0.17315028607845306 -0.3095495402812958 2.7002978324890137 128 128 128
0.24458540976047516 -0.3136855661869049 2.7491867542266846 128 128 128
0.6196614503860474 -0.1965155154466629 1.7394437789916992 128 128 128
0.34824779629707336 -0.18135681748390198 1.7940644025802612 128 128 128
0.39678481221199036 -0.18109272420406342 1.7995575666427612 128 128 128
0.4745634198188782 -0.16390928626060486 1.6154707670211792 128 128 128
0.17710019648075104 -0.2406989485025406 2.466132164001465 128 128 128
0.400640070438385 -0.15409187972545624 1.6735652685165405 128 128 128
0.4574909210205078 -0.15837937593460083 1.7151360511779785 128 128 128
0.49450016021728516 -0.1449328064918518 1.5431187152862549 128 128 128
0.3182942569255829 -0.18333831429481506 2.1353416442871094 128 128 128
0.45706701278686523 -0.1315382719039917 1.5572421550750732 128 128 128
0.5686103701591492 -0.13429749011993408 1.5194716453552246 128 128 128
0.15449118614196777 -0.2316998839378357 2.844134569168091 128 128 128
0.24464276432991028 -0.18438495695590973 2.3232836723327637 128 128 128
0.2586931586265564 -0.17885121703147888 2.2672793865203857 128 128 128
0.29777616262435913 -0.14515797793865204 1.8857619762420654 128 128 128
0.3040376305580139 -0.13912242650985718 1.8181244134902954 128 128 128
0.4256463348865509 -0.12050812691450119 1.5979714393615723 128 128 128
0.18545211851596832 -0.16728352010250092 2.3284358978271484 128 128 128
0.2939317226409912 -0.13608378171920776 1.974776268005371 128 128 128
0.33228710293769836 -0.10974203795194626 1.6355085372924805 128 128 128
0.4515998959541321 -0.10394854843616486 1.5352827310562134 128 128 128
0.4824087917804718 -0.10302693396806717 1.5056509971618652 128 128 128
0.1656131148338318 -0.16989058256149292 2.6512622833251953 128 128 128
0.25046616792678833 -0.12566381692886353 2.0435988903045654 128 128 128
0.4252771735191345 -0.0934167429804802 1.594555139541626 128 128 128
0.4791977107524872 -0.096485435962677 1.6337425708770752 128 128 128
0.16276822984218597 -0.1284109354019165 2.3140904903411865 128 128 128
0.1819280982017517 -0.1259184628725052 2.2946419715881348 128 128 128
0.29438942670822144 -0.09649191051721573 1.868874430656433 128 128 128
0.43651241064071655 -0.08211014419794083 1.6386058330535889 128 128 128
0.47939252853393555 -0.07708491384983063 1.4946542978286743 128 128 128
0.24358925223350525 -0.08909150958061218 1.9956722259521484 128 128 128
0.3345196545124054 -0.06877575069665909 1.646187663078308 128 128 128
0.5393743515014648 -0.06562633067369461 1.4409672021865845 128 128 128
0.18280473351478577 -0.07948782294988632 2.1017632484436035 128 128 128
0.23732125759124756 -0.07643631100654602 2.0940263271331787 128 128 128
0.29464685916900635 -0.0652492567896843 1.8756009340286255 128 128 128
0.3584342300891876 -0.05167728289961815 1.5617965459823608 128 128 128
0.42529478669166565 -0.05306973680853844 1.597514033317566 128 128 128
0.49914228916168213 -0.05310019478201866 1.5114789009094238 128 128 128
0.07118263095617294 -0.08302389085292816 2.609896659851074 128 128 128
0.1765778809785843 -0.06554985046386719 2.2360053062438965 128 128 128
0.254424124956131 -0.052464015781879425 1.9378461837768555 128 128 128
0.44076821208000183 -0.03792880102992058 1.503459095954895 128 128 128
0.029016008600592613 -0.06899135559797287 2.868483781814575 128 128 128
0.08332309871912003 -0.054725632071495056 2.3639204502105713 128 128 128
0.2879878580570221 -0.03022347390651703 1.7315502166748047 128 128 128
0.5021888613700867 -0.027264021337032318 1.442368745803833 128 128 128
0.18332742154598236 -0.025593971833586693 2.1079540252685547 128 128 128
0.2371208518743515 -0.018990350887179375 1.8209714889526367 128 128 128
0.2949085235595703 -0.016063451766967773 1.77568781375885 128 128 128
0.37508392333984375 -0.012211596593260765 1.5739294290542603 128 128 128
0.3359266221523285 0.0004831307742279023 1.663021445274353 128 128 128
0.36919620633125305 0.014046680182218552 1.5453894138336182 128 128 128
0.2543829083442688 0.02831904962658882 1.8221765756607056 128 128 128
0.3249415457248688 0.027620460838079453 1.6081546545028687 128 128 128
0.3881995975971222 0.02538463845849037 1.4591237306594849 128 128 128
0.1944667100906372 0.04223799332976341 1.8690646886825562 128 128 128
0.3666941523551941 0.03981955721974373 1.5346285104751587 128 128 128
0.39817771315574646 0.04930910840630531 1.4453238248825073 128 128 128
0.442560076713562 0.04909832030534744 1.4618231058120728 128 128 128
0.19006867706775665 0.07237794250249863 1.8239123821258545 128 128 128
0.28283238410949707 0.07766974717378616 1.5331718921661377 128 128 128
0.2904195189476013 0.09319529682397842 1.578621745109558 128 128 128
0.3187350332736969 0.10245160758495331 1.508195161819458 128 128 128
0.31125542521476746 0.1250724047422409 1.475292444229126 128 128 128
0.42162302136421204 0.11739616096019745 1.3929858207702637 128 128 128
0.3270252048969269 -0.5871633887290955 1.798836350440979 128 128 128
0.4797784686088562 -0.5398571491241455 1.7839488983154297 128 128 128
0.5075868964195251 -0.5363314747810364 1.7794004678726196 128 128 128
0.368465393781662 -0.546187698841095 1.820893406867981 128 128 128
0.4646793603897095 -0.5295668244361877 1.791977882385254 128 128 128
0.4784250259399414 -0.5272989273071289 1.788454532623291 128 128 128
0.5203773379325867 -0.5230375528335571 1.783111572265625 128 128 128
0.53360915184021 -0.5213157534599304 1.779409408569336 128 128 128
0.5468120574951172 -0.5191754102706909 1.775251030921936 128 128 128
0.5606361031532288 -0.5176888704299927 1.773254156112671 128 128 128
0.5744212865829468 -0.5154538154602051 1.7703766822814941 128 128 128
0.850177526473999 -0.509601891040802 1.7789989709854126 128 128 128
0.3666679561138153 -0.5314741730690002 1.8223536014556885 128 128 128
0.5073035955429077 -0.5127183198928833 1.79534113407135 128 128 128
0.5210018157958984 -0.5109267830848694 1.7922800779342651 128 128 128
0.5339467525482178 -0.5082494020462036 1.7865830659866333 128 128 128
0.5477656126022339 -0.5072361826896667 1.784891963005066 128 128 128
0.5605221390724182 -0.5041868686676025 1.7786297798156738 128 128 128
0.5735176205635071 -0.5019779801368713 1.773999571800232 128 128 128
0.5874550342559814 -0.5014083981513977 1.7732502222061157 128 128 128
0.320412278175354 -0.5210023522377014 1.824784278869629 128 128 128
0.3353944718837738 -0.5191616415977478 1.8242504596710205 128 128 128
0.44697368144989014 -0.5026369094848633 1.7967654466629028 128 128 128
0.460382878780365 -0.5001590847969055 1.79189932346344 128 128 128
0.5026572346687317 -0.4959215223789215 1.7869080305099487 128 128 128
0.5443141460418701 -0.4919351041316986 1.7811082601547241 128 128 128
0.5586129426956177 -0.49115273356437683 1.780773639678955 128 128 128
0.5728141665458679 -0.4904336929321289 1.7802859544754028 128 128 128
0.7554031610488892 -0.48057183623313904 1.7692601680755615 128 128 128
0.2615353465080261 -0.5177299380302429 1.845725655555725 128 128 128
0.3190482258796692 -0.506609320640564 1.828276515007019 128 128 128
0.403560996055603 -0.4929206371307373 1.8062500953674316 128 128 128
0.417938232421875 -0.4924484193325043 1.8063395023345947 128 128 128
0.4456740915775299 -0.48943689465522766 1.8009639978408813 128 128 128
0.5572473406791687 -0.4783232808113098 1.7843469381332397 128 128 128
0.5854480266571045 -0.4753611087799072 1.7810637950897217 128 128 128
0.6000884175300598 -0.4747886657714844 1.7815909385681152 128 128 128
0.6975975036621094 -0.4691966474056244 1.773328423500061 128 128 128
0.31759893894195557 -0.4938240945339203 1.8344202041625977 128 128 128
0.38888564705848694 -0.48195889592170715 1.8164088726043701 128 128 128
0.4024072289466858 -0.4799082577228546 1.8116310834884644 128 128 128
0.41659268736839294 -0.47904592752456665 1.8105030059814453 128 128 128
0.5289438962936401 -0.46788808703422546 1.7938109636306763 128 128 128
0.570467472076416 -0.4643152356147766 1.787610650062561 128 128 128
0.610649049282074 -0.45952725410461426 1.7776750326156616 128 128 128
0.6959744095802307 -0.45549988746643066 1.7747756242752075 128 128 128
0.40010136365890503 -0.4660884439945221 1.8127176761627197 128 128 128
0.5273985862731934 -0.454235702753067 1.7962946891784668 128 128 128
0.5413125157356262 -0.4526352882385254 1.793773889541626 128 128 128
0.5554683804512024 -0.45202383399009705 1.7930150032043457 128 128 128
0.6116558909416199 -0.4470450282096863 1.7863034009933472 128 128 128
0.6250544190406799 -0.4456787109375 1.7832201719284058 128 128 128
0.6973775029182434 -0.4437042772769928 1.7839064598083496 128 128 128
0.38402965664863586 -0.45200228691101074 1.8145220279693604 128 128 128
0.5956457853317261 -0.434463232755661 1.7889288663864136 128 128 128
0.19679716229438782 -0.4715181887149811 1.8822153806686401 128 128 128
0.25554051995277405 -0.4598008692264557 1.8612817525863647 128 128 128
0.31556108593940735 -0.4545077383518219 1.8596749305725098 128 128 128
0.32957547903060913 -0.4521940350532532 1.854264259338379 128 128 128
0.608176589012146 -0.42000290751457214 1.7898086309432983 128 128 128
0.6962053179740906 -0.4183717668056488 1.7930378913879395 128 128 128
0.2973014712333679 -0.43904420733451843 1.8535678386688232 128 128 128
0.3114670515060425 -0.43688666820526123 1.8489046096801758 128 128 128
0.3839385211467743 -0.42831236124038696 1.836578369140625 128 128 128
0.3988983631134033 -0.42640554904937744 1.8354101181030273 128 128 128
0.4132888913154602 -0.4252108335494995 1.8336602449417114 128 128 128
0.6093159914016724 -0.40787211060523987 1.7994478940963745 128 128 128
0.6231744289398193 -0.40674540400505066 1.7972332239151 128 128 128
0.6373708248138428 -0.40624991059303284 1.796450138092041 128 128 128
0.33798786997795105 -0.4164584279060364 1.8394320011138916 128 128 128
0.3523252308368683 -0.41581758856773376 1.8383162021636963 128 128 128
0.3674456477165222 -0.41423144936561584 1.8381404876708984 128 128 128
0.3956789970397949 -0.4107494652271271 1.8311363458633423 128 128 128
0.4101128578186035 -0.41056889295578003 1.8310754299163818 128 128 128
0.44742628931999207 -0.4014790654182434 1.8021353483200073 128 128 128
0.6352254152297974 -0.3921733498573303 1.7966804504394531 128 128 128
0.7077182531356812 -0.39065051078796387 1.7965847253799438 128 128 128
0.3505474925041199 -0.40078338980674744 1.8395103216171265 128 128 128
0.36479640007019043 -0.3987463414669037 1.8357367515563965 128 128 128
0.3801881670951843 -0.3995554447174072 1.8402384519577026 128 128 128
0.6195899844169617 -0.37968549132347107 1.800471544265747 128 128 128
0.6342728137969971 -0.37960708141326904 1.8010770082473755 128 128 128
0.6488361954689026 -0.37911590933799744 1.8009554147720337 128 128 128
0.23503237962722778 -0.4052872955799103 1.8868283033370972 128 128 128
0.2501099109649658 -0.4043460190296173 1.886757493019104 128 128 128
0.33430758118629456 -0.3889506459236145 1.8460558652877808 128 128 128
0.6200236678123474 -0.3665285110473633 1.807538628578186 128 128 128
0.6957966685295105 -0.3666639029979706 1.814892292022705 128 128 128
0.7083879113197327 -0.36516764760017395 1.8094332218170166 128 128 128
0.7181249856948853 -0.36221960186958313 1.7970026731491089 128 128 128
0.8428543210029602 -0.36509937047958374 1.8155219554901123 128 128 128
0.21730421483516693 -0.39060094952583313 1.884415864944458 128 128 128
0.2770410478115082 -0.38345062732696533 1.8750112056732178 128 128 128
0.29152223467826843 -0.38165777921676636 1.8710917234420776 128 128 128
0.31731632351875305 -0.37385010719299316 1.8444182872772217 128 128 128
0.33163920044898987 -0.37322908639907837 1.8430016040802002 128 128 128
0.34617069363594055 -0.371521919965744 1.840455174446106 128 128 128
0.6328005790710449 -0.3531259000301361 1.8095567226409912 128 128 128
0.6476454138755798 -0.35203883051872253 1.8092597723007202 128 128 128
0.7071628570556641 -0.3525341749191284 1.8128447532653809 128 128 128
0.21533845365047455 -0.37602508068084717 1.8874783515930176 128 128 128
0.25924021005630493 -0.36845171451568604 1.871291995048523 128 128 128
0.2740648090839386 -0.3682515025138855 1.871998906135559 128 128 128
0.28900763392448425 -0.36744868755340576 1.8718448877334595 128 128 128
0.541597306728363 -0.34064361453056335 1.8055461645126343 128 128 128
0.5571089386940002 -0.3393539786338806 1.8069109916687012 128 128 128
0.5712464451789856 -0.33879584074020386 1.805605411529541 128 128 128
0.6464447975158691 -0.3389994502067566 1.8126307725906372 128 128 128
0.662213921546936 -0.3386135697364807 1.815000295639038 128 128 128
0.2569599151611328 -0.3543076813220978 1.873261570930481 128 128 128
0.41525283455848694 -0.33606427907943726 1.8350948095321655 128 128 128
0.42937102913856506 -0.3346562087535858 1.8318705558776855 128 128 128
0.4438796043395996 -0.33433133363723755 1.831473708152771 128 128 128
0.5412059426307678 -0.3270246386528015 1.8109583854675293 128 128 128
0.5548542737960815 -0.3261077404022217 1.8078596591949463 128 128 128
0.8029236197471619 -0.3220228850841522 1.8067691326141357 128 128 128
0.2550039291381836 -0.3401814103126526 1.8766957521438599 128 128 128
0.31303003430366516 -0.3314635753631592 1.857810616493225 128 128 128
0.32825177907943726 -0.3316470980644226 1.8606832027435303 128 128 128
0.34302905201911926 -0.3302190899848938 1.8588263988494873 128 128 128
0.38342201709747314 -0.32278552651405334 1.8349634408950806 128 128 128
0.3987298607826233 -0.3232213854789734 1.8384337425231934 128 128 128
0.41329172253608704 -0.3223743140697479 1.8373018503189087 128 128 128
0.4277897775173187 -0.32131800055503845 1.8356684446334839 128 128 128
0.4424121081829071 -0.32067766785621643 1.8350441455841064 128 128 128
0.4563109278678894 -0.31851208209991455 1.8301044702529907 128 128 128
0.48565617203712463 -0.31808289885520935 1.8303862810134888 128 128 128
0.5538227558135986 -0.313034325838089 1.8121522665023804 128 128 128
0.6456540822982788 -0.31264764070510864 1.822873830795288 128 128 128
0.804177463054657 -0.30951353907585144 1.8144630193710327 128 128 128
0.2968809902667999 -0.3199062645435333 1.867016077041626 128 128 128
0.3811935782432556 -0.3094322681427002 1.836918592453003 128 128 128
0.395707905292511 -0.3078923225402832 1.8345648050308228 128 128 128
0.41065797209739685 -0.3067135512828827 1.8342896699905396 128 128 128
0.42463958263397217 -0.30715227127075195 1.8331868648529053 128 128 128
0.46966713666915894 -0.3052845299243927 1.8349065780639648 128 128 128
0.4837605059146881 -0.304204523563385 1.832032322883606 128 128 128
0.49979257583618164 -0.30427852272987366 1.8363286256790161 128 128 128
0.5145252346992493 -0.303547203540802 1.835715413093567 128 128 128
0.8052407503128052 -0.2976122498512268 1.822393536567688 128 128 128
0.8178422451019287 -0.2957911491394043 1.8167786598205566 128 128 128
0.2938898205757141 -0.3040739893913269 1.8620209693908691 128 128 128
0.32385990023612976 -0.3022140860557556 1.8615763187408447 128 128 128
0.42383795976638794 -0.29265859723091125 1.837844729423523 128 128 128
0.4842737913131714 -0.29177039861679077 1.8428013324737549 128 128 128
0.49937018752098083 -0.29146629571914673 1.8436425924301147 128 128 128
0.8023644089698792 -0.283506840467453 1.820809245109558 128 128 128
0.16313619911670685 -0.3119756877422333 1.9424118995666504 128 128 128
0.2502444088459015 -0.29660940170288086 1.8900253772735596 128 128 128
0.4962136745452881 -0.27654626965522766 1.8402081727981567 128 128 128
0.5112254619598389 -0.27521848678588867 1.8395061492919922 128 128 128
0.8028018474578857 -0.2697713375091553 1.8260388374328613 128 128 128
0.4952186048030853 -0.262321799993515 1.844075083732605 128 128 128
0.5253726840019226 -0.26102399826049805 1.8444806337356567 128 128 128
0.819644570350647 -0.2571703791618347 1.8353385925292969 128 128 128
0.1870787888765335 -0.27383002638816833 1.9129581451416016 128 128 128
0.27461907267570496 -0.26192212104797363 1.8768397569656372 128 128 128
0.2901057302951813 -0.26195216178894043 1.8803690671920776 128 128 128
0.30585840344429016 -0.2613071799278259 1.8834120035171509 128 128 128
0.37677979469299316 -0.25333717465400696 1.8571290969848633 128 128 128
0.5922853946685791 -0.24359416961669922 1.82832670211792 128 128 128
0.6072750091552734 -0.2431263029575348 1.8285739421844482 128 128 128
0.6697702407836914 -0.2440527379512787 1.8379889726638794 128 128 128
0.7560027241706848 -0.24278900027275085 1.8306788206100464 128 128 128
0.8192340731620789 -0.24392423033714294 1.839322566986084 128 128 128
0.16905860602855682 -0.2584303915500641 1.9069201946258545 128 128 128
0.28818339109420776 -0.24654409289360046 1.880879282951355 128 128 128
0.3035755157470703 -0.24674469232559204 1.8839765787124634 128 128 128
0.343538761138916 -0.23968420922756195 1.852095127105713 128 128 128
0.35903826355934143 -0.23936696350574493 1.8549611568450928 128 128 128
0.374382346868515 -0.239187553524971 1.8572019338607788 128 128 128
0.40531373023986816 -0.23859654366970062 1.861637830734253 128 128 128
0.5777272582054138 -0.2310740053653717 1.836356282234192 128 128 128
0.7550671100616455 -0.23036576807498932 1.834565281867981 128 128 128
0.22842130064964294 -0.23877616226673126 1.9076265096664429 128 128 128
0.244369775056839 -0.23812828958034515 1.9115699529647827 128 128 128
0.25515079498291016 -0.23259979486465454 1.8766084909439087 128 128 128
0.34231722354888916 -0.22613941133022308 1.85814368724823 128 128 128
0.3575352132320404 -0.22487089037895203 1.8580297231674194 128 128 128
0.37275388836860657 -0.2246399074792862 1.8595874309539795 128 128 128
0.3879013955593109 -0.22483035922050476 1.8613829612731934 128 128 128
0.4029921591281891 -0.2239340841770172 1.8611046075820923 128 128 128
0.5921704173088074 -0.21769022941589355 1.8421251773834229 128 128 128
0.6040838956832886 -0.21581588685512543 1.8323948383331299 128 128 128
0.7059685587882996 -0.21515122056007385 1.8278604745864868 128 128 128
0.7696043848991394 -0.2161892205476761 1.8381333351135254 128 128 128
0.44061291217803955 -0.20570673048496246 1.8394255638122559 128 128 128
0.5901073217391968 -0.20338775217533112 1.842193365097046 128 128 128
0.26893508434295654 -0.2041894942522049 1.8981597423553467 128 128 128
0.45294633507728577 -0.19090545177459717 1.8379905223846436 128 128 128
0.468170166015625 -0.19000454246997833 1.8385270833969116 128 128 128
0.4839915633201599 -0.1899455487728119 1.842053771018982 128 128 128
0.6173404455184937 -0.1889975666999817 1.8409702777862549 128 128 128
0.641846776008606 -0.18727029860019684 1.8258867263793945 128 128 128
0.7213559746742249 -0.18886403739452362 1.8402037620544434 128 128 128
0.16113771498203278 -0.19850890338420868 1.9186668395996094 128 128 128
0.25105634331703186 -0.18905073404312134 1.893821358680725 128 128 128
0.26723524928092957 -0.18997210264205933 1.9028651714324951 128 128 128
0.30861854553222656 -0.18494243919849396 1.8746368885040283 128 128 128
0.32473811507225037 -0.18409933149814606 1.8790276050567627 128 128 128
0.4526824951171875 -0.17698954045772552 1.8450899124145508 128 128 128
0.46809759736061096 -0.17646585404872894 1.8465784788131714 128 128 128
0.4839515686035156 -0.17662982642650604 1.8503031730651855 128 128 128
0.6169199347496033 -0.17526796460151672 1.8458696603775024 128 128 128
0.6591005325317383 -0.17463646829128265 1.8386601209640503 128 128 128
0.7067119479179382 -0.17606043815612793 1.8468916416168213 128 128 128
0.2054380625486374 -0.17987681925296783 1.9190707206726074 128 128 128
0.2207554429769516 -0.1792723536491394 1.919048547744751 128 128 128
0.23292574286460876 -0.17549684643745422 1.8911951780319214 128 128 128
0.24899922311306 -0.17562825977802277 1.89851975440979 128 128 128
0.30598169565200806 -0.1702149212360382 1.8723862171173096 128 128 128
0.3216204047203064 -0.16955643892288208 1.874954104423523 128 128 128
0.3374720513820648 -0.1699298620223999 1.8801442384719849 128 128 128
0.35310861468315125 -0.16889816522598267 1.8814265727996826 128 128 128
0.4493992030620575 -0.16336464881896973 1.8418902158737183 128 128 128
0.46541959047317505 -0.16271187365055084 1.845396637916565 128 128 128
0.4812086820602417 -0.16216185688972473 1.8480180501937866 128 128 128
0.5353590846061707 -0.16037890315055847 1.8297091722488403 128 128 128
0.6549986004829407 -0.16017292439937592 1.8330230712890625 128 128 128
0.7198226451873779 -0.1615854650735855 1.8468974828720093 128 128 128
0.1583641618490219 -0.1687972992658615 1.9360005855560303 128 128 128
0.1871243417263031 -0.16547557711601257 1.9139076471328735 128 128 128
0.3036314845085144 -0.1552676558494568 1.8709524869918823 128 128 128
0.39374804496765137 -0.1512683480978012 1.8677332401275635 128 128 128
0.4637073278427124 -0.14956457912921906 1.8483326435089111 128 128 128
0.4795612096786499 -0.14909668266773224 1.8512077331542969 128 128 128
0.535464346408844 -0.14702114462852478 1.837304711341858 128 128 128
0.6552019119262695 -0.14663325250148773 1.8392333984375 128 128 128
0.7262489199638367 -0.14755447208881378 1.83157217502594 128 128 128
0.7422125339508057 -0.14749042689800262 1.8339567184448242 128 128 128
0.3885924220085144 -0.13665853440761566 1.8548845052719116 128 128 128
0.4037684500217438 -0.13679133355617523 1.8564854860305786 128 128 128
0.41945740580558777 -0.13647496700286865 1.8592782020568848 128 128 128
0.43550899624824524 -0.13586801290512085 1.8628140687942505 128 128 128
0.4630354940891266 -0.13564318418502808 1.8539481163024902 128 128 128
0.47873491048812866 -0.13492397964000702 1.855805516242981 128 128 128
0.5664504170417786 -0.13335852324962616 1.8479379415512085 128 128 128
0.6379833221435547 -0.1338215321302414 1.839697003364563 128 128 128
0.655086874961853 -0.13313975930213928 1.844728708267212 128 128 128
0.7424700260162354 -0.13415271043777466 1.8396228551864624 128 128 128
0.1838369369506836 -0.13576681911945343 1.9250634908676147 128 128 128
0.30218011140823364 -0.12658749520778656 1.8876540660858154 128 128 128
0.37180987000465393 -0.12277878820896149 1.856453776359558 128 128 128
0.38744887709617615 -0.1222977340221405 1.8591032028198242 128 128 128
0.4037700593471527 -0.12215359508991241 1.8648682832717896 128 128 128
0.4191872179508209 -0.1226792261004448 1.867562174797058 128 128 128
0.47620075941085815 -0.12065694481134415 1.8542619943618774 128 128 128
0.4918445646762848 -0.12083758413791656 1.8569718599319458 128 128 128
0.5342035293579102 -0.11940067261457443 1.8470944166183472 128 128 128
0.7444940805435181 -0.12140319496393204 1.8499785661697388 128 128 128
0.15004269778728485 -0.12040260434150696 1.9112718105316162 128 128 128
0.16556811332702637 -0.12059836089611053 1.9167938232421875 128 128 128
0.28494277596473694 -0.11223214119672775 1.8880558013916016 128 128 128
0.30059200525283813 -0.1123020276427269 1.891770601272583 128 128 128
0.3155299127101898 -0.11239492893218994 1.8913463354110718 128 128 128
0.5071552991867065 -0.10752851516008377 1.8663848638534546 128 128 128
0.5224912166595459 -0.10647580772638321 1.8660194873809814 128 128 128
0.5469791889190674 -0.10653228312730789 1.8482195138931274 128 128 128
0.5620819330215454 -0.10529455542564392 1.8473018407821655 128 128 128
0.653542160987854 -0.1071191281080246 1.8533036708831787 128 128 128
0.6671408414840698 -0.10584944486618042 1.848259687423706 128 128 128
0.6929208040237427 -0.10619962960481644 1.8378239870071411 128 128 128
0.7425205111503601 -0.10701655596494675 1.8495967388153076 128 128 128
0.1628890335559845 -0.10457126796245575 1.9089329242706299 128 128 128
0.26676100492477417 -0.09776889532804489 1.8822778463363647 128 128 128
0.28254106640815735 -0.0983433872461319 1.8884636163711548 128 128 128
0.3247641324996948 -0.09564687311649323 1.868226408958435 128 128 128
0.340948224067688 -0.09575561434030533 1.874775767326355 128 128 128
0.35636231303215027 -0.09471455961465836 1.8750261068344116 128 128 128
0.3720608055591583 -0.09469626098871231 1.8782204389572144 128 128 128
0.4003549814224243 -0.09418652951717377 1.8696366548538208 128 128 128
0.5037211775779724 -0.09301838278770447 1.861364483833313 128 128 128
0.6944547891616821 -0.09303750842809677 1.847333312034607 128 128 128
0.2074775993824005 -0.08727378398180008 1.9150079488754272 128 128 128
0.35403966903686523 -0.08073236793279648 1.8749192953109741 128 128 128
0.3695141077041626 -0.07999255508184433 1.8758465051651 128 128 128
0.5442273616790771 -0.07837744057178497 1.8524138927459717 128 128 128
0.6028112173080444 -0.07900568097829819 1.84866201877594 128 128 128
0.6668809056282043 -0.07933904230594635 1.8595075607299805 128 128 128
0.2050991952419281 -0.07292016595602036 1.9153423309326172 128 128 128
0.24935221672058105 -0.06963255256414413 1.8979804515838623 128 128 128
0.2652021646499634 -0.06948942691087723 1.9026685953140259 128 128 128
0.33633479475975037 -0.06727121025323868 1.8736943006515503 128 128 128
0.35271626710891724 -0.06688494235277176 1.8799169063568115 128 128 128
0.36791908740997314 -0.06688590347766876 1.8805744647979736 128 128 128
0.3833926022052765 -0.06614149361848831 1.8811414241790771 128 128 128
0.45243313908576965 -0.06385713815689087 1.8520921468734741 128 128 128
0.5747398734092712 -0.06524796038866043 1.8611454963684082 128 128 128
0.599881649017334 -0.06452528387308121 1.8453272581100464 128 128 128
0.6156267523765564 -0.06478548049926758 1.8477435111999512 128 128 128
0.6908904910087585 -0.06636309623718262 1.8492480516433716 128 128 128
0.14196020364761353 -0.06131620705127716 1.9243731498718262 128 128 128
0.23053628206253052 -0.05559935420751572 1.887909173965454 128 128 128
0.2464083433151245 -0.055233195424079895 1.8932075500488281 128 128 128
0.2624858617782593 -0.05453379452228546 1.8983893394470215 128 128 128
0.3051530420780182 -0.052534069865942 1.8782461881637573 128 128 128
0.5077981352806091 -0.05009385943412781 1.8437778949737549 128 128 128
0.5995466709136963 -0.05088439956307411 1.8505045175552368 128 128 128
0.6159239411354065 -0.051189225167036057 1.8546839952468872 128 128 128
0.7079243063926697 -0.052149176597595215 1.858820915222168 128 128 128
0.2283322662115097 -0.0404580757021904 1.8860023021697998 128 128 128
0.28710484504699707 -0.03915226832032204 1.8747912645339966 128 128 128
0.30342820286750793 -0.03894899785518646 1.8823531866073608 128 128 128
0.3189941942691803 -0.03915761411190033 1.8856334686279297 128 128 128
0.33537864685058594 -0.03798206150531769 1.8903728723526 128 128 128
0.5068823099136353 -0.036818984895944595 1.848435401916504 128 128 128
0.6899887323379517 -0.03880857676267624 1.8571501970291138 128 128 128
0.300771027803421 -0.024665383622050285 1.879327654838562 128 128 128
0.31698504090309143 -0.024039307609200478 1.8848432302474976 128 128 128
0.3326706290245056 -0.02396971918642521 1.8878964185714722 128 128 128
0.41835567355155945 -0.023015113547444344 1.8625749349594116 128 128 128
0.46209853887557983 -0.023022906854748726 1.8570195436477661 128 128 128
0.5195467472076416 -0.02342735044658184 1.847885251045227 128 128 128
0.61236971616745 -0.02434029057621956 1.8567458391189575 128 128 128
0.6546945571899414 -0.024073883891105652 1.8478419780731201 128 128 128
0.7805445194244385 -0.02688528038561344 1.861712098121643 128 128 128
0.1202402263879776 -0.016180478036403656 1.9242581129074097 128 128 128
0.13628511130809784 -0.0158818569034338 1.9347366094589233 128 128 128
0.2263394296169281 -0.011741639114916325 1.9060356616973877 128 128 128
0.24218986928462982 -0.011859948746860027 1.9115369319915771 128 128 128
0.2583823502063751 -0.011474917642772198 1.9174816608428955 128 128 128
0.3420964777469635 -0.00903740432113409 1.867166519165039 128 128 128
0.4325806796550751 -0.009215428493916988 1.8681883811950684 128 128 128
0.47631484270095825 -0.008557017892599106 1.8610122203826904 128 128 128
0.5182741284370422 -0.008543293923139572 1.8491634130477905 128 128 128
0.6126484870910645 -0.0103203896433115 1.863286018371582 128 128 128
0.7291839122772217 -0.012855962850153446 1.8521174192428589 128 128 128
0.7831798195838928 -0.013197112828493118 1.8724712133407593 128 128 128
0.11753885447978973 -0.001731298747472465 1.9187891483306885 128 128 128
0.28401973843574524 0.003773254109546542 1.8967047929763794 128 128 128
0.33924299478530884 0.004578910768032074 1.8638070821762085 128 128 128
0.35495468974113464 0.005394496489316225 1.8661491870880127 128 128 128
0.3704569935798645 0.004882306791841984 1.8693876266479492 128 128 128
0.4305049479007721 0.005202070809900761 1.8674664497375488 128 128 128
0.5170772075653076 0.0040064319036901 1.8534640073776245 128 128 128
0.5332209467887878 0.004164592362940311 1.8570281267166138 128 128 128
0.6522754430770874 0.002619589678943157 1.8525470495224 128 128 128
0.6681340336799622 0.00293680839240551 1.8542276620864868 128 128 128
0.7457136511802673 0.0012009121710434556 1.8598183393478394 128 128 128
0.1465061902999878 0.01565041020512581 1.9175399541854858 128 128 128
0.16244886815547943 0.015376555733382702 1.9279130697250366 128 128 128
0.2812765836715698 0.018325233832001686 1.8920365571975708 128 128 128
0.3530917465686798 0.01882714405655861 1.8683199882507324 128 128 128
0.3694130480289459 0.019688725471496582 1.8733692169189453 128 128 128
0.5486295223236084 0.018045222386717796 1.8646830320358276 128 128 128
0.5900036692619324 0.0176828783005476 1.8516464233398438 128 128 128
0.6523145437240601 0.016367856413125992 1.8580504655838013 128 128 128
0.7444499731063843 0.014458824880421162 1.8616801500320435 128 128 128
0.14425887167453766 0.0305505208671093 1.9157007932662964 128 128 128
0.15991689264774323 0.030676711350679398 1.9210855960845947 128 128 128
0.1892794817686081 0.03156782686710358 1.905057430267334 128 128 128
0.20511017739772797 0.03139164671301842 1.912072777748108 128 128 128
0.2793694734573364 0.032223183661699295 1.8944076299667358 128 128 128
0.3828599154949188 0.033158186823129654 1.8761698007583618 128 128 128
0.47199755907058716 0.03219335526227951 1.8690441846847534 128 128 128
0.48855748772621155 0.032948486506938934 1.8734718561172485 128 128 128
0.5158146023750305 0.03167860954999924 1.8631155490875244 128 128 128
0.5458807945251465 0.03208748996257782 1.8616604804992676 128 128 128
0.5751654505729675 0.03120434284210205 1.8590402603149414 128 128 128
0.6524409651756287 0.029441526159644127 1.8644856214523315 128 128 128
0.731644868850708 0.02807498164474964 1.8729119300842285 128 128 128
0.23172788321971893 0.04672619700431824 1.8939299583435059 128 128 128
0.24716965854167938 0.047122254967689514 1.895155668258667 128 128 128
0.2631966471672058 0.047655440866947174 1.900260090827942 128 128 128
0.3205984830856323 0.04681400954723358 1.879063606262207 128 128 128
0.33715495467185974 0.04761003330349922 1.8858489990234375 128 128 128
0.35320350527763367 0.04824022576212883 1.8893887996673584 128 128 128
0.5461012721061707 0.046176183968782425 1.868870735168457 128 128 128
0.5715135931968689 0.04443974420428276 1.8537824153900146 128 128 128
0.6147295236587524 0.044185589998960495 1.8471364974975586 128 128 128
0.31908687949180603 0.0615769624710083 1.8810831308364868 128 128 128
0.3348834812641144 0.06205058470368385 1.8839101791381836 128 128 128
0.5713558197021484 0.0588747002184391 1.858771800994873 128 128 128
0.614066481590271 0.05684445798397064 1.851771593093872 128 128 128
0.13852259516716003 0.07477390766143799 1.9266817569732666 128 128 128
0.16803230345249176 0.07521610707044601 1.9088969230651855 128 128 128
0.2709561884403229 0.07512058317661285 1.8775943517684937 128 128 128
0.2872471809387207 0.0761415883898735 1.8837640285491943 128 128 128
0.4033876359462738 0.07430889457464218 1.858594298362732 128 128 128
0.490938276052475 0.07342156022787094 1.8472254276275635 128 128 128
0.5708993077278137 0.07156208157539368 1.8646597862243652 128 128 128
0.6137783527374268 0.07089831680059433 1.8561861515045166 128 128 128
0.6912578344345093 0.06861340254545212 1.861961841583252 128 128 128
0.1949831247329712 0.08946384489536285 1.8930763006210327 128 128 128
0.2841273546218872 0.08960610628128052 1.8772600889205933 128 128 128
0.3003182113170624 0.09029137343168259 1.883087158203125 128 128 128
0.3575980067253113 0.08892478793859482 1.8649665117263794 128 128 128
0.4019976854324341 0.08780926465988159 1.8617972135543823 128 128 128
0.4189179837703705 0.0885586217045784 1.869264841079712 128 128 128
0.44688892364501953 0.08777793496847153 1.859514594078064 128 128 128
0.508025050163269 0.08712629973888397 1.8622233867645264 128 128 128
0.6910540461540222 0.08216345310211182 1.8664543628692627 128 128 128
0.1932690143585205 0.10390797257423401 1.8967225551605225 128 128 128
0.28285595774650574 0.10313207656145096 1.8840047121047974 128 128 128
0.29911065101623535 0.10413613170385361 1.8892470598220825 128 128 128
0.3715563714504242 0.1032809317111969 1.8684883117675781 128 128 128
0.38833388686180115 0.1033974289894104 1.8767764568328857 128 128 128
0.4326523244380951 0.10199059545993805 1.871942400932312 128 128 128
0.45957067608833313 0.1007293164730072 1.8580763339996338 128 128 128
0.504863977432251 0.0999554991722107 1.8582236766815186 128 128 128
0.5220320820808411 0.10070692002773285 1.8648749589920044 128 128 128
0.5484265089035034 0.09906010329723358 1.8519736528396606 128 128 128
0.6121008396148682 0.0977410227060318 1.8627947568893433 128 128 128
0.10069540143013 0.11770346015691757 1.913469672203064 128 128 128
0.11664646118879318 0.11837417632341385 1.9260728359222412 128 128 128
0.25086772441864014 0.1181589737534523 1.885007619857788 128 128 128
0.3696271777153015 0.11643103510141373 1.8696974515914917 128 128 128
0.41487228870391846 0.11626610904932022 1.8681519031524658 128 128 128
0.431497722864151 0.11644498258829117 1.8745746612548828 128 128 128
0.4602702558040619 0.11484221369028091 1.8688116073608398 128 128 128
0.5033015012741089 0.11390332132577896 1.858993411064148 128 128 128
0.5194487571716309 0.11333144456148148 1.8632904291152954 128 128 128
0.5323610901832581 0.11235658824443817 1.8556979894638062 128 128 128
0.5478301048278809 0.11226847767829895 1.8567861318588257 128 128 128
0.3389444947242737 0.13116362690925598 1.8780649900436401 128 128 128
0.35547804832458496 0.13201813399791718 1.8842452764511108 128 128 128
0.3678043484687805 0.1297796368598938 1.871052861213684 128 128 128
0.38378772139549255 0.1307891458272934 1.8736034631729126 128 128 128
0.4769415855407715 0.129465252161026 1.8817232847213745 128 128 128
0.5023983716964722 0.12708644568920135 1.8632560968399048 128 128 128
0.6550273299217224 0.12374075502157211 1.865563154220581 128 128 128
0.3206782341003418 0.1441911906003952 1.872390866279602 128 128 128
0.33699777722358704 0.14512695372104645 1.8778010606765747 128 128 128
0.5191746950149536 0.1414455771446228 1.8754968643188477 128 128 128
0.5457801222801208 0.13997024297714233 1.8618172407150269 128 128 128
0.5726920962333679 0.13784803450107574 1.8513330221176147 128 128 128
0.5886438488960266 0.13843372464179993 1.8532614707946777 128 128 128
0.6527858376502991 0.13734973967075348 1.8639482259750366 128 128 128
0.27242210507392883 0.15845175087451935 1.8647758960723877 128 128 128
0.28865131735801697 0.1589641124010086 1.8723267316818237 128 128 128
0.3907204568386078 0.15546360611915588 1.8536531925201416 128 128 128
0.43575677275657654 0.15492498874664307 1.8526978492736816 128 128 128
0.5883609056472778 0.15166831016540527 1.858469009399414 128 128 128
0.30286306142807007 0.1728772073984146 1.879086971282959 128 128 128
0.38846489787101746 0.16883964836597443 1.8516685962677002 128 128 128
0.4053247272968292 0.16969773173332214 1.8594838380813599 128 128 128
0.4791310429573059 0.1674489974975586 1.852581262588501 128 128 128
0.5892524123191833 0.1653045415878296 1.8673293590545654 128 128 128
0.2849401533603668 0.18596956133842468 1.8746157884597778 128 128 128
0.4325285851955414 0.1815970242023468 1.8549998998641968 128 128 128
0.477884978055954 0.1812647432088852 1.8543858528137207 128 128 128
0.5864778757095337 0.17849597334861755 1.86393141746521 128 128 128
0.35601606965065 0.19734258949756622 1.8578300476074219 128 128 128
0.4028681814670563 0.19710813462734222 1.8652470111846924 128 128 128
0.44760945439338684 0.19553865492343903 1.8622417449951172 128 128 128
0.49318310618400574 0.19452042877674103 1.862371802330017 128 128 128
0.5218939781188965 0.1933613419532776 1.8561619520187378 128 128 128
0.35516202449798584 0.2115357220172882 1.8626686334609985 128 128 128
0.40098702907562256 0.2107386589050293 1.8645864725112915 128 128 128
0.6301460862159729 0.2037562131881714 1.868381142616272 128 128 128
0.49079668521881104 0.22158274054527283 1.8666964769363403 128 128 128
0.6302741169929504 0.21788515150547028 1.8734595775604248 128 128 128
0.6288660764694214 0.23163701593875885 1.8737876415252686 128 128 128
0.49782779812812805 -0.6734627485275269 2.282949924468994 128 128 128
0.5214924812316895 -0.6632939577102661 2.2964937686920166 128 128 128
0.5015665292739868 -0.6299998760223389 2.2659144401550293 128 128 128
0.5157628655433655 -0.6255419254302979 2.3136065006256104 128 128 128
0.6109258532524109 -0.6721115708351135 2.6173555850982666 128 128 128
0.12529319524765015 -0.2888454496860504 1.560452938079834 128 128 128
0.1398768275976181 -0.2622322738170624 1.56717050075531 128 128 128
0.1285565346479416 -0.25584670901298523 1.5880517959594727 128 128 128
0.13975194096565247 -0.2526274621486664 1.5646742582321167 128 128 128
0.5195218920707703 -0.23035192489624023 1.4470610618591309 128 128 128
0.4178531765937805 -0.1759057343006134 1.1659401655197144 128 128 128
0.5084372758865356 -0.006204947363585234 1.7399555444717407 128 128 128
0.521098792552948 0.008503152057528496 1.7900885343551636 128 128 128
0.015357272699475288 0.24325497448444366 -0.3228045403957367 128 128 128
0.011866134591400623 0.2383497804403305 -0.3133593797683716 128 128 128
-0.0164081621915102 0.10038150101900101 -0.13500607013702393 128 128 128
-0.016442932188510895 0.09077689051628113 -0.1202901303768158 128 128 128
0.05370461940765381 -0.11356186866760254 0.11787985265254974 128 128 128
0.1071404293179512 -0.1154927909374237 0.26532846689224243 128 128 128
0.1487603634595871 -0.07030376046895981 0.48173609375953674 128 128 128
0.003502709325402975 0.15046553313732147 0.7496408820152283 128 128 128
0.11303974688053131 0.08006533980369568 0.4320579767227173 128 128 128
0.11748075485229492 0.0760960504412651 0.4326796233654022 128 128 128
0.029750557616353035 0.3237277865409851 0.32689645886421204 128 128 128
0.708807110786438 -0.5595737099647522 2.024373769760132 128 128 128
0.4193662405014038 -0.3563743829727173 1.8003215789794922 128 128 128
0.15138766169548035 -0.2646231949329376 1.7465260028839111 128 128 128
1.12459135055542 -0.5931337475776672 3.813652515411377 128 128 128
0.12567979097366333 -0.22717855870723724 1.7629417181015015 128 128 128
0.6386977434158325 -0.1745917797088623 2.130751609802246 128 128 128
0.4141148626804352 -0.09964680671691895 1.5058529376983643 128 128 128
0.5394050478935242 0.007877860218286514 1.3531574010849 128 128 128
0.36693665385246277 0.08040713518857956 1.8564910888671875 128 128 128
0.3669677674770355 0.09393636882305145 1.859999656677246 128 128 128
0.3796084225177765 0.09289316087961197 1.8457586765289307 128 128 128
0.21878507733345032 0.1260160654783249 1.6891340017318726 128 128 128
0.2659774720668793 0.13168476521968842 1.6385524272918701 128 128 128
0.2595106065273285 -0.6754190325737 1.8076831102371216 128 128 128
0.2553519606590271 -0.6840229034423828 1.872951865196228 128 128 128
0.5013789534568787 -0.7685293555259705 2.069234609603882 128 128 128
0.27535369992256165 -0.48606789112091064 1.3545451164245605 128 128 128
0.41900789737701416 -0.6683481335639954 1.846366286277771 128 128 128
0.3138696849346161 -0.47857865691185 1.412712812423706 128 128 128
-0.12298561632633209 0.2796291410923004 -1.2302886247634888 128 128 128
-0.15372461080551147 0.30605265498161316 -1.6180016994476318 128 128 128
1.4857423305511475 -1.412733554840088 10.549880027770996 128 128 128
0.8902326822280884 -0.33635494112968445 2.278761863708496 128 128 128
1.0319422483444214 -0.2584764361381531 2.982374429702759 128 128 128
